#
# There is insufficient memory for the Java Runtime Environment to continue.
# Native memory allocation (malloc) failed to allocate 1047616 bytes. Error detail: Chunk::new
# Possible reasons:
#   The system is out of physical RAM or swap space
#   This process is running with CompressedOops enabled, and the Java Heap may be blocking the growth of the native heap
# Possible solutions:
#   Reduce memory load on the system
#   Increase physical memory or swap space
#   Check if swap backing store is full
#   Decrease Java heap size (-Xmx/-Xms)
#   Decrease number of Java threads
#   Decrease Java thread stack sizes (-Xss)
#   Set larger code cache with -XX:ReservedCodeCacheSize=
#   JVM is running with Unscaled Compressed Oops mode in which the Java heap is
#     placed in the first 4GB address space. The Java Heap base address is the
#     maximum limit for the native heap growth. Please use -XX:HeapBaseMinAddress
#     to set the Java Heap base and to place the Java Heap above 4GB virtual address.
# This output file may be truncated or incomplete.
#
#  Out of Memory Error (arena.cpp:168), pid=13708, tid=4128
#
# JRE version: OpenJDK Runtime Environment (21.0.8) (build 21.0.8+-14196175-b1038.72)
# Java VM: OpenJDK 64-Bit Server VM (21.0.8+-14196175-b1038.72, mixed mode, tiered, compressed oops, compressed class ptrs, g1 gc, windows-amd64)
# No core dump will be written. Minidumps are not enabled by default on client versions of Windows
#

---------------  S U M M A R Y ------------

Command Line: --add-opens=java.base/java.lang=ALL-UNNAMED --add-opens=java.base/java.lang.invoke=ALL-UNNAMED --add-opens=java.base/java.util=ALL-UNNAMED --add-opens=java.prefs/java.util.prefs=ALL-UNNAMED --add-exports=jdk.compiler/com.sun.tools.javac.api=ALL-UNNAMED --add-exports=jdk.compiler/com.sun.tools.javac.util=ALL-UNNAMED --add-opens=java.base/java.util=ALL-UNNAMED --add-opens=java.prefs/java.util.prefs=ALL-UNNAMED --add-opens=java.base/java.nio.charset=ALL-UNNAMED --add-opens=java.base/java.net=ALL-UNNAMED --add-opens=java.base/java.util.concurrent=ALL-UNNAMED --add-opens=java.base/java.util.concurrent.atomic=ALL-UNNAMED --add-opens=java.xml/javax.xml.namespace=ALL-UNNAMED --add-opens=java.base/java.time=ALL-UNNAMED -Xmx1024m -Dfile.encoding=UTF-8 -Duser.country=IN -Duser.language=en -Duser.variant -javaagent:C:\Users\twist\.gradle\wrapper\dists\gradle-9.1.0-bin\9agqghryom9wkf8r80qlhnts3\gradle-9.1.0\lib\agents\gradle-instrumentation-agent-9.1.0.jar org.gradle.launcher.daemon.bootstrap.GradleDaemon 9.1.0

Host: 12th Gen Intel(R) Core(TM) i5-12500H, 16 cores, 15G,  Windows 11 , 64 bit Build 26100 (10.0.26100.7705)
Time: Mon Feb  9 23:33:00 2026 India Standard Time elapsed time: 238.452161 seconds (0d 0h 3m 58s)

---------------  T H R E A D  ---------------

Current thread (0x00000221613d2f10):  JavaThread "C2 CompilerThread3" daemon [_thread_in_native, id=4128, stack(0x00000034ef400000,0x00000034ef500000) (1024K)]


Current CompileTask:
C2:238452 22066   !   4       java.nio.file.Files::walkFileTree (297 bytes)

Stack: [0x00000034ef400000,0x00000034ef500000]
Native frames: (J=compiled Java code, j=interpreted, Vv=VM code, C=native code)
V  [jvm.dll+0x6d68d9]
V  [jvm.dll+0x866693]
V  [jvm.dll+0x868c4e]
V  [jvm.dll+0x869333]
V  [jvm.dll+0x280566]
V  [jvm.dll+0xc07cd]
V  [jvm.dll+0xc0d03]
V  [jvm.dll+0x2f5970]
V  [jvm.dll+0x5ff719]
V  [jvm.dll+0x252362]
V  [jvm.dll+0x25271f]
V  [jvm.dll+0x24aec5]
V  [jvm.dll+0x24871e]
V  [jvm.dll+0x1c73a4]
V  [jvm.dll+0x257f9e]
V  [jvm.dll+0x2564e6]
V  [jvm.dll+0x3f4696]
V  [jvm.dll+0x80eac8]
V  [jvm.dll+0x6d512d]
C  [ucrtbase.dll+0x37b0]
C  [KERNEL32.DLL+0x2e8d7]
C  [ntdll.dll+0x8c40c]


---------------  P R O C E S S  ---------------

Threads class SMR info:
_java_thread_list=0x000002216d0e9800, length=159, elements={
0x0000022142f2b750, 0x0000022159df7000, 0x0000022159df9bd0, 0x0000022159dfa240,
0x0000022159e257a0, 0x0000022159e29e20, 0x0000022159e2a490, 0x0000022159e10e20,
0x0000022159e13c40, 0x0000022159e14bc0, 0x000002215a2da480, 0x00000221603a2930,
0x00000221606eaa60, 0x0000022160731640, 0x00000221607ac340, 0x00000221607ac9d0,
0x00000221607aaf90, 0x00000221639e3b20, 0x00000221639e6910, 0x00000221639e4840,
0x00000221639e41b0, 0x00000221639e8350, 0x00000221639e7630, 0x0000022163da7490,
0x0000022163da5a50, 0x0000022164d64640, 0x0000022164d66da0, 0x0000022164d65360,
0x000002215fcf9dc0, 0x000002216b76e640, 0x000002216b76dfb0, 0x000002216b76f360,
0x000002216b770080, 0x000002216b76ecd0, 0x000002216b770710, 0x000002216b76d290,
0x000002216b770da0, 0x000002216b76d920, 0x000002216b772150, 0x000002216b774220,
0x000002216b7748b0, 0x000002216b771430, 0x000002216b771ac0, 0x000002216b774f40,
0x000002216b773500, 0x000002216b773b90, 0x0000022165f762d0, 0x0000022165f75c00,
0x00000221613d2f10, 0x000002216b7755d0, 0x000002216b7727e0, 0x000002216b775c60,
0x000002216b7762f0, 0x000002216b772e70, 0x000002216b625a50, 0x000002215a3c8da0,
0x000002215a3c7930, 0x000002216b776980, 0x000002216b7783c0, 0x000002216b77a490,
0x000002216b779770, 0x000002216b777010, 0x000002216b778a50, 0x000002216b77ab20,
0x000002216b7776a0, 0x000002216b77bed0, 0x000002216b77b1b0, 0x000002216b77b840,
0x000002216b0bef00, 0x000002216b0bf590, 0x000002216b0be1e0, 0x000002216b0c02b0,
0x000002216b0c0fd0, 0x000002216b0c2a10, 0x000002216b0c1660, 0x000002216b0bfc20,
0x000002216b0c4450, 0x000002216b0c3dc0, 0x000002216b0c4ae0, 0x000002216b0c5800,
0x000002216b0c6bb0, 0x000002216b0c5170, 0x000002216b0c3730, 0x000002216b0c7240,
0x000002216b0c5e90, 0x000002216b0c8c80, 0x000002216b0c78d0, 0x000002216b0c99a0,
0x000002216b0ca030, 0x000002216b0c7f60, 0x000002216b0cba70, 0x000002216b0cc790,
0x000002216b0c9310, 0x00000221646efd70, 0x00000221646ef050, 0x00000221646ee9c0,
0x00000221646f0400, 0x00000221646ed610, 0x00000221646ecf80, 0x00000221646f0a90,
0x00000221646f1120, 0x00000221646edca0, 0x00000221646f3f10, 0x00000221646f1e40,
0x00000221646f24d0, 0x00000221646f31f0, 0x00000221646f45a0, 0x00000221646f17b0,
0x00000221646f2b60, 0x00000221646f3880, 0x0000022166102120, 0x00000221661006e0,
0x00000221661034d0, 0x00000221661041f0, 0x0000022166100d70, 0x0000022166101400,
0x0000022166103b60, 0x0000022166101a90, 0x0000022166104880, 0x00000221661055a0,
0x0000022166105c30, 0x00000221661027b0, 0x0000022166102e40, 0x0000022166106950,
0x0000022166107670, 0x0000022166107d00, 0x00000221661062c0, 0x0000022163f91af0,
0x0000022163f8e670, 0x0000022163f900b0, 0x0000022163f90dd0, 0x0000022163f92180,
0x0000022163f8fa20, 0x0000022163f8ed00, 0x0000022163f94f70, 0x0000022164d66080,
0x0000022164d66710, 0x0000022164d659f0, 0x0000022164d63920, 0x0000022164d63fb0,
0x00000221639e3490, 0x00000221639e5560, 0x00000221639e5bf0, 0x00000221639e6280,
0x00000221639e2e00, 0x00000221639e89e0, 0x00000221639e9070, 0x00000221639ea420,
0x00000221639e9700, 0x00000221639e9d90, 0x000002215fcf4870, 0x000002215fcf41e0,
0x000002215fcf62b0, 0x000002215fcf5590, 0x000002215fcf6940, 0x000002215fcf4f00,
0x000002215fcf3b50, 0x000002215fcf8380, 0x000002215fcf90a0
}

Java Threads: ( => current thread )
  0x0000022142f2b750 JavaThread "main"                              [_thread_blocked, id=14556, stack(0x00000034ebb00000,0x00000034ebc00000) (1024K)]
  0x0000022159df7000 JavaThread "Common-Cleaner"             daemon [_thread_blocked, id=13728, stack(0x00000034ec300000,0x00000034ec400000) (1024K)]
  0x0000022159df9bd0 JavaThread "Reference Handler"          daemon [_thread_blocked, id=21976, stack(0x00000034ec400000,0x00000034ec500000) (1024K)]
  0x0000022159dfa240 JavaThread "Finalizer"                  daemon [_thread_blocked, id=9628, stack(0x00000034ec500000,0x00000034ec600000) (1024K)]
  0x0000022159e257a0 JavaThread "Signal Dispatcher"          daemon [_thread_blocked, id=20144, stack(0x00000034ec600000,0x00000034ec700000) (1024K)]
  0x0000022159e29e20 JavaThread "Attach Listener"            daemon [_thread_blocked, id=21552, stack(0x00000034ec700000,0x00000034ec800000) (1024K)]
  0x0000022159e2a490 JavaThread "Service Thread"             daemon [_thread_blocked, id=11492, stack(0x00000034ec800000,0x00000034ec900000) (1024K)]
  0x0000022159e10e20 JavaThread "Monitor Deflation Thread"   daemon [_thread_blocked, id=14760, stack(0x00000034ec900000,0x00000034eca00000) (1024K)]
  0x0000022159e13c40 JavaThread "C2 CompilerThread0"         daemon [_thread_in_native, id=17088, stack(0x00000034eca00000,0x00000034ecb00000) (1024K)]
  0x0000022159e14bc0 JavaThread "C1 CompilerThread0"         daemon [_thread_in_native, id=1308, stack(0x00000034ecb00000,0x00000034ecc00000) (1024K)]
  0x000002215a2da480 JavaThread "Notification Thread"        daemon [_thread_blocked, id=2528, stack(0x00000034ecf00000,0x00000034ed000000) (1024K)]
  0x00000221603a2930 JavaThread "Daemon health stats"               [_thread_blocked, id=6764, stack(0x00000034ed900000,0x00000034eda00000) (1024K)]
  0x00000221606eaa60 JavaThread "Incoming local TCP Connector on port 54305"        [_thread_in_native, id=19724, stack(0x00000034eda00000,0x00000034edb00000) (1024K)]
  0x0000022160731640 JavaThread "Daemon periodic checks"            [_thread_blocked, id=19572, stack(0x00000034edb00000,0x00000034edc00000) (1024K)]
  0x00000221607ac340 JavaThread "Cache worker for journal cache (C:\Users\twist\.gradle\caches\journal-1)"        [_thread_blocked, id=19256, stack(0x00000034ed300000,0x00000034ed400000) (1024K)]
  0x00000221607ac9d0 JavaThread "File lock request listener"        [_thread_in_native, id=11464, stack(0x00000034eec00000,0x00000034eed00000) (1024K)]
  0x00000221607aaf90 JavaThread "Cache worker for file hash cache (C:\Users\twist\.gradle\caches\9.1.0\fileHashes)"        [_thread_blocked, id=7412, stack(0x00000034eed00000,0x00000034eee00000) (1024K)]
  0x00000221639e3b20 JavaThread "File watcher server"        daemon [_thread_in_native, id=17788, stack(0x00000034ef000000,0x00000034ef100000) (1024K)]
  0x00000221639e6910 JavaThread "File watcher consumer"      daemon [_thread_blocked, id=15936, stack(0x00000034ef100000,0x00000034ef200000) (1024K)]
  0x00000221639e4840 JavaThread "Cache worker for file content cache (C:\Users\twist\.gradle\caches\9.1.0\fileContent)"        [_thread_blocked, id=1292, stack(0x00000034ef300000,0x00000034ef400000) (1024K)]
  0x00000221639e41b0 JavaThread "jar transforms"                    [_thread_blocked, id=20748, stack(0x00000034ef600000,0x00000034ef700000) (1024K)]
  0x00000221639e8350 JavaThread "jar transforms Thread 2"           [_thread_blocked, id=15832, stack(0x00000034ef700000,0x00000034ef800000) (1024K)]
  0x00000221639e7630 JavaThread "jar transforms Thread 3"           [_thread_blocked, id=21364, stack(0x00000034ef800000,0x00000034ef900000) (1024K)]
  0x0000022163da7490 JavaThread "jar transforms Thread 4"           [_thread_blocked, id=21424, stack(0x00000034f0300000,0x00000034f0400000) (1024K)]
  0x0000022163da5a50 JavaThread "jar transforms Thread 5"           [_thread_blocked, id=4628, stack(0x00000034f0400000,0x00000034f0500000) (1024K)]
  0x0000022164d64640 JavaThread "jar transforms Thread 6"           [_thread_blocked, id=15864, stack(0x00000034f0a00000,0x00000034f0b00000) (1024K)]
  0x0000022164d66da0 JavaThread "jar transforms Thread 7"           [_thread_blocked, id=6472, stack(0x00000034f0b00000,0x00000034f0c00000) (1024K)]
  0x0000022164d65360 JavaThread "jar transforms Thread 8"           [_thread_blocked, id=19704, stack(0x00000034f0c00000,0x00000034f0d00000) (1024K)]
  0x000002215fcf9dc0 JavaThread "Memory manager"                    [_thread_blocked, id=10992, stack(0x00000034f3c00000,0x00000034f3d00000) (1024K)]
  0x000002216b76e640 JavaThread "Daemon Thread 2"                   [_thread_blocked, id=14032, stack(0x00000034eb800000,0x00000034eb900000) (1024K)]
  0x000002216b76dfb0 JavaThread "Handler for socket connection from /127.0.0.1:54305 to /127.0.0.1:51611"        [_thread_in_native, id=22076, stack(0x00000034eb900000,0x00000034eba00000) (1024K)]
  0x000002216b76f360 JavaThread "Cancel handler"                    [_thread_blocked, id=440, stack(0x00000034eba00000,0x00000034ebb00000) (1024K)]
  0x000002216b770080 JavaThread "Daemon worker Thread 2"            [_thread_blocked, id=18336, stack(0x00000034ecc00000,0x00000034ecd00000) (1024K)]
  0x000002216b76ecd0 JavaThread "Asynchronous log dispatcher for DefaultDaemonConnection: socket connection from /127.0.0.1:54305 to /127.0.0.1:51611"        [_thread_blocked, id=7108, stack(0x00000034ecd00000,0x00000034ece00000) (1024K)]
  0x000002216b770710 JavaThread "Stdin handler"                     [_thread_blocked, id=12808, stack(0x00000034ece00000,0x00000034ecf00000) (1024K)]
  0x000002216b76d290 JavaThread "Daemon client event forwarder"        [_thread_blocked, id=15220, stack(0x00000034ed000000,0x00000034ed100000) (1024K)]
  0x000002216b770da0 JavaThread "Cache worker for file hash cache (C:\HOME\B230267CS-6\Courses\SE_Lab\Real_App\.gradle\9.1.0\fileHashes)"        [_thread_blocked, id=14340, stack(0x00000034ed100000,0x00000034ed200000) (1024K)]
  0x000002216b76d920 JavaThread "Cache worker for Build Output Cleanup Cache (C:\HOME\B230267CS-6\Courses\SE_Lab\Real_App\.gradle\buildOutputCleanup)"        [_thread_blocked, id=21668, stack(0x00000034ed200000,0x00000034ed300000) (1024K)]
  0x000002216b772150 JavaThread "Cache worker for checksums cache (C:\HOME\B230267CS-6\Courses\SE_Lab\Real_App\.gradle\9.1.0\checksums)"        [_thread_blocked, id=3392, stack(0x00000034edc00000,0x00000034edd00000) (1024K)]
  0x000002216b774220 JavaThread "Cache worker for cache directory md-supplier (C:\Users\twist\.gradle\caches\9.1.0\md-supplier)"        [_thread_blocked, id=3112, stack(0x00000034edd00000,0x00000034ede00000) (1024K)]
  0x000002216b7748b0 JavaThread "Cache worker for cache directory md-rule (C:\Users\twist\.gradle\caches\9.1.0\md-rule)"        [_thread_blocked, id=18064, stack(0x00000034ede00000,0x00000034edf00000) (1024K)]
  0x000002216b771430 JavaThread "Unconstrained build operations"        [_thread_blocked, id=21720, stack(0x00000034edf00000,0x00000034ee000000) (1024K)]
  0x000002216b771ac0 JavaThread "Unconstrained build operations Thread 2"        [_thread_blocked, id=12216, stack(0x00000034ee000000,0x00000034ee100000) (1024K)]
  0x000002216b774f40 JavaThread "Unconstrained build operations Thread 3"        [_thread_blocked, id=9188, stack(0x00000034ee100000,0x00000034ee200000) (1024K)]
  0x000002216b773500 JavaThread "Unconstrained build operations Thread 4"        [_thread_blocked, id=21832, stack(0x00000034ee200000,0x00000034ee300000) (1024K)]
  0x000002216b773b90 JavaThread "Unconstrained build operations Thread 5"        [_thread_blocked, id=6904, stack(0x00000034eee00000,0x00000034eef00000) (1024K)]
  0x0000022165f762d0 JavaThread "C2 CompilerThread1"         daemon [_thread_in_native, id=22116, stack(0x00000034eef00000,0x00000034ef000000) (1024K)]
  0x0000022165f75c00 JavaThread "C2 CompilerThread2"         daemon [_thread_in_native, id=10044, stack(0x00000034ef200000,0x00000034ef300000) (1024K)]
=>0x00000221613d2f10 JavaThread "C2 CompilerThread3"         daemon [_thread_in_native, id=4128, stack(0x00000034ef400000,0x00000034ef500000) (1024K)]
  0x000002216b7755d0 JavaThread "Unconstrained build operations Thread 6"        [_thread_blocked, id=21540, stack(0x00000034ef500000,0x00000034ef600000) (1024K)]
  0x000002216b7727e0 JavaThread "Unconstrained build operations Thread 7"        [_thread_blocked, id=21228, stack(0x00000034ef900000,0x00000034efa00000) (1024K)]
  0x000002216b775c60 JavaThread "Unconstrained build operations Thread 8"        [_thread_blocked, id=6772, stack(0x00000034efa00000,0x00000034efb00000) (1024K)]
  0x000002216b7762f0 JavaThread "Unconstrained build operations Thread 9"        [_thread_blocked, id=20396, stack(0x00000034efb00000,0x00000034efc00000) (1024K)]
  0x000002216b772e70 JavaThread "Unconstrained build operations Thread 10"        [_thread_blocked, id=9644, stack(0x00000034efc00000,0x00000034efd00000) (1024K)]
  0x000002216b625a50 JavaThread "C1 CompilerThread1"         daemon [_thread_blocked, id=1796, stack(0x00000034efd00000,0x00000034efe00000) (1024K)]
  0x000002215a3c8da0 JavaThread "C1 CompilerThread2"         daemon [_thread_blocked, id=20072, stack(0x00000034efe00000,0x00000034eff00000) (1024K)]
  0x000002215a3c7930 JavaThread "C1 CompilerThread3"         daemon [_thread_in_native, id=22200, stack(0x00000034eff00000,0x00000034f0000000) (1024K)]
  0x000002216b776980 JavaThread "Unconstrained build operations Thread 11"        [_thread_blocked, id=17008, stack(0x00000034f0000000,0x00000034f0100000) (1024K)]
  0x000002216b7783c0 JavaThread "Unconstrained build operations Thread 12"        [_thread_blocked, id=21320, stack(0x00000034f0100000,0x00000034f0200000) (1024K)]
  0x000002216b77a490 JavaThread "Unconstrained build operations Thread 13"        [_thread_blocked, id=14428, stack(0x00000034f0200000,0x00000034f0300000) (1024K)]
  0x000002216b779770 JavaThread "Unconstrained build operations Thread 14"        [_thread_blocked, id=764, stack(0x00000034f0500000,0x00000034f0600000) (1024K)]
  0x000002216b777010 JavaThread "Unconstrained build operations Thread 15"        [_thread_blocked, id=13580, stack(0x00000034f0600000,0x00000034f0700000) (1024K)]
  0x000002216b778a50 JavaThread "Unconstrained build operations Thread 16"        [_thread_blocked, id=7240, stack(0x00000034f0700000,0x00000034f0800000) (1024K)]
  0x000002216b77ab20 JavaThread "Unconstrained build operations Thread 17"        [_thread_blocked, id=9740, stack(0x00000034f0800000,0x00000034f0900000) (1024K)]
  0x000002216b7776a0 JavaThread "Unconstrained build operations Thread 18"        [_thread_blocked, id=11796, stack(0x00000034f0900000,0x00000034f0a00000) (1024K)]
  0x000002216b77bed0 JavaThread "Unconstrained build operations Thread 19"        [_thread_blocked, id=16096, stack(0x00000034f0d00000,0x00000034f0e00000) (1024K)]
  0x000002216b77b1b0 JavaThread "Unconstrained build operations Thread 20"        [_thread_blocked, id=19632, stack(0x00000034f0e00000,0x00000034f0f00000) (1024K)]
  0x000002216b77b840 JavaThread "Unconstrained build operations Thread 21"        [_thread_blocked, id=2976, stack(0x00000034f0f00000,0x00000034f1000000) (1024K)]
  0x000002216b0bef00 JavaThread "Unconstrained build operations Thread 22"        [_thread_blocked, id=22020, stack(0x00000034f1000000,0x00000034f1100000) (1024K)]
  0x000002216b0bf590 JavaThread "Unconstrained build operations Thread 23"        [_thread_blocked, id=20756, stack(0x00000034f1100000,0x00000034f1200000) (1024K)]
  0x000002216b0be1e0 JavaThread "Unconstrained build operations Thread 24"        [_thread_blocked, id=6044, stack(0x00000034f1200000,0x00000034f1300000) (1024K)]
  0x000002216b0c02b0 JavaThread "Unconstrained build operations Thread 25"        [_thread_blocked, id=22096, stack(0x00000034f1300000,0x00000034f1400000) (1024K)]
  0x000002216b0c0fd0 JavaThread "Unconstrained build operations Thread 26"        [_thread_blocked, id=13924, stack(0x00000034f1400000,0x00000034f1500000) (1024K)]
  0x000002216b0c2a10 JavaThread "Unconstrained build operations Thread 27"        [_thread_blocked, id=14076, stack(0x00000034f1500000,0x00000034f1600000) (1024K)]
  0x000002216b0c1660 JavaThread "Unconstrained build operations Thread 28"        [_thread_blocked, id=8800, stack(0x00000034f1600000,0x00000034f1700000) (1024K)]
  0x000002216b0bfc20 JavaThread "Unconstrained build operations Thread 29"        [_thread_blocked, id=8352, stack(0x00000034f1700000,0x00000034f1800000) (1024K)]
  0x000002216b0c4450 JavaThread "Unconstrained build operations Thread 30"        [_thread_blocked, id=21108, stack(0x00000034f1800000,0x00000034f1900000) (1024K)]
  0x000002216b0c3dc0 JavaThread "Unconstrained build operations Thread 31"        [_thread_blocked, id=19880, stack(0x00000034f1900000,0x00000034f1a00000) (1024K)]
  0x000002216b0c4ae0 JavaThread "Unconstrained build operations Thread 32"        [_thread_blocked, id=22416, stack(0x00000034f1a00000,0x00000034f1b00000) (1024K)]
  0x000002216b0c5800 JavaThread "Unconstrained build operations Thread 33"        [_thread_blocked, id=18524, stack(0x00000034f1b00000,0x00000034f1c00000) (1024K)]
  0x000002216b0c6bb0 JavaThread "Unconstrained build operations Thread 34"        [_thread_blocked, id=18688, stack(0x00000034f1c00000,0x00000034f1d00000) (1024K)]
  0x000002216b0c5170 JavaThread "Unconstrained build operations Thread 35"        [_thread_blocked, id=11932, stack(0x00000034f1d00000,0x00000034f1e00000) (1024K)]
  0x000002216b0c3730 JavaThread "Unconstrained build operations Thread 36"        [_thread_blocked, id=7784, stack(0x00000034f1e00000,0x00000034f1f00000) (1024K)]
  0x000002216b0c7240 JavaThread "Unconstrained build operations Thread 37"        [_thread_blocked, id=12940, stack(0x00000034f1f00000,0x00000034f2000000) (1024K)]
  0x000002216b0c5e90 JavaThread "Unconstrained build operations Thread 38"        [_thread_blocked, id=20544, stack(0x00000034f2000000,0x00000034f2100000) (1024K)]
  0x000002216b0c8c80 JavaThread "Unconstrained build operations Thread 39"        [_thread_blocked, id=19400, stack(0x00000034f2100000,0x00000034f2200000) (1024K)]
  0x000002216b0c78d0 JavaThread "Unconstrained build operations Thread 40"        [_thread_blocked, id=22012, stack(0x00000034f2200000,0x00000034f2300000) (1024K)]
  0x000002216b0c99a0 JavaThread "build event listener"              [_thread_blocked, id=22000, stack(0x00000034f2300000,0x00000034f2400000) (1024K)]
  0x000002216b0ca030 JavaThread "build event listener"              [_thread_blocked, id=16856, stack(0x00000034f2400000,0x00000034f2500000) (1024K)]
  0x000002216b0c7f60 JavaThread "included builds"                   [_thread_blocked, id=18856, stack(0x00000034f2500000,0x00000034f2600000) (1024K)]
  0x000002216b0cba70 JavaThread "Execution worker"                  [_thread_blocked, id=4468, stack(0x00000034f2600000,0x00000034f2700000) (1024K)]
  0x000002216b0cc790 JavaThread "Execution worker Thread 2"         [_thread_blocked, id=15860, stack(0x00000034f2700000,0x00000034f2800000) (1024K)]
  0x000002216b0c9310 JavaThread "Execution worker Thread 3"         [_thread_blocked, id=7384, stack(0x00000034f2800000,0x00000034f2900000) (1024K)]
  0x00000221646efd70 JavaThread "Execution worker Thread 4"         [_thread_blocked, id=21276, stack(0x00000034f2900000,0x00000034f2a00000) (1024K)]
  0x00000221646ef050 JavaThread "Execution worker Thread 5"         [_thread_blocked, id=18888, stack(0x00000034f2a00000,0x00000034f2b00000) (1024K)]
  0x00000221646ee9c0 JavaThread "Execution worker Thread 6"         [_thread_blocked, id=2064, stack(0x00000034f2b00000,0x00000034f2c00000) (1024K)]
  0x00000221646f0400 JavaThread "Execution worker Thread 7"         [_thread_blocked, id=19600, stack(0x00000034f2c00000,0x00000034f2d00000) (1024K)]
  0x00000221646ed610 JavaThread "Execution worker Thread 8"         [_thread_blocked, id=17688, stack(0x00000034f2d00000,0x00000034f2e00000) (1024K)]
  0x00000221646ecf80 JavaThread "Execution worker Thread 9"         [_thread_in_vm, id=19148, stack(0x00000034f2e00000,0x00000034f2f00000) (1024K)]
  0x00000221646f0a90 JavaThread "Execution worker Thread 10"        [_thread_blocked, id=2008, stack(0x00000034f2f00000,0x00000034f3000000) (1024K)]
  0x00000221646f1120 JavaThread "Execution worker Thread 11"        [_thread_blocked, id=22420, stack(0x00000034f3000000,0x00000034f3100000) (1024K)]
  0x00000221646edca0 JavaThread "Execution worker Thread 12"        [_thread_blocked, id=6780, stack(0x00000034f3100000,0x00000034f3200000) (1024K)]
  0x00000221646f3f10 JavaThread "Execution worker Thread 13"        [_thread_blocked, id=2112, stack(0x00000034f3200000,0x00000034f3300000) (1024K)]
  0x00000221646f1e40 JavaThread "Execution worker Thread 14"        [_thread_blocked, id=15808, stack(0x00000034f3300000,0x00000034f3400000) (1024K)]
  0x00000221646f24d0 JavaThread "Execution worker Thread 15"        [_thread_blocked, id=22100, stack(0x00000034f3400000,0x00000034f3500000) (1024K)]
  0x00000221646f31f0 JavaThread "Cache worker for execution history cache (C:\HOME\B230267CS-6\Courses\SE_Lab\Real_App\.gradle\9.1.0\executionHistory)"        [_thread_blocked, id=20528, stack(0x00000034f3500000,0x00000034f3600000) (1024K)]
  0x00000221646f45a0 JavaThread "Unconstrained build operations Thread 41"        [_thread_blocked, id=12656, stack(0x00000034f3700000,0x00000034f3800000) (1024K)]
  0x00000221646f17b0 JavaThread "Unconstrained build operations Thread 42"        [_thread_blocked, id=3608, stack(0x00000034f3800000,0x00000034f3900000) (1024K)]
  0x00000221646f2b60 JavaThread "Unconstrained build operations Thread 43"        [_thread_blocked, id=18584, stack(0x00000034f3900000,0x00000034f3a00000) (1024K)]
  0x00000221646f3880 JavaThread "Unconstrained build operations Thread 44"        [_thread_blocked, id=9172, stack(0x00000034f3a00000,0x00000034f3b00000) (1024K)]
  0x0000022166102120 JavaThread "Unconstrained build operations Thread 45"        [_thread_blocked, id=13620, stack(0x00000034f3b00000,0x00000034f3c00000) (1024K)]
  0x00000221661006e0 JavaThread "Unconstrained build operations Thread 46"        [_thread_blocked, id=15924, stack(0x00000034f3d00000,0x00000034f3e00000) (1024K)]
  0x00000221661034d0 JavaThread "Unconstrained build operations Thread 47"        [_thread_blocked, id=2492, stack(0x00000034f3e00000,0x00000034f3f00000) (1024K)]
  0x00000221661041f0 JavaThread "Unconstrained build operations Thread 48"        [_thread_blocked, id=4064, stack(0x00000034f3f00000,0x00000034f4000000) (1024K)]
  0x0000022166100d70 JavaThread "Unconstrained build operations Thread 49"        [_thread_blocked, id=18332, stack(0x00000034f4000000,0x00000034f4100000) (1024K)]
  0x0000022166101400 JavaThread "Unconstrained build operations Thread 50"        [_thread_blocked, id=14156, stack(0x00000034f4100000,0x00000034f4200000) (1024K)]
  0x0000022166103b60 JavaThread "Unconstrained build operations Thread 51"        [_thread_blocked, id=13188, stack(0x00000034f4200000,0x00000034f4300000) (1024K)]
  0x0000022166101a90 JavaThread "Unconstrained build operations Thread 52"        [_thread_blocked, id=4592, stack(0x00000034f4300000,0x00000034f4400000) (1024K)]
  0x0000022166104880 JavaThread "Unconstrained build operations Thread 53"        [_thread_blocked, id=17420, stack(0x00000034f4400000,0x00000034f4500000) (1024K)]
  0x00000221661055a0 JavaThread "Unconstrained build operations Thread 54"        [_thread_blocked, id=22048, stack(0x00000034f4500000,0x00000034f4600000) (1024K)]
  0x0000022166105c30 JavaThread "Unconstrained build operations Thread 55"        [_thread_blocked, id=19452, stack(0x00000034f4600000,0x00000034f4700000) (1024K)]
  0x00000221661027b0 JavaThread "WorkerExecutor Queue"              [_thread_blocked, id=21964, stack(0x00000034f4700000,0x00000034f4800000) (1024K)]
  0x0000022166102e40 JavaThread "Unconstrained build operations Thread 56"        [_thread_blocked, id=15788, stack(0x00000034f4800000,0x00000034f4900000) (1024K)]
  0x0000022166106950 JavaThread "Unconstrained build operations Thread 57"        [_thread_blocked, id=11944, stack(0x00000034f4900000,0x00000034f4a00000) (1024K)]
  0x0000022166107670 JavaThread "Unconstrained build operations Thread 58"        [_thread_blocked, id=12040, stack(0x00000034f4a00000,0x00000034f4b00000) (1024K)]
  0x0000022166107d00 JavaThread "Unconstrained build operations Thread 59"        [_thread_blocked, id=16876, stack(0x00000034f4b00000,0x00000034f4c00000) (1024K)]
  0x00000221661062c0 JavaThread "Unconstrained build operations Thread 60"        [_thread_blocked, id=6528, stack(0x00000034f4c00000,0x00000034f4d00000) (1024K)]
  0x0000022163f91af0 JavaThread "Unconstrained build operations Thread 61"        [_thread_blocked, id=9560, stack(0x00000034f4d00000,0x00000034f4e00000) (1024K)]
  0x0000022163f8e670 JavaThread "Unconstrained build operations Thread 62"        [_thread_blocked, id=19932, stack(0x00000034f4e00000,0x00000034f4f00000) (1024K)]
  0x0000022163f900b0 JavaThread "Unconstrained build operations Thread 63"        [_thread_blocked, id=7588, stack(0x00000034f4f00000,0x00000034f5000000) (1024K)]
  0x0000022163f90dd0 JavaThread "Unconstrained build operations Thread 64"        [_thread_blocked, id=21560, stack(0x00000034f5000000,0x00000034f5100000) (1024K)]
  0x0000022163f92180 JavaThread "Unconstrained build operations Thread 65"        [_thread_blocked, id=11868, stack(0x00000034f5100000,0x00000034f5200000) (1024K)]
  0x0000022163f8fa20 JavaThread "Unconstrained build operations Thread 66"        [_thread_blocked, id=19036, stack(0x00000034f5200000,0x00000034f5300000) (1024K)]
  0x0000022163f8ed00 JavaThread "Unconstrained build operations Thread 67"        [_thread_blocked, id=21588, stack(0x00000034f5300000,0x00000034f5400000) (1024K)]
  0x0000022163f94f70 JavaThread "Unconstrained build operations Thread 68"        [_thread_blocked, id=12904, stack(0x00000034f5400000,0x00000034f5500000) (1024K)]
  0x0000022164d66080 JavaThread "WorkerExecutor Queue Thread 2"        [_thread_blocked, id=14160, stack(0x00000034f5500000,0x00000034f5600000) (1024K)]
  0x0000022164d66710 JavaThread "WorkerExecutor Queue Thread 3"        [_thread_blocked, id=13824, stack(0x00000034f5600000,0x00000034f5700000) (1024K)]
  0x0000022164d659f0 JavaThread "Unconstrained build operations Thread 69"        [_thread_blocked, id=16572, stack(0x00000034f5700000,0x00000034f5800000) (1024K)]
  0x0000022164d63920 JavaThread "Unconstrained build operations Thread 70"        [_thread_blocked, id=7916, stack(0x00000034f5800000,0x00000034f5900000) (1024K)]
  0x0000022164d63fb0 JavaThread "Unconstrained build operations Thread 71"        [_thread_blocked, id=17316, stack(0x00000034f5900000,0x00000034f5a00000) (1024K)]
  0x00000221639e3490 JavaThread "Unconstrained build operations Thread 72"        [_thread_blocked, id=22444, stack(0x00000034f5a00000,0x00000034f5b00000) (1024K)]
  0x00000221639e5560 JavaThread "Unconstrained build operations Thread 73"        [_thread_blocked, id=11712, stack(0x00000034f5b00000,0x00000034f5c00000) (1024K)]
  0x00000221639e5bf0 JavaThread "Unconstrained build operations Thread 74"        [_thread_blocked, id=21696, stack(0x00000034f5c00000,0x00000034f5d00000) (1024K)]
  0x00000221639e6280 JavaThread "Cache worker for Java compile cache (C:\Users\twist\.gradle\caches\9.1.0\javaCompile)"        [_thread_blocked, id=19244, stack(0x00000034f5d00000,0x00000034f5e00000) (1024K)]
  0x00000221639e2e00 JavaThread "Build operations"                  [_thread_blocked, id=3184, stack(0x00000034f5e00000,0x00000034f5f00000) (1024K)]
  0x00000221639e89e0 JavaThread "Build operations Thread 2"         [_thread_blocked, id=20944, stack(0x00000034f5f00000,0x00000034f6000000) (1024K)]
  0x00000221639e9070 JavaThread "Build operations Thread 3"         [_thread_blocked, id=22292, stack(0x00000034f6000000,0x00000034f6100000) (1024K)]
  0x00000221639ea420 JavaThread "Build operations Thread 4"         [_thread_blocked, id=3364, stack(0x00000034f6100000,0x00000034f6200000) (1024K)]
  0x00000221639e9700 JavaThread "Build operations Thread 5"         [_thread_blocked, id=5732, stack(0x00000034f6200000,0x00000034f6300000) (1024K)]
  0x00000221639e9d90 JavaThread "Build operations Thread 6"         [_thread_blocked, id=14372, stack(0x00000034f6300000,0x00000034f6400000) (1024K)]
  0x000002215fcf4870 JavaThread "Build operations Thread 7"         [_thread_blocked, id=3964, stack(0x00000034f6400000,0x00000034f6500000) (1024K)]
  0x000002215fcf41e0 JavaThread "Build operations Thread 8"         [_thread_blocked, id=19364, stack(0x00000034f6500000,0x00000034f6600000) (1024K)]
  0x000002215fcf62b0 JavaThread "Build operations Thread 9"         [_thread_blocked, id=12960, stack(0x00000034f6600000,0x00000034f6700000) (1024K)]
  0x000002215fcf5590 JavaThread "Build operations Thread 10"        [_thread_blocked, id=3448, stack(0x00000034f6700000,0x00000034f6800000) (1024K)]
  0x000002215fcf6940 JavaThread "Build operations Thread 11"        [_thread_blocked, id=12296, stack(0x00000034f6800000,0x00000034f6900000) (1024K)]
  0x000002215fcf4f00 JavaThread "Build operations Thread 12"        [_thread_blocked, id=18568, stack(0x00000034f6900000,0x00000034f6a00000) (1024K)]
  0x000002215fcf3b50 JavaThread "Build operations Thread 13"        [_thread_blocked, id=12812, stack(0x00000034f6a00000,0x00000034f6b00000) (1024K)]
  0x000002215fcf8380 JavaThread "Build operations Thread 14"        [_thread_blocked, id=19708, stack(0x00000034f6b00000,0x00000034f6c00000) (1024K)]
  0x000002215fcf90a0 JavaThread "Build operations Thread 15"        [_thread_blocked, id=21304, stack(0x00000034f6c00000,0x00000034f6d00000) (1024K)]
Total: 159

Other Threads:
  0x0000022159cfcca0 VMThread "VM Thread"                           [id=1420, stack(0x00000034ec200000,0x00000034ec300000) (1024K)]
  0x0000022159d819e0 WatcherThread "VM Periodic Task Thread"        [id=17004, stack(0x00000034ec100000,0x00000034ec200000) (1024K)]
  0x0000022142f658d0 WorkerThread "GC Thread#0"                     [id=16360, stack(0x00000034ebc00000,0x00000034ebd00000) (1024K)]
  0x000002215a3ccfd0 WorkerThread "GC Thread#1"                     [id=18036, stack(0x00000034ed400000,0x00000034ed500000) (1024K)]
  0x000002215a3cace0 WorkerThread "GC Thread#2"                     [id=21852, stack(0x00000034ed500000,0x00000034ed600000) (1024K)]
  0x000002215a3cb080 WorkerThread "GC Thread#3"                     [id=13500, stack(0x00000034ed600000,0x00000034ed700000) (1024K)]
  0x000002215a3cb820 WorkerThread "GC Thread#4"                     [id=19472, stack(0x00000034ed700000,0x00000034ed800000) (1024K)]
  0x000002215a3cbbc0 WorkerThread "GC Thread#5"                     [id=2488, stack(0x00000034ed800000,0x00000034ed900000) (1024K)]
  0x000002216083a780 WorkerThread "GC Thread#6"                     [id=20520, stack(0x00000034ee300000,0x00000034ee400000) (1024K)]
  0x000002216083ab20 WorkerThread "GC Thread#7"                     [id=2600, stack(0x00000034ee400000,0x00000034ee500000) (1024K)]
  0x000002216083aec0 WorkerThread "GC Thread#8"                     [id=20312, stack(0x00000034ee500000,0x00000034ee600000) (1024K)]
  0x0000022160839ca0 WorkerThread "GC Thread#9"                     [id=15656, stack(0x00000034ee600000,0x00000034ee700000) (1024K)]
  0x0000022160839900 WorkerThread "GC Thread#10"                    [id=3228, stack(0x00000034ee700000,0x00000034ee800000) (1024K)]
  0x000002216083a3e0 WorkerThread "GC Thread#11"                    [id=22208, stack(0x00000034ee800000,0x00000034ee900000) (1024K)]
  0x000002216083b260 WorkerThread "GC Thread#12"                    [id=2376, stack(0x00000034ee900000,0x00000034eea00000) (1024K)]
  0x0000022142f6ea90 ConcurrentGCThread "G1 Main Marker"            [id=22172, stack(0x00000034ebd00000,0x00000034ebe00000) (1024K)]
  0x0000022142f70ec0 WorkerThread "G1 Conc#0"                       [id=13636, stack(0x00000034ebe00000,0x00000034ebf00000) (1024K)]
  0x000002216083a040 WorkerThread "G1 Conc#1"                       [id=20096, stack(0x00000034eea00000,0x00000034eeb00000) (1024K)]
  0x00000221607c4ec0 WorkerThread "G1 Conc#2"                       [id=10416, stack(0x00000034eeb00000,0x00000034eec00000) (1024K)]
  0x0000022159bc2a80 ConcurrentGCThread "G1 Refine#0"               [id=21960, stack(0x00000034ebf00000,0x00000034ec000000) (1024K)]
  0x0000022159bc2eb0 ConcurrentGCThread "G1 Service"                [id=1700, stack(0x00000034ec000000,0x00000034ec100000) (1024K)]
Total: 21

Threads with active compile tasks:
C2 CompilerThread0  238477 22132       4       jdk.nio.zipfs.ZipFileSystem$Entry::readCEN (248 bytes)
C2 CompilerThread1  238477 22133   !   4       jdk.nio.zipfs.ZipUtils::dosToJavaTime (156 bytes)
C2 CompilerThread2  238477 22131       4       jdk.nio.zipfs.ZipFileSystem$Entry::<init> (68 bytes)
C2 CompilerThread3  238478 22066   !   4       java.nio.file.Files::walkFileTree (297 bytes)
C1 CompilerThread2  238478 22228       3       java.lang.String::matches (6 bytes)
C1 CompilerThread3  238478 22229       3       java.util.regex.Pattern::matches (16 bytes)
Total: 6

VM state: not at safepoint (normal execution)

VM Mutex/Monitor currently owned by a thread: None

Heap address: 0x00000000c0000000, size: 1024 MB, Compressed Oops mode: 32-bit

CDS archive(s) not mapped
Compressed class space mapped at: 0x0000000100000000-0x0000000140000000, reserved size: 1073741824
Narrow klass base: 0x0000000000000000, Narrow klass shift: 3, Narrow klass range: 0x140000000

GC Precious Log:
 CardTable entry size: 512
 Card Set container configuration: InlinePtr #cards 5 size 8 Array Of Cards #cards 12 size 40 Howl #buckets 4 coarsen threshold 1843 Howl Bitmap #cards 512 size 80 coarsen threshold 460 Card regions per heap region 1 cards per card region 2048
 CPUs: 16 total, 16 available
 Memory: 16068M
 Large Page Support: Disabled
 NUMA Support: Disabled
 Compressed Oops: Enabled (32-bit)
 Heap Region Size: 1M
 Heap Min Capacity: 8M
 Heap Initial Capacity: 252M
 Heap Max Capacity: 1G
 Pre-touch: Disabled
 Parallel Workers: 13
 Concurrent Workers: 3
 Concurrent Refinement Workers: 13
 Periodic GC: Disabled

Heap:
 garbage-first heap   total 257024K, used 169207K [0x00000000c0000000, 0x0000000100000000)
  region size 1024K, 20 young (20480K), 11 survivors (11264K)
 Metaspace       used 156335K, committed 158848K, reserved 1245184K
  class space    used 22425K, committed 23680K, reserved 1048576K

Heap Regions: E=young(eden), S=young(survivor), O=old, HS=humongous(starts), HC=humongous(continues), CS=collection set, F=free, TAMS=top-at-mark-start, PB=parsable bottom
|   0|0x00000000c0000000, 0x00000000c0100000, 0x00000000c0100000|100%|HS|  |TAMS 0x00000000c0000000| PB 0x00000000c0000000| Complete 
|   1|0x00000000c0100000, 0x00000000c0200000, 0x00000000c0200000|100%|HC|  |TAMS 0x00000000c0100000| PB 0x00000000c0100000| Complete 
|   2|0x00000000c0200000, 0x00000000c0300000, 0x00000000c0300000|100%|HC|  |TAMS 0x00000000c0200000| PB 0x00000000c0200000| Complete 
|   3|0x00000000c0300000, 0x00000000c0400000, 0x00000000c0400000|100%| O|  |TAMS 0x00000000c0300000| PB 0x00000000c0300000| Untracked 
|   4|0x00000000c0400000, 0x00000000c0500000, 0x00000000c0500000|100%| O|  |TAMS 0x00000000c0400000| PB 0x00000000c0400000| Untracked 
|   5|0x00000000c0500000, 0x00000000c0600000, 0x00000000c0600000|100%| O|  |TAMS 0x00000000c0500000| PB 0x00000000c0500000| Untracked 
|   6|0x00000000c0600000, 0x00000000c0700000, 0x00000000c0700000|100%|HS|  |TAMS 0x00000000c0600000| PB 0x00000000c0600000| Complete 
|   7|0x00000000c0700000, 0x00000000c0800000, 0x00000000c0800000|100%| O|  |TAMS 0x00000000c0700000| PB 0x00000000c0700000| Untracked 
|   8|0x00000000c0800000, 0x00000000c0900000, 0x00000000c0900000|100%| O|  |TAMS 0x00000000c0800000| PB 0x00000000c0800000| Untracked 
|   9|0x00000000c0900000, 0x00000000c0a00000, 0x00000000c0a00000|100%| O|  |TAMS 0x00000000c0900000| PB 0x00000000c0900000| Untracked 
|  10|0x00000000c0a00000, 0x00000000c0b00000, 0x00000000c0b00000|100%| O|  |TAMS 0x00000000c0a00000| PB 0x00000000c0a00000| Untracked 
|  11|0x00000000c0b00000, 0x00000000c0c00000, 0x00000000c0c00000|100%| O|  |TAMS 0x00000000c0b00000| PB 0x00000000c0b00000| Untracked 
|  12|0x00000000c0c00000, 0x00000000c0d00000, 0x00000000c0d00000|100%| O|  |TAMS 0x00000000c0c00000| PB 0x00000000c0c00000| Untracked 
|  13|0x00000000c0d00000, 0x00000000c0e00000, 0x00000000c0e00000|100%| O|  |TAMS 0x00000000c0d00000| PB 0x00000000c0d00000| Untracked 
|  14|0x00000000c0e00000, 0x00000000c0f00000, 0x00000000c0f00000|100%| O|  |TAMS 0x00000000c0e00000| PB 0x00000000c0e00000| Untracked 
|  15|0x00000000c0f00000, 0x00000000c1000000, 0x00000000c1000000|100%| O|  |TAMS 0x00000000c0f00000| PB 0x00000000c0f00000| Untracked 
|  16|0x00000000c1000000, 0x00000000c1100000, 0x00000000c1100000|100%| O|  |TAMS 0x00000000c1000000| PB 0x00000000c1000000| Untracked 
|  17|0x00000000c1100000, 0x00000000c1200000, 0x00000000c1200000|100%| O|  |TAMS 0x00000000c1100000| PB 0x00000000c1100000| Untracked 
|  18|0x00000000c1200000, 0x00000000c1300000, 0x00000000c1300000|100%| O|  |TAMS 0x00000000c1200000| PB 0x00000000c1200000| Untracked 
|  19|0x00000000c1300000, 0x00000000c1400000, 0x00000000c1400000|100%| O|  |TAMS 0x00000000c1300000| PB 0x00000000c1300000| Untracked 
|  20|0x00000000c1400000, 0x00000000c1500000, 0x00000000c1500000|100%| O|  |TAMS 0x00000000c1400000| PB 0x00000000c1400000| Untracked 
|  21|0x00000000c1500000, 0x00000000c1600000, 0x00000000c1600000|100%| O|  |TAMS 0x00000000c1500000| PB 0x00000000c1500000| Untracked 
|  22|0x00000000c1600000, 0x00000000c1700000, 0x00000000c1700000|100%| O|  |TAMS 0x00000000c1600000| PB 0x00000000c1600000| Untracked 
|  23|0x00000000c1700000, 0x00000000c1800000, 0x00000000c1800000|100%| O|  |TAMS 0x00000000c1700000| PB 0x00000000c1700000| Untracked 
|  24|0x00000000c1800000, 0x00000000c1900000, 0x00000000c1900000|100%| O|  |TAMS 0x00000000c1800000| PB 0x00000000c1800000| Untracked 
|  25|0x00000000c1900000, 0x00000000c1a00000, 0x00000000c1a00000|100%|HS|  |TAMS 0x00000000c1900000| PB 0x00000000c1900000| Complete 
|  26|0x00000000c1a00000, 0x00000000c1b00000, 0x00000000c1b00000|100%|HC|  |TAMS 0x00000000c1a00000| PB 0x00000000c1a00000| Complete 
|  27|0x00000000c1b00000, 0x00000000c1c00000, 0x00000000c1c00000|100%| O|  |TAMS 0x00000000c1b00000| PB 0x00000000c1b00000| Untracked 
|  28|0x00000000c1c00000, 0x00000000c1d00000, 0x00000000c1d00000|100%| O|  |TAMS 0x00000000c1c00000| PB 0x00000000c1c00000| Untracked 
|  29|0x00000000c1d00000, 0x00000000c1e00000, 0x00000000c1e00000|100%| O|  |TAMS 0x00000000c1d00000| PB 0x00000000c1d00000| Untracked 
|  30|0x00000000c1e00000, 0x00000000c1f00000, 0x00000000c1f00000|100%| O|  |TAMS 0x00000000c1e00000| PB 0x00000000c1e00000| Untracked 
|  31|0x00000000c1f00000, 0x00000000c2000000, 0x00000000c2000000|100%| O|  |TAMS 0x00000000c1f00000| PB 0x00000000c1f00000| Untracked 
|  32|0x00000000c2000000, 0x00000000c2100000, 0x00000000c2100000|100%| O|  |TAMS 0x00000000c2000000| PB 0x00000000c2000000| Untracked 
|  33|0x00000000c2100000, 0x00000000c2200000, 0x00000000c2200000|100%| O|  |TAMS 0x00000000c2100000| PB 0x00000000c2100000| Untracked 
|  34|0x00000000c2200000, 0x00000000c2300000, 0x00000000c2300000|100%| O|  |TAMS 0x00000000c2200000| PB 0x00000000c2200000| Untracked 
|  35|0x00000000c2300000, 0x00000000c2400000, 0x00000000c2400000|100%| O|  |TAMS 0x00000000c2300000| PB 0x00000000c2300000| Untracked 
|  36|0x00000000c2400000, 0x00000000c2500000, 0x00000000c2500000|100%| O|  |TAMS 0x00000000c2400000| PB 0x00000000c2400000| Untracked 
|  37|0x00000000c2500000, 0x00000000c2600000, 0x00000000c2600000|100%| O|  |TAMS 0x00000000c2500000| PB 0x00000000c2500000| Untracked 
|  38|0x00000000c2600000, 0x00000000c2700000, 0x00000000c2700000|100%| O|  |TAMS 0x00000000c2600000| PB 0x00000000c2600000| Untracked 
|  39|0x00000000c2700000, 0x00000000c2800000, 0x00000000c2800000|100%| O|  |TAMS 0x00000000c2700000| PB 0x00000000c2700000| Untracked 
|  40|0x00000000c2800000, 0x00000000c2900000, 0x00000000c2900000|100%| O|  |TAMS 0x00000000c2800000| PB 0x00000000c2800000| Untracked 
|  41|0x00000000c2900000, 0x00000000c2a00000, 0x00000000c2a00000|100%| O|  |TAMS 0x00000000c2900000| PB 0x00000000c2900000| Untracked 
|  42|0x00000000c2a00000, 0x00000000c2b00000, 0x00000000c2b00000|100%| O|  |TAMS 0x00000000c2a00000| PB 0x00000000c2a00000| Untracked 
|  43|0x00000000c2b00000, 0x00000000c2c00000, 0x00000000c2c00000|100%| O|  |TAMS 0x00000000c2b00000| PB 0x00000000c2b00000| Untracked 
|  44|0x00000000c2c00000, 0x00000000c2d00000, 0x00000000c2d00000|100%| O|  |TAMS 0x00000000c2c00000| PB 0x00000000c2c00000| Untracked 
|  45|0x00000000c2d00000, 0x00000000c2e00000, 0x00000000c2e00000|100%| O|  |TAMS 0x00000000c2d00000| PB 0x00000000c2d00000| Untracked 
|  46|0x00000000c2e00000, 0x00000000c2f00000, 0x00000000c2f00000|100%|HS|  |TAMS 0x00000000c2e00000| PB 0x00000000c2e00000| Complete 
|  47|0x00000000c2f00000, 0x00000000c3000000, 0x00000000c3000000|100%|HS|  |TAMS 0x00000000c2f00000| PB 0x00000000c2f00000| Complete 
|  48|0x00000000c3000000, 0x00000000c3100000, 0x00000000c3100000|100%|HS|  |TAMS 0x00000000c3000000| PB 0x00000000c3000000| Complete 
|  49|0x00000000c3100000, 0x00000000c3200000, 0x00000000c3200000|100%|HC|  |TAMS 0x00000000c3100000| PB 0x00000000c3100000| Complete 
|  50|0x00000000c3200000, 0x00000000c3300000, 0x00000000c3300000|100%| O|  |TAMS 0x00000000c3200000| PB 0x00000000c3200000| Untracked 
|  51|0x00000000c3300000, 0x00000000c3400000, 0x00000000c3400000|100%| O|  |TAMS 0x00000000c3300000| PB 0x00000000c3300000| Untracked 
|  52|0x00000000c3400000, 0x00000000c3500000, 0x00000000c3500000|100%|HS|  |TAMS 0x00000000c3400000| PB 0x00000000c3400000| Complete 
|  53|0x00000000c3500000, 0x00000000c3600000, 0x00000000c3600000|100%|HS|  |TAMS 0x00000000c3500000| PB 0x00000000c3500000| Complete 
|  54|0x00000000c3600000, 0x00000000c3700000, 0x00000000c3700000|100%| O|  |TAMS 0x00000000c3600000| PB 0x00000000c3600000| Untracked 
|  55|0x00000000c3700000, 0x00000000c3800000, 0x00000000c3800000|100%|HS|  |TAMS 0x00000000c3700000| PB 0x00000000c3700000| Complete 
|  56|0x00000000c3800000, 0x00000000c3900000, 0x00000000c3900000|100%|HS|  |TAMS 0x00000000c3800000| PB 0x00000000c3800000| Complete 
|  57|0x00000000c3900000, 0x00000000c3a00000, 0x00000000c3a00000|100%|HS|  |TAMS 0x00000000c3900000| PB 0x00000000c3900000| Complete 
|  58|0x00000000c3a00000, 0x00000000c3b00000, 0x00000000c3b00000|100%|HC|  |TAMS 0x00000000c3a00000| PB 0x00000000c3a00000| Complete 
|  59|0x00000000c3b00000, 0x00000000c3c00000, 0x00000000c3c00000|100%| O|  |TAMS 0x00000000c3b00000| PB 0x00000000c3b00000| Untracked 
|  60|0x00000000c3c00000, 0x00000000c3d00000, 0x00000000c3d00000|100%| O|  |TAMS 0x00000000c3c00000| PB 0x00000000c3c00000| Untracked 
|  61|0x00000000c3d00000, 0x00000000c3e00000, 0x00000000c3e00000|100%| O|  |TAMS 0x00000000c3d00000| PB 0x00000000c3d00000| Untracked 
|  62|0x00000000c3e00000, 0x00000000c3f00000, 0x00000000c3f00000|100%| O|  |TAMS 0x00000000c3e00000| PB 0x00000000c3e00000| Untracked 
|  63|0x00000000c3f00000, 0x00000000c4000000, 0x00000000c4000000|100%| O|  |TAMS 0x00000000c3f00000| PB 0x00000000c3f00000| Untracked 
|  64|0x00000000c4000000, 0x00000000c4100000, 0x00000000c4100000|100%|HS|  |TAMS 0x00000000c4000000| PB 0x00000000c4000000| Complete 
|  65|0x00000000c4100000, 0x00000000c4200000, 0x00000000c4200000|100%| O|  |TAMS 0x00000000c4100000| PB 0x00000000c4100000| Untracked 
|  66|0x00000000c4200000, 0x00000000c4300000, 0x00000000c4300000|100%| O|  |TAMS 0x00000000c4200000| PB 0x00000000c4200000| Untracked 
|  67|0x00000000c4300000, 0x00000000c4400000, 0x00000000c4400000|100%| O|  |TAMS 0x00000000c4300000| PB 0x00000000c4300000| Untracked 
|  68|0x00000000c4400000, 0x00000000c4500000, 0x00000000c4500000|100%| O|  |TAMS 0x00000000c4400000| PB 0x00000000c4400000| Untracked 
|  69|0x00000000c4500000, 0x00000000c4600000, 0x00000000c4600000|100%| O|  |TAMS 0x00000000c4500000| PB 0x00000000c4500000| Untracked 
|  70|0x00000000c4600000, 0x00000000c4700000, 0x00000000c4700000|100%| O|  |TAMS 0x00000000c4600000| PB 0x00000000c4600000| Untracked 
|  71|0x00000000c4700000, 0x00000000c4800000, 0x00000000c4800000|100%| O|  |TAMS 0x00000000c4700000| PB 0x00000000c4700000| Untracked 
|  72|0x00000000c4800000, 0x00000000c4900000, 0x00000000c4900000|100%| O|  |TAMS 0x00000000c4800000| PB 0x00000000c4800000| Untracked 
|  73|0x00000000c4900000, 0x00000000c4a00000, 0x00000000c4a00000|100%| O|  |TAMS 0x00000000c4900000| PB 0x00000000c4900000| Untracked 
|  74|0x00000000c4a00000, 0x00000000c4b00000, 0x00000000c4b00000|100%| O|  |TAMS 0x00000000c4a00000| PB 0x00000000c4a00000| Untracked 
|  75|0x00000000c4b00000, 0x00000000c4c00000, 0x00000000c4c00000|100%| O|  |TAMS 0x00000000c4b00000| PB 0x00000000c4b00000| Untracked 
|  76|0x00000000c4c00000, 0x00000000c4d00000, 0x00000000c4d00000|100%| O|  |TAMS 0x00000000c4c00000| PB 0x00000000c4c00000| Untracked 
|  77|0x00000000c4d00000, 0x00000000c4e00000, 0x00000000c4e00000|100%| O|  |TAMS 0x00000000c4d00000| PB 0x00000000c4d00000| Untracked 
|  78|0x00000000c4e00000, 0x00000000c4f00000, 0x00000000c4f00000|100%| O|  |TAMS 0x00000000c4e00000| PB 0x00000000c4e00000| Untracked 
|  79|0x00000000c4f00000, 0x00000000c5000000, 0x00000000c5000000|100%| O|  |TAMS 0x00000000c4f00000| PB 0x00000000c4f00000| Untracked 
|  80|0x00000000c5000000, 0x00000000c5100000, 0x00000000c5100000|100%| O|  |TAMS 0x00000000c5000000| PB 0x00000000c5000000| Untracked 
|  81|0x00000000c5100000, 0x00000000c5200000, 0x00000000c5200000|100%| O|  |TAMS 0x00000000c5100000| PB 0x00000000c5100000| Untracked 
|  82|0x00000000c5200000, 0x00000000c5300000, 0x00000000c5300000|100%| O|  |TAMS 0x00000000c5200000| PB 0x00000000c5200000| Untracked 
|  83|0x00000000c5300000, 0x00000000c5400000, 0x00000000c5400000|100%| O|  |TAMS 0x00000000c5300000| PB 0x00000000c5300000| Untracked 
|  84|0x00000000c5400000, 0x00000000c5500000, 0x00000000c5500000|100%| O|  |TAMS 0x00000000c5400000| PB 0x00000000c5400000| Untracked 
|  85|0x00000000c5500000, 0x00000000c5600000, 0x00000000c5600000|100%| O|  |TAMS 0x00000000c5500000| PB 0x00000000c5500000| Untracked 
|  86|0x00000000c5600000, 0x00000000c5700000, 0x00000000c5700000|100%| O|  |TAMS 0x00000000c5600000| PB 0x00000000c5600000| Untracked 
|  87|0x00000000c5700000, 0x00000000c5800000, 0x00000000c5800000|100%| O|  |TAMS 0x00000000c5700000| PB 0x00000000c5700000| Untracked 
|  88|0x00000000c5800000, 0x00000000c5900000, 0x00000000c5900000|100%| O|  |TAMS 0x00000000c5800000| PB 0x00000000c5800000| Untracked 
|  89|0x00000000c5900000, 0x00000000c5a00000, 0x00000000c5a00000|100%| O|  |TAMS 0x00000000c5900000| PB 0x00000000c5900000| Untracked 
|  90|0x00000000c5a00000, 0x00000000c5b00000, 0x00000000c5b00000|100%| O|  |TAMS 0x00000000c5a00000| PB 0x00000000c5a00000| Untracked 
|  91|0x00000000c5b00000, 0x00000000c5c00000, 0x00000000c5c00000|100%| O|  |TAMS 0x00000000c5b00000| PB 0x00000000c5b00000| Untracked 
|  92|0x00000000c5c00000, 0x00000000c5d00000, 0x00000000c5d00000|100%| O|  |TAMS 0x00000000c5c00000| PB 0x00000000c5c00000| Untracked 
|  93|0x00000000c5d00000, 0x00000000c5e00000, 0x00000000c5e00000|100%| O|  |TAMS 0x00000000c5d00000| PB 0x00000000c5d00000| Untracked 
|  94|0x00000000c5e00000, 0x00000000c5f00000, 0x00000000c5f00000|100%| O|  |TAMS 0x00000000c5e00000| PB 0x00000000c5e00000| Untracked 
|  95|0x00000000c5f00000, 0x00000000c6000000, 0x00000000c6000000|100%| O|  |TAMS 0x00000000c5f00000| PB 0x00000000c5f00000| Untracked 
|  96|0x00000000c6000000, 0x00000000c6100000, 0x00000000c6100000|100%| O|  |TAMS 0x00000000c6000000| PB 0x00000000c6000000| Untracked 
|  97|0x00000000c6100000, 0x00000000c6200000, 0x00000000c6200000|100%| O|  |TAMS 0x00000000c6100000| PB 0x00000000c6100000| Untracked 
|  98|0x00000000c6200000, 0x00000000c6300000, 0x00000000c6300000|100%| O|  |TAMS 0x00000000c6200000| PB 0x00000000c6200000| Untracked 
|  99|0x00000000c6300000, 0x00000000c6400000, 0x00000000c6400000|100%| O|  |TAMS 0x00000000c6300000| PB 0x00000000c6300000| Untracked 
| 100|0x00000000c6400000, 0x00000000c6500000, 0x00000000c6500000|100%| O|  |TAMS 0x00000000c6400000| PB 0x00000000c6400000| Untracked 
| 101|0x00000000c6500000, 0x00000000c6600000, 0x00000000c6600000|100%| O|  |TAMS 0x00000000c6500000| PB 0x00000000c6500000| Untracked 
| 102|0x00000000c6600000, 0x00000000c6700000, 0x00000000c6700000|100%| O|  |TAMS 0x00000000c6600000| PB 0x00000000c6600000| Untracked 
| 103|0x00000000c6700000, 0x00000000c6800000, 0x00000000c6800000|100%| O|  |TAMS 0x00000000c6700000| PB 0x00000000c6700000| Untracked 
| 104|0x00000000c6800000, 0x00000000c6900000, 0x00000000c6900000|100%| O|  |TAMS 0x00000000c6800000| PB 0x00000000c6800000| Untracked 
| 105|0x00000000c6900000, 0x00000000c6a00000, 0x00000000c6a00000|100%| O|  |TAMS 0x00000000c6900000| PB 0x00000000c6900000| Untracked 
| 106|0x00000000c6a00000, 0x00000000c6b00000, 0x00000000c6b00000|100%| O|  |TAMS 0x00000000c6a00000| PB 0x00000000c6a00000| Untracked 
| 107|0x00000000c6b00000, 0x00000000c6c00000, 0x00000000c6c00000|100%| O|  |TAMS 0x00000000c6b00000| PB 0x00000000c6b00000| Untracked 
| 108|0x00000000c6c00000, 0x00000000c6d00000, 0x00000000c6d00000|100%| O|  |TAMS 0x00000000c6c00000| PB 0x00000000c6c00000| Untracked 
| 109|0x00000000c6d00000, 0x00000000c6e00000, 0x00000000c6e00000|100%| O|  |TAMS 0x00000000c6d00000| PB 0x00000000c6d00000| Untracked 
| 110|0x00000000c6e00000, 0x00000000c6f00000, 0x00000000c6f00000|100%| O|  |TAMS 0x00000000c6e00000| PB 0x00000000c6e00000| Untracked 
| 111|0x00000000c6f00000, 0x00000000c7000000, 0x00000000c7000000|100%| O|  |TAMS 0x00000000c6f00000| PB 0x00000000c6f00000| Untracked 
| 112|0x00000000c7000000, 0x00000000c7100000, 0x00000000c7100000|100%| O|  |TAMS 0x00000000c7000000| PB 0x00000000c7000000| Untracked 
| 113|0x00000000c7100000, 0x00000000c7200000, 0x00000000c7200000|100%| O|  |TAMS 0x00000000c7100000| PB 0x00000000c7100000| Untracked 
| 114|0x00000000c7200000, 0x00000000c7200000, 0x00000000c7300000|  0%| F|  |TAMS 0x00000000c7200000| PB 0x00000000c7200000| Untracked 
| 115|0x00000000c7300000, 0x00000000c7400000, 0x00000000c7400000|100%| O|  |TAMS 0x00000000c7300000| PB 0x00000000c7300000| Untracked 
| 116|0x00000000c7400000, 0x00000000c7400000, 0x00000000c7500000|  0%| F|  |TAMS 0x00000000c7400000| PB 0x00000000c7400000| Untracked 
| 117|0x00000000c7500000, 0x00000000c7500000, 0x00000000c7600000|  0%| F|  |TAMS 0x00000000c7500000| PB 0x00000000c7500000| Untracked 
| 118|0x00000000c7600000, 0x00000000c7700000, 0x00000000c7700000|100%| O|  |TAMS 0x00000000c7600000| PB 0x00000000c7600000| Untracked 
| 119|0x00000000c7700000, 0x00000000c7800000, 0x00000000c7800000|100%| O|  |TAMS 0x00000000c7700000| PB 0x00000000c7700000| Untracked 
| 120|0x00000000c7800000, 0x00000000c7900000, 0x00000000c7900000|100%| O|  |TAMS 0x00000000c7800000| PB 0x00000000c7800000| Untracked 
| 121|0x00000000c7900000, 0x00000000c7900000, 0x00000000c7a00000|  0%| F|  |TAMS 0x00000000c7900000| PB 0x00000000c7900000| Untracked 
| 122|0x00000000c7a00000, 0x00000000c7b00000, 0x00000000c7b00000|100%| O|  |TAMS 0x00000000c7a00000| PB 0x00000000c7a00000| Untracked 
| 123|0x00000000c7b00000, 0x00000000c7b00000, 0x00000000c7c00000|  0%| F|  |TAMS 0x00000000c7b00000| PB 0x00000000c7b00000| Untracked 
| 124|0x00000000c7c00000, 0x00000000c7c00000, 0x00000000c7d00000|  0%| F|  |TAMS 0x00000000c7c00000| PB 0x00000000c7c00000| Untracked 
| 125|0x00000000c7d00000, 0x00000000c7e00000, 0x00000000c7e00000|100%| O|  |TAMS 0x00000000c7d00000| PB 0x00000000c7d00000| Untracked 
| 126|0x00000000c7e00000, 0x00000000c7f00000, 0x00000000c7f00000|100%| O|  |TAMS 0x00000000c7e00000| PB 0x00000000c7e00000| Untracked 
| 127|0x00000000c7f00000, 0x00000000c8000000, 0x00000000c8000000|100%|HS|  |TAMS 0x00000000c7f00000| PB 0x00000000c7f00000| Complete 
| 128|0x00000000c8000000, 0x00000000c8100000, 0x00000000c8100000|100%|HC|  |TAMS 0x00000000c8000000| PB 0x00000000c8000000| Complete 
| 129|0x00000000c8100000, 0x00000000c8200000, 0x00000000c8200000|100%|HS|  |TAMS 0x00000000c8100000| PB 0x00000000c8100000| Complete 
| 130|0x00000000c8200000, 0x00000000c8300000, 0x00000000c8300000|100%|HC|  |TAMS 0x00000000c8200000| PB 0x00000000c8200000| Complete 
| 131|0x00000000c8300000, 0x00000000c8400000, 0x00000000c8400000|100%| O|  |TAMS 0x00000000c8300000| PB 0x00000000c8300000| Untracked 
| 132|0x00000000c8400000, 0x00000000c8500000, 0x00000000c8500000|100%| S|CS|TAMS 0x00000000c8400000| PB 0x00000000c8400000| Complete 
| 133|0x00000000c8500000, 0x00000000c8600000, 0x00000000c8600000|100%| S|CS|TAMS 0x00000000c8500000| PB 0x00000000c8500000| Complete 
| 134|0x00000000c8600000, 0x00000000c8700000, 0x00000000c8700000|100%| S|CS|TAMS 0x00000000c8600000| PB 0x00000000c8600000| Complete 
| 135|0x00000000c8700000, 0x00000000c8800000, 0x00000000c8800000|100%| S|CS|TAMS 0x00000000c8700000| PB 0x00000000c8700000| Complete 
| 136|0x00000000c8800000, 0x00000000c8900000, 0x00000000c8900000|100%| S|CS|TAMS 0x00000000c8800000| PB 0x00000000c8800000| Complete 
| 137|0x00000000c8900000, 0x00000000c8a00000, 0x00000000c8a00000|100%| O|  |TAMS 0x00000000c8900000| PB 0x00000000c8900000| Untracked 
| 138|0x00000000c8a00000, 0x00000000c8b00000, 0x00000000c8b00000|100%| O|  |TAMS 0x00000000c8a00000| PB 0x00000000c8a00000| Untracked 
| 139|0x00000000c8b00000, 0x00000000c8c00000, 0x00000000c8c00000|100%| S|CS|TAMS 0x00000000c8b00000| PB 0x00000000c8b00000| Complete 
| 140|0x00000000c8c00000, 0x00000000c8c00000, 0x00000000c8d00000|  0%| F|  |TAMS 0x00000000c8c00000| PB 0x00000000c8c00000| Untracked 
| 141|0x00000000c8d00000, 0x00000000c8d00000, 0x00000000c8e00000|  0%| F|  |TAMS 0x00000000c8d00000| PB 0x00000000c8d00000| Untracked 
| 142|0x00000000c8e00000, 0x00000000c8e00000, 0x00000000c8f00000|  0%| F|  |TAMS 0x00000000c8e00000| PB 0x00000000c8e00000| Untracked 
| 143|0x00000000c8f00000, 0x00000000c8f00000, 0x00000000c9000000|  0%| F|  |TAMS 0x00000000c8f00000| PB 0x00000000c8f00000| Untracked 
| 144|0x00000000c9000000, 0x00000000c9000000, 0x00000000c9100000|  0%| F|  |TAMS 0x00000000c9000000| PB 0x00000000c9000000| Untracked 
| 145|0x00000000c9100000, 0x00000000c9100000, 0x00000000c9200000|  0%| F|  |TAMS 0x00000000c9100000| PB 0x00000000c9100000| Untracked 
| 146|0x00000000c9200000, 0x00000000c9200000, 0x00000000c9300000|  0%| F|  |TAMS 0x00000000c9200000| PB 0x00000000c9200000| Untracked 
| 147|0x00000000c9300000, 0x00000000c9300000, 0x00000000c9400000|  0%| F|  |TAMS 0x00000000c9300000| PB 0x00000000c9300000| Untracked 
| 148|0x00000000c9400000, 0x00000000c9400000, 0x00000000c9500000|  0%| F|  |TAMS 0x00000000c9400000| PB 0x00000000c9400000| Untracked 
| 149|0x00000000c9500000, 0x00000000c9500000, 0x00000000c9600000|  0%| F|  |TAMS 0x00000000c9500000| PB 0x00000000c9500000| Untracked 
| 150|0x00000000c9600000, 0x00000000c9600000, 0x00000000c9700000|  0%| F|  |TAMS 0x00000000c9600000| PB 0x00000000c9600000| Untracked 
| 151|0x00000000c9700000, 0x00000000c9700000, 0x00000000c9800000|  0%| F|  |TAMS 0x00000000c9700000| PB 0x00000000c9700000| Untracked 
| 152|0x00000000c9800000, 0x00000000c9800000, 0x00000000c9900000|  0%| F|  |TAMS 0x00000000c9800000| PB 0x00000000c9800000| Untracked 
| 153|0x00000000c9900000, 0x00000000c9900000, 0x00000000c9a00000|  0%| F|  |TAMS 0x00000000c9900000| PB 0x00000000c9900000| Untracked 
| 154|0x00000000c9a00000, 0x00000000c9b00000, 0x00000000c9b00000|100%| O|  |TAMS 0x00000000c9a00000| PB 0x00000000c9a00000| Untracked 
| 155|0x00000000c9b00000, 0x00000000c9c00000, 0x00000000c9c00000|100%| O|  |TAMS 0x00000000c9b00000| PB 0x00000000c9b00000| Untracked 
| 156|0x00000000c9c00000, 0x00000000c9d00000, 0x00000000c9d00000|100%| O|  |TAMS 0x00000000c9c00000| PB 0x00000000c9c00000| Untracked 
| 157|0x00000000c9d00000, 0x00000000c9e00000, 0x00000000c9e00000|100%| O|  |TAMS 0x00000000c9d00000| PB 0x00000000c9d00000| Untracked 
| 158|0x00000000c9e00000, 0x00000000c9f00000, 0x00000000c9f00000|100%| O|  |TAMS 0x00000000c9e00000| PB 0x00000000c9e00000| Untracked 
| 159|0x00000000c9f00000, 0x00000000ca000000, 0x00000000ca000000|100%| O|  |TAMS 0x00000000c9f00000| PB 0x00000000c9f00000| Untracked 
| 160|0x00000000ca000000, 0x00000000ca100000, 0x00000000ca100000|100%| O|  |TAMS 0x00000000ca000000| PB 0x00000000ca000000| Untracked 
| 161|0x00000000ca100000, 0x00000000ca100000, 0x00000000ca200000|  0%| F|  |TAMS 0x00000000ca100000| PB 0x00000000ca100000| Untracked 
| 162|0x00000000ca200000, 0x00000000ca200000, 0x00000000ca300000|  0%| F|  |TAMS 0x00000000ca200000| PB 0x00000000ca200000| Untracked 
| 163|0x00000000ca300000, 0x00000000ca300000, 0x00000000ca400000|  0%| F|  |TAMS 0x00000000ca300000| PB 0x00000000ca300000| Untracked 
| 164|0x00000000ca400000, 0x00000000ca400000, 0x00000000ca500000|  0%| F|  |TAMS 0x00000000ca400000| PB 0x00000000ca400000| Untracked 
| 165|0x00000000ca500000, 0x00000000ca500000, 0x00000000ca600000|  0%| F|  |TAMS 0x00000000ca500000| PB 0x00000000ca500000| Untracked 
| 166|0x00000000ca600000, 0x00000000ca600000, 0x00000000ca700000|  0%| F|  |TAMS 0x00000000ca600000| PB 0x00000000ca600000| Untracked 
| 167|0x00000000ca700000, 0x00000000ca700000, 0x00000000ca800000|  0%| F|  |TAMS 0x00000000ca700000| PB 0x00000000ca700000| Untracked 
| 168|0x00000000ca800000, 0x00000000ca800000, 0x00000000ca900000|  0%| F|  |TAMS 0x00000000ca800000| PB 0x00000000ca800000| Untracked 
| 169|0x00000000ca900000, 0x00000000ca900000, 0x00000000caa00000|  0%| F|  |TAMS 0x00000000ca900000| PB 0x00000000ca900000| Untracked 
| 170|0x00000000caa00000, 0x00000000caa00000, 0x00000000cab00000|  0%| F|  |TAMS 0x00000000caa00000| PB 0x00000000caa00000| Untracked 
| 171|0x00000000cab00000, 0x00000000cab00000, 0x00000000cac00000|  0%| F|  |TAMS 0x00000000cab00000| PB 0x00000000cab00000| Untracked 
| 172|0x00000000cac00000, 0x00000000cac00000, 0x00000000cad00000|  0%| F|  |TAMS 0x00000000cac00000| PB 0x00000000cac00000| Untracked 
| 173|0x00000000cad00000, 0x00000000cad00000, 0x00000000cae00000|  0%| F|  |TAMS 0x00000000cad00000| PB 0x00000000cad00000| Untracked 
| 174|0x00000000cae00000, 0x00000000cae00000, 0x00000000caf00000|  0%| F|  |TAMS 0x00000000cae00000| PB 0x00000000cae00000| Untracked 
| 175|0x00000000caf00000, 0x00000000caf00000, 0x00000000cb000000|  0%| F|  |TAMS 0x00000000caf00000| PB 0x00000000caf00000| Untracked 
| 176|0x00000000cb000000, 0x00000000cb000000, 0x00000000cb100000|  0%| F|  |TAMS 0x00000000cb000000| PB 0x00000000cb000000| Untracked 
| 177|0x00000000cb100000, 0x00000000cb100000, 0x00000000cb200000|  0%| F|  |TAMS 0x00000000cb100000| PB 0x00000000cb100000| Untracked 
| 178|0x00000000cb200000, 0x00000000cb200000, 0x00000000cb300000|  0%| F|  |TAMS 0x00000000cb200000| PB 0x00000000cb200000| Untracked 
| 179|0x00000000cb300000, 0x00000000cb300000, 0x00000000cb400000|  0%| F|  |TAMS 0x00000000cb300000| PB 0x00000000cb300000| Untracked 
| 180|0x00000000cb400000, 0x00000000cb400000, 0x00000000cb500000|  0%| F|  |TAMS 0x00000000cb400000| PB 0x00000000cb400000| Untracked 
| 181|0x00000000cb500000, 0x00000000cb500000, 0x00000000cb600000|  0%| F|  |TAMS 0x00000000cb500000| PB 0x00000000cb500000| Untracked 
| 182|0x00000000cb600000, 0x00000000cb600000, 0x00000000cb700000|  0%| F|  |TAMS 0x00000000cb600000| PB 0x00000000cb600000| Untracked 
| 183|0x00000000cb700000, 0x00000000cb700000, 0x00000000cb800000|  0%| F|  |TAMS 0x00000000cb700000| PB 0x00000000cb700000| Untracked 
| 184|0x00000000cb800000, 0x00000000cb800000, 0x00000000cb900000|  0%| F|  |TAMS 0x00000000cb800000| PB 0x00000000cb800000| Untracked 
| 185|0x00000000cb900000, 0x00000000cb900000, 0x00000000cba00000|  0%| F|  |TAMS 0x00000000cb900000| PB 0x00000000cb900000| Untracked 
| 186|0x00000000cba00000, 0x00000000cba00000, 0x00000000cbb00000|  0%| F|  |TAMS 0x00000000cba00000| PB 0x00000000cba00000| Untracked 
| 187|0x00000000cbb00000, 0x00000000cbb00000, 0x00000000cbc00000|  0%| F|  |TAMS 0x00000000cbb00000| PB 0x00000000cbb00000| Untracked 
| 188|0x00000000cbc00000, 0x00000000cbc00000, 0x00000000cbd00000|  0%| F|  |TAMS 0x00000000cbc00000| PB 0x00000000cbc00000| Untracked 
| 189|0x00000000cbd00000, 0x00000000cbd00000, 0x00000000cbe00000|  0%| F|  |TAMS 0x00000000cbd00000| PB 0x00000000cbd00000| Untracked 
| 190|0x00000000cbe00000, 0x00000000cbe00000, 0x00000000cbf00000|  0%| F|  |TAMS 0x00000000cbe00000| PB 0x00000000cbe00000| Untracked 
| 191|0x00000000cbf00000, 0x00000000cbf00000, 0x00000000cc000000|  0%| F|  |TAMS 0x00000000cbf00000| PB 0x00000000cbf00000| Untracked 
| 192|0x00000000cc000000, 0x00000000cc000000, 0x00000000cc100000|  0%| F|  |TAMS 0x00000000cc000000| PB 0x00000000cc000000| Untracked 
| 193|0x00000000cc100000, 0x00000000cc100000, 0x00000000cc200000|  0%| F|  |TAMS 0x00000000cc100000| PB 0x00000000cc100000| Untracked 
| 194|0x00000000cc200000, 0x00000000cc200000, 0x00000000cc300000|  0%| F|  |TAMS 0x00000000cc200000| PB 0x00000000cc200000| Untracked 
| 195|0x00000000cc300000, 0x00000000cc300000, 0x00000000cc400000|  0%| F|  |TAMS 0x00000000cc300000| PB 0x00000000cc300000| Untracked 
| 196|0x00000000cc400000, 0x00000000cc400000, 0x00000000cc500000|  0%| F|  |TAMS 0x00000000cc400000| PB 0x00000000cc400000| Untracked 
| 197|0x00000000cc500000, 0x00000000cc500000, 0x00000000cc600000|  0%| F|  |TAMS 0x00000000cc500000| PB 0x00000000cc500000| Untracked 
| 198|0x00000000cc600000, 0x00000000cc600000, 0x00000000cc700000|  0%| F|  |TAMS 0x00000000cc600000| PB 0x00000000cc600000| Untracked 
| 199|0x00000000cc700000, 0x00000000cc700000, 0x00000000cc800000|  0%| F|  |TAMS 0x00000000cc700000| PB 0x00000000cc700000| Untracked 
| 200|0x00000000cc800000, 0x00000000cc800000, 0x00000000cc900000|  0%| F|  |TAMS 0x00000000cc800000| PB 0x00000000cc800000| Untracked 
| 201|0x00000000cc900000, 0x00000000cc900000, 0x00000000cca00000|  0%| F|  |TAMS 0x00000000cc900000| PB 0x00000000cc900000| Untracked 
| 202|0x00000000cca00000, 0x00000000cca00000, 0x00000000ccb00000|  0%| F|  |TAMS 0x00000000cca00000| PB 0x00000000cca00000| Untracked 
| 203|0x00000000ccb00000, 0x00000000ccb00000, 0x00000000ccc00000|  0%| F|  |TAMS 0x00000000ccb00000| PB 0x00000000ccb00000| Untracked 
| 204|0x00000000ccc00000, 0x00000000ccc00000, 0x00000000ccd00000|  0%| F|  |TAMS 0x00000000ccc00000| PB 0x00000000ccc00000| Untracked 
| 205|0x00000000ccd00000, 0x00000000ccd00000, 0x00000000cce00000|  0%| F|  |TAMS 0x00000000ccd00000| PB 0x00000000ccd00000| Untracked 
| 206|0x00000000cce00000, 0x00000000cce00000, 0x00000000ccf00000|  0%| F|  |TAMS 0x00000000cce00000| PB 0x00000000cce00000| Untracked 
| 207|0x00000000ccf00000, 0x00000000ccf00000, 0x00000000cd000000|  0%| F|  |TAMS 0x00000000ccf00000| PB 0x00000000ccf00000| Untracked 
| 208|0x00000000cd000000, 0x00000000cd000000, 0x00000000cd100000|  0%| F|  |TAMS 0x00000000cd000000| PB 0x00000000cd000000| Untracked 
| 209|0x00000000cd100000, 0x00000000cd100000, 0x00000000cd200000|  0%| F|  |TAMS 0x00000000cd100000| PB 0x00000000cd100000| Untracked 
| 210|0x00000000cd200000, 0x00000000cd200000, 0x00000000cd300000|  0%| F|  |TAMS 0x00000000cd200000| PB 0x00000000cd200000| Untracked 
| 211|0x00000000cd300000, 0x00000000cd300000, 0x00000000cd400000|  0%| F|  |TAMS 0x00000000cd300000| PB 0x00000000cd300000| Untracked 
| 212|0x00000000cd400000, 0x00000000cd400000, 0x00000000cd500000|  0%| F|  |TAMS 0x00000000cd400000| PB 0x00000000cd400000| Untracked 
| 213|0x00000000cd500000, 0x00000000cd500000, 0x00000000cd600000|  0%| F|  |TAMS 0x00000000cd500000| PB 0x00000000cd500000| Untracked 
| 214|0x00000000cd600000, 0x00000000cd600000, 0x00000000cd700000|  0%| F|  |TAMS 0x00000000cd600000| PB 0x00000000cd600000| Untracked 
| 215|0x00000000cd700000, 0x00000000cd700000, 0x00000000cd800000|  0%| F|  |TAMS 0x00000000cd700000| PB 0x00000000cd700000| Untracked 
| 216|0x00000000cd800000, 0x00000000cd800000, 0x00000000cd900000|  0%| F|  |TAMS 0x00000000cd800000| PB 0x00000000cd800000| Untracked 
| 217|0x00000000cd900000, 0x00000000cd900000, 0x00000000cda00000|  0%| F|  |TAMS 0x00000000cd900000| PB 0x00000000cd900000| Untracked 
| 218|0x00000000cda00000, 0x00000000cda00000, 0x00000000cdb00000|  0%| F|  |TAMS 0x00000000cda00000| PB 0x00000000cda00000| Untracked 
| 219|0x00000000cdb00000, 0x00000000cdb00000, 0x00000000cdc00000|  0%| F|  |TAMS 0x00000000cdb00000| PB 0x00000000cdb00000| Untracked 
| 220|0x00000000cdc00000, 0x00000000cdc00000, 0x00000000cdd00000|  0%| F|  |TAMS 0x00000000cdc00000| PB 0x00000000cdc00000| Untracked 
| 221|0x00000000cdd00000, 0x00000000cdd00000, 0x00000000cde00000|  0%| F|  |TAMS 0x00000000cdd00000| PB 0x00000000cdd00000| Untracked 
| 222|0x00000000cde00000, 0x00000000cde00000, 0x00000000cdf00000|  0%| F|  |TAMS 0x00000000cde00000| PB 0x00000000cde00000| Untracked 
| 223|0x00000000cdf00000, 0x00000000cdf00000, 0x00000000ce000000|  0%| F|  |TAMS 0x00000000cdf00000| PB 0x00000000cdf00000| Untracked 
| 224|0x00000000ce000000, 0x00000000ce000000, 0x00000000ce100000|  0%| F|  |TAMS 0x00000000ce000000| PB 0x00000000ce000000| Untracked 
| 225|0x00000000ce100000, 0x00000000ce200000, 0x00000000ce200000|100%| E|  |TAMS 0x00000000ce100000| PB 0x00000000ce100000| Complete 
| 226|0x00000000ce200000, 0x00000000ce300000, 0x00000000ce300000|100%| E|CS|TAMS 0x00000000ce200000| PB 0x00000000ce200000| Complete 
| 227|0x00000000ce300000, 0x00000000ce400000, 0x00000000ce400000|100%| E|CS|TAMS 0x00000000ce300000| PB 0x00000000ce300000| Complete 
| 228|0x00000000ce400000, 0x00000000ce500000, 0x00000000ce500000|100%| S|CS|TAMS 0x00000000ce400000| PB 0x00000000ce400000| Complete 
| 229|0x00000000ce500000, 0x00000000ce600000, 0x00000000ce600000|100%| S|CS|TAMS 0x00000000ce500000| PB 0x00000000ce500000| Complete 
| 230|0x00000000ce600000, 0x00000000ce700000, 0x00000000ce700000|100%| S|CS|TAMS 0x00000000ce600000| PB 0x00000000ce600000| Complete 
| 231|0x00000000ce700000, 0x00000000ce800000, 0x00000000ce800000|100%| S|CS|TAMS 0x00000000ce700000| PB 0x00000000ce700000| Complete 
| 232|0x00000000ce800000, 0x00000000ce900000, 0x00000000ce900000|100%| S|CS|TAMS 0x00000000ce800000| PB 0x00000000ce800000| Complete 
| 251|0x00000000cfb00000, 0x00000000cfc00000, 0x00000000cfc00000|100%| E|CS|TAMS 0x00000000cfb00000| PB 0x00000000cfb00000| Complete 
|1007|0x00000000fef00000, 0x00000000fef3ddc0, 0x00000000ff000000| 24%| O|  |TAMS 0x00000000fef00000| PB 0x00000000fef00000| Untracked 
|1008|0x00000000ff000000, 0x00000000ff100000, 0x00000000ff100000|100%| O|  |TAMS 0x00000000ff000000| PB 0x00000000ff000000| Untracked 
|1009|0x00000000ff100000, 0x00000000ff200000, 0x00000000ff200000|100%| O|  |TAMS 0x00000000ff100000| PB 0x00000000ff100000| Untracked 
|1010|0x00000000ff200000, 0x00000000ff300000, 0x00000000ff300000|100%| O|  |TAMS 0x00000000ff200000| PB 0x00000000ff200000| Untracked 
|1011|0x00000000ff300000, 0x00000000ff400000, 0x00000000ff400000|100%| E|CS|TAMS 0x00000000ff300000| PB 0x00000000ff300000| Complete 
|1012|0x00000000ff400000, 0x00000000ff500000, 0x00000000ff500000|100%| O|  |TAMS 0x00000000ff400000| PB 0x00000000ff400000| Untracked 
|1013|0x00000000ff500000, 0x00000000ff600000, 0x00000000ff600000|100%| O|  |TAMS 0x00000000ff500000| PB 0x00000000ff500000| Untracked 
|1014|0x00000000ff600000, 0x00000000ff700000, 0x00000000ff700000|100%| E|CS|TAMS 0x00000000ff600000| PB 0x00000000ff600000| Complete 
|1015|0x00000000ff700000, 0x00000000ff800000, 0x00000000ff800000|100%| O|  |TAMS 0x00000000ff700000| PB 0x00000000ff700000| Untracked 
|1016|0x00000000ff800000, 0x00000000ff900000, 0x00000000ff900000|100%| E|CS|TAMS 0x00000000ff800000| PB 0x00000000ff800000| Complete 
|1017|0x00000000ff900000, 0x00000000ffa00000, 0x00000000ffa00000|100%| E|CS|TAMS 0x00000000ff900000| PB 0x00000000ff900000| Complete 
|1018|0x00000000ffa00000, 0x00000000ffb00000, 0x00000000ffb00000|100%| E|CS|TAMS 0x00000000ffa00000| PB 0x00000000ffa00000| Complete 
|1019|0x00000000ffb00000, 0x00000000ffc00000, 0x00000000ffc00000|100%| O|  |TAMS 0x00000000ffb00000| PB 0x00000000ffb00000| Untracked 
|1020|0x00000000ffc00000, 0x00000000ffd00000, 0x00000000ffd00000|100%| O|  |TAMS 0x00000000ffc00000| PB 0x00000000ffc00000| Untracked 
|1021|0x00000000ffd00000, 0x00000000ffe00000, 0x00000000ffe00000|100%| O|  |TAMS 0x00000000ffd00000| PB 0x00000000ffd00000| Untracked 
|1022|0x00000000ffe00000, 0x00000000fff00000, 0x00000000fff00000|100%| O|  |TAMS 0x00000000ffe00000| PB 0x00000000ffe00000| Untracked 
|1023|0x00000000fff00000, 0x0000000100000000, 0x0000000100000000|100%| O|  |TAMS 0x00000000fff00000| PB 0x00000000fff00000| Untracked 

Card table byte_map: [0x0000022155b10000,0x0000022155d10000] _byte_map_base: 0x0000022155510000

Marking Bits: (CMBitMap*) 0x0000022142f65ee0
 Bits: [0x0000022155d10000, 0x0000022156d10000)

Polling page: 0x0000022141010000

Metaspace:

Usage:
  Non-class:    130.79 MB used.
      Class:     21.90 MB used.
       Both:    152.69 MB used.

Virtual space:
  Non-class space:      192.00 MB reserved,     132.00 MB ( 69%) committed,  3 nodes.
      Class space:        1.00 GB reserved,      23.12 MB (  2%) committed,  1 nodes.
             Both:        1.19 GB reserved,     155.12 MB ( 13%) committed. 

Chunk freelists:
   Non-Class:  11.44 MB
       Class:  8.92 MB
        Both:  20.36 MB

MaxMetaspaceSize: unlimited
CompressedClassSpaceSize: 1.00 GB
Initial GC threshold: 21.00 MB
Current GC threshold: 240.31 MB
CDS: off
 - commit_granule_bytes: 65536.
 - commit_granule_words: 8192.
 - virtual_space_node_default_size: 8388608.
 - enlarge_chunks_in_place: 1.
 - use_allocation_guard: 0.


Internal statistics:

num_allocs_failed_limit: 9.
num_arena_births: 5012.
num_arena_deaths: 40.
num_vsnodes_births: 4.
num_vsnodes_deaths: 0.
num_space_committed: 2481.
num_space_uncommitted: 0.
num_chunks_returned_to_freelist: 68.
num_chunks_taken_from_freelist: 11723.
num_chunk_merges: 33.
num_chunk_splits: 7771.
num_chunks_enlarged: 4956.
num_inconsistent_stats: 0.

CodeHeap 'non-profiled nmethods': size=119168Kb used=13460Kb max_used=13460Kb free=105707Kb
 bounds [0x000002214dc20000, 0x000002214e950000, 0x0000022155080000]
CodeHeap 'profiled nmethods': size=119104Kb used=37485Kb max_used=37485Kb free=81618Kb
 bounds [0x0000022146080000, 0x0000022148520000, 0x000002214d4d0000]
CodeHeap 'non-nmethods': size=7488Kb used=3968Kb max_used=4068Kb free=3519Kb
 bounds [0x000002214d4d0000, 0x000002214d8d0000, 0x000002214dc20000]
CodeCache: size=245760Kb, used=54913Kb, max_used=55013Kb, free=190844Kb
 total_blobs=20002, nmethods=19024, adapters=878, full_count=0
Compilation: enabled, stopped_count=0, restarted_count=0

Compilation events (20 events):
Event: 238.337 Thread 0x000002215a3c8da0 22145       3       jdk.nio.zipfs.ZipFileSystem::beginWrite (15 bytes)
Event: 238.337 Thread 0x000002215a3c8da0 nmethod 22145 0x00000221484fb210 code [0x00000221484fb3e0, 0x00000221484fb648]
Event: 238.340 Thread 0x0000022159e14bc0 22146       3       jdk.nio.zipfs.ZipFileSystem::endWrite (15 bytes)
Event: 238.340 Thread 0x000002216b625a50 22147       3       java.util.concurrent.locks.ReentrantReadWriteLock$WriteLock::unlock (10 bytes)
Event: 238.341 Thread 0x000002216b625a50 nmethod 22147 0x00000221484fb810 code [0x00000221484fb9e0, 0x00000221484fbcb0]
Event: 238.341 Thread 0x0000022159e14bc0 nmethod 22146 0x00000221484fbd90 code [0x00000221484fbf80, 0x00000221484fc368]
Event: 238.344 Thread 0x0000022159e14bc0 22148       3       jdk.nio.zipfs.ZipFileSystemProvider::readAttributes (9 bytes)
Event: 238.344 Thread 0x000002215a3c8da0 22150       3       java.time.chrono.ChronoLocalDateTime::toEpochSecond (50 bytes)
Event: 238.344 Thread 0x000002215a3c7930 22152       3       java.time.LocalDate::toEpochDay (154 bytes)
Event: 238.344 Thread 0x0000022159e14bc0 nmethod 22148 0x00000221484fc590 code [0x00000221484fc780, 0x00000221484fcce8]
Event: 238.344 Thread 0x000002215a3c7930 nmethod 22152 0x00000221484fce90 code [0x00000221484fd080, 0x00000221484fd588]
Event: 238.344 Thread 0x000002215a3c8da0 nmethod 22150 0x00000221484fd710 code [0x00000221484fd900, 0x00000221484fdd60]
Event: 238.345 Thread 0x000002216b625a50 22153       3       java.time.chrono.IsoChronology::isLeapYear (36 bytes)
Event: 238.345 Thread 0x000002216b625a50 nmethod 22153 0x00000221484fe010 code [0x00000221484fe1c0, 0x00000221484fe410]
Event: 238.359 Thread 0x000002215a3c8da0 22155       2       jdk.nio.zipfs.ZipFileSystem::getInode (36 bytes)
Event: 238.360 Thread 0x000002215a3c7930 22156       3       jdk.nio.zipfs.ZipFileSystem$$Lambda/0x000000010170aea0::apply (12 bytes)
Event: 238.360 Thread 0x000002216b625a50 22157       3       jdk.nio.zipfs.ZipFileSystem::lambda$createVersionedLinks$13 (22 bytes)
Event: 238.360 Thread 0x000002215a3c8da0 nmethod 22155 0x00000221484fe510 code [0x00000221484fe700, 0x00000221484fea20]
Event: 238.360 Thread 0x000002216b625a50 nmethod 22157 0x00000221484fec10 code [0x00000221484fede0, 0x00000221484ff100]
Event: 238.360 Thread 0x000002215a3c7930 nmethod 22156 0x00000221484ff210 code [0x00000221484ff3e0, 0x00000221484ff868]

GC Heap History (20 events):
Event: 11.146 GC heap before
{Heap before GC invocations=45 (full 0):
 garbage-first heap   total 196608K, used 182582K [0x00000000c0000000, 0x0000000100000000)
  region size 1024K, 62 young (63488K), 5 survivors (5120K)
 Metaspace       used 115298K, committed 117632K, reserved 1179648K
  class space    used 16314K, committed 17472K, reserved 1048576K
}
Event: 11.150 GC heap after
{Heap after GC invocations=46 (full 0):
 garbage-first heap   total 196608K, used 123666K [0x00000000c0000000, 0x0000000100000000)
  region size 1024K, 7 young (7168K), 7 survivors (7168K)
 Metaspace       used 115298K, committed 117632K, reserved 1179648K
  class space    used 16314K, committed 17472K, reserved 1048576K
}
Event: 12.284 GC heap before
{Heap before GC invocations=46 (full 0):
 garbage-first heap   total 196608K, used 169746K [0x00000000c0000000, 0x0000000100000000)
  region size 1024K, 54 young (55296K), 7 survivors (7168K)
 Metaspace       used 117172K, committed 119488K, reserved 1179648K
  class space    used 16549K, committed 17664K, reserved 1048576K
}
Event: 12.288 GC heap after
{Heap after GC invocations=47 (full 0):
 garbage-first heap   total 196608K, used 126471K [0x00000000c0000000, 0x0000000100000000)
  region size 1024K, 3 young (3072K), 3 survivors (3072K)
 Metaspace       used 117172K, committed 119488K, reserved 1179648K
  class space    used 16549K, committed 17664K, reserved 1048576K
}
Event: 12.719 GC heap before
{Heap before GC invocations=48 (full 0):
 garbage-first heap   total 215040K, used 180743K [0x00000000c0000000, 0x0000000100000000)
  region size 1024K, 55 young (56320K), 3 survivors (3072K)
 Metaspace       used 122476K, committed 124864K, reserved 1179648K
  class space    used 17395K, committed 18560K, reserved 1048576K
}
Event: 12.723 GC heap after
{Heap after GC invocations=49 (full 0):
 garbage-first heap   total 215040K, used 130472K [0x00000000c0000000, 0x0000000100000000)
  region size 1024K, 7 young (7168K), 7 survivors (7168K)
 Metaspace       used 122476K, committed 124864K, reserved 1179648K
  class space    used 17395K, committed 18560K, reserved 1048576K
}
Event: 13.110 GC heap before
{Heap before GC invocations=49 (full 0):
 garbage-first heap   total 215040K, used 193960K [0x00000000c0000000, 0x0000000100000000)
  region size 1024K, 70 young (71680K), 7 survivors (7168K)
 Metaspace       used 130069K, committed 132544K, reserved 1179648K
  class space    used 18756K, committed 19968K, reserved 1048576K
}
Event: 13.116 GC heap after
{Heap after GC invocations=50 (full 0):
 garbage-first heap   total 215040K, used 134321K [0x00000000c0000000, 0x0000000100000000)
  region size 1024K, 9 young (9216K), 9 survivors (9216K)
 Metaspace       used 130069K, committed 132544K, reserved 1179648K
  class space    used 18756K, committed 19968K, reserved 1048576K
}
Event: 13.359 GC heap before
{Heap before GC invocations=50 (full 0):
 garbage-first heap   total 215040K, used 192689K [0x00000000c0000000, 0x0000000100000000)
  region size 1024K, 67 young (68608K), 9 survivors (9216K)
 Metaspace       used 135840K, committed 138304K, reserved 1179648K
  class space    used 19657K, committed 20864K, reserved 1048576K
}
Event: 13.364 GC heap after
{Heap after GC invocations=51 (full 0):
 garbage-first heap   total 215040K, used 136401K [0x00000000c0000000, 0x0000000100000000)
  region size 1024K, 3 young (3072K), 3 survivors (3072K)
 Metaspace       used 135840K, committed 138304K, reserved 1179648K
  class space    used 19657K, committed 20864K, reserved 1048576K
}
Event: 13.916 GC heap before
{Heap before GC invocations=52 (full 0):
 garbage-first heap   total 229376K, used 198865K [0x00000000c0000000, 0x0000000100000000)
  region size 1024K, 63 young (64512K), 3 survivors (3072K)
 Metaspace       used 139620K, committed 142080K, reserved 1179648K
  class space    used 20422K, committed 21632K, reserved 1048576K
}
Event: 13.919 GC heap after
{Heap after GC invocations=53 (full 0):
 garbage-first heap   total 229376K, used 136128K [0x00000000c0000000, 0x0000000100000000)
  region size 1024K, 3 young (3072K), 3 survivors (3072K)
 Metaspace       used 139620K, committed 142080K, reserved 1179648K
  class space    used 20422K, committed 21632K, reserved 1048576K
}
Event: 236.191 GC heap before
{Heap before GC invocations=53 (full 0):
 garbage-first heap   total 229376K, used 225216K [0x00000000c0000000, 0x0000000100000000)
  region size 1024K, 77 young (78848K), 3 survivors (3072K)
 Metaspace       used 142786K, committed 145216K, reserved 1179648K
  class space    used 20845K, committed 22016K, reserved 1048576K
}
Event: 236.195 GC heap after
{Heap after GC invocations=54 (full 0):
 garbage-first heap   total 234496K, used 136900K [0x00000000c0000000, 0x0000000100000000)
  region size 1024K, 4 young (4096K), 4 survivors (4096K)
 Metaspace       used 142786K, committed 145216K, reserved 1179648K
  class space    used 20845K, committed 22016K, reserved 1048576K
}
Event: 236.868 GC heap before
{Heap before GC invocations=54 (full 0):
 garbage-first heap   total 234496K, used 212676K [0x00000000c0000000, 0x0000000100000000)
  region size 1024K, 80 young (81920K), 4 survivors (4096K)
 Metaspace       used 145112K, committed 147584K, reserved 1179648K
  class space    used 21058K, committed 22272K, reserved 1048576K
}
Event: 236.874 GC heap after
{Heap after GC invocations=55 (full 0):
 garbage-first heap   total 234496K, used 145438K [0x00000000c0000000, 0x0000000100000000)
  region size 1024K, 11 young (11264K), 11 survivors (11264K)
 Metaspace       used 145112K, committed 147584K, reserved 1179648K
  class space    used 21058K, committed 22272K, reserved 1048576K
}
Event: 237.423 GC heap before
{Heap before GC invocations=56 (full 0):
 garbage-first heap   total 249856K, used 226334K [0x00000000c0000000, 0x0000000100000000)
  region size 1024K, 73 young (74752K), 11 survivors (11264K)
 Metaspace       used 146692K, committed 149184K, reserved 1179648K
  class space    used 21189K, committed 22400K, reserved 1048576K
}
Event: 237.427 GC heap after
{Heap after GC invocations=57 (full 0):
 garbage-first heap   total 249856K, used 147271K [0x00000000c0000000, 0x0000000100000000)
  region size 1024K, 2 young (2048K), 2 survivors (2048K)
 Metaspace       used 146692K, committed 149184K, reserved 1179648K
  class space    used 21189K, committed 22400K, reserved 1048576K
}
Event: 238.184 GC heap before
{Heap before GC invocations=57 (full 0):
 garbage-first heap   total 249856K, used 239431K [0x00000000c0000000, 0x0000000100000000)
  region size 1024K, 87 young (89088K), 2 survivors (2048K)
 Metaspace       used 156196K, committed 158656K, reserved 1245184K
  class space    used 22403K, committed 23616K, reserved 1048576K
}
Event: 238.192 GC heap after
{Heap after GC invocations=58 (full 0):
 garbage-first heap   total 257024K, used 161015K [0x00000000c0000000, 0x0000000100000000)
  region size 1024K, 11 young (11264K), 11 survivors (11264K)
 Metaspace       used 156196K, committed 158656K, reserved 1245184K
  class space    used 22403K, committed 23616K, reserved 1048576K
}

Dll operation events (3 events):
Event: 0.006 Loaded shared library C:\Program Files\Android\Android Studio1\jbr\bin\java.dll
Event: 0.010 Loaded shared library C:\Program Files\Android\Android Studio1\jbr\bin\zip.dll
Event: 0.411 Loaded shared library C:\Program Files\Android\Android Studio1\jbr\bin\verify.dll

Deoptimization events (20 events):
Event: 238.344 Thread 0x00000221646ecf80 Uncommon trap: trap_request=0xffffff45 fr.pc=0x000002214e90e43c relative=0x000000000000019c
Event: 238.344 Thread 0x00000221646ecf80 Uncommon trap: reason=unstable_if action=reinterpret pc=0x000002214e90e43c method=java.time.LocalDate.toEpochDay()J @ 125 c2
Event: 238.344 Thread 0x00000221646ecf80 DEOPT PACKING pc=0x000002214e90e43c sp=0x00000034f2ef9220
Event: 238.344 Thread 0x00000221646ecf80 DEOPT UNPACKING pc=0x000002214d5246a2 sp=0x00000034f2ef91a0 mode 2
Event: 238.352 Thread 0x00000221646ecf80 Uncommon trap: trap_request=0xffffffde fr.pc=0x000002214e913c10 relative=0x0000000000000630
Event: 238.352 Thread 0x00000221646ecf80 Uncommon trap: reason=class_check action=maybe_recompile pc=0x000002214e913c10 method=jdk.nio.zipfs.ZipFileSystem.getInode([B)Ljdk/nio/zipfs/ZipFileSystem$IndexNode; @ 9 c2
Event: 238.352 Thread 0x00000221646ecf80 DEOPT PACKING pc=0x000002214e913c10 sp=0x00000034f2ef9600
Event: 238.352 Thread 0x00000221646ecf80 DEOPT UNPACKING pc=0x000002214d5246a2 sp=0x00000034f2ef95c0 mode 2
Event: 238.352 Thread 0x00000221646ecf80 Uncommon trap: trap_request=0xffffffde fr.pc=0x000002214e913c10 relative=0x0000000000000630
Event: 238.352 Thread 0x00000221646ecf80 Uncommon trap: reason=class_check action=maybe_recompile pc=0x000002214e913c10 method=jdk.nio.zipfs.ZipFileSystem.getInode([B)Ljdk/nio/zipfs/ZipFileSystem$IndexNode; @ 9 c2
Event: 238.352 Thread 0x00000221646ecf80 DEOPT PACKING pc=0x000002214e913c10 sp=0x00000034f2ef96d0
Event: 238.352 Thread 0x00000221646ecf80 DEOPT UNPACKING pc=0x000002214d5246a2 sp=0x00000034f2ef9690 mode 2
Event: 238.352 Thread 0x00000221646ecf80 Uncommon trap: trap_request=0xffffffde fr.pc=0x000002214e913c10 relative=0x0000000000000630
Event: 238.352 Thread 0x00000221646ecf80 Uncommon trap: reason=class_check action=maybe_recompile pc=0x000002214e913c10 method=jdk.nio.zipfs.ZipFileSystem.getInode([B)Ljdk/nio/zipfs/ZipFileSystem$IndexNode; @ 9 c2
Event: 238.352 Thread 0x00000221646ecf80 DEOPT PACKING pc=0x000002214e913c10 sp=0x00000034f2ef9840
Event: 238.352 Thread 0x00000221646ecf80 DEOPT UNPACKING pc=0x000002214d5246a2 sp=0x00000034f2ef9800 mode 2
Event: 238.352 Thread 0x00000221646ecf80 Uncommon trap: trap_request=0xffffffde fr.pc=0x000002214e913c10 relative=0x0000000000000630
Event: 238.352 Thread 0x00000221646ecf80 Uncommon trap: reason=class_check action=maybe_recompile pc=0x000002214e913c10 method=jdk.nio.zipfs.ZipFileSystem.getInode([B)Ljdk/nio/zipfs/ZipFileSystem$IndexNode; @ 9 c2
Event: 238.352 Thread 0x00000221646ecf80 DEOPT PACKING pc=0x000002214e913c10 sp=0x00000034f2ef9590
Event: 238.352 Thread 0x00000221646ecf80 DEOPT UNPACKING pc=0x000002214d5246a2 sp=0x00000034f2ef9550 mode 2

Classes loaded (20 events):
Event: 238.132 Loading class java/nio/file/attribute/AclFileAttributeView
Event: 238.132 Loading class java/nio/file/attribute/FileOwnerAttributeView
Event: 238.132 Loading class java/nio/file/attribute/FileOwnerAttributeView done
Event: 238.132 Loading class java/nio/file/attribute/AclFileAttributeView done
Event: 238.132 Loading class sun/nio/fs/AbstractAclFileAttributeView done
Event: 238.132 Loading class sun/nio/fs/WindowsAclFileAttributeView done
Event: 238.132 Loading class sun/nio/fs/WindowsSecurity
Event: 238.132 Loading class sun/nio/fs/WindowsSecurity done
Event: 238.133 Loading class sun/nio/fs/WindowsFileStore
Event: 238.133 Loading class sun/nio/fs/WindowsFileStore done
Event: 238.137 Loading class java/nio/file/attribute/PosixFileAttributeView
Event: 238.137 Loading class java/nio/file/attribute/PosixFileAttributeView done
Event: 238.152 Loading class java/time/DateTimeException
Event: 238.152 Loading class java/time/DateTimeException done
Event: 238.152 Loading class java/util/regex/PatternSyntaxException
Event: 238.152 Loading class java/util/regex/PatternSyntaxException done
Event: 238.153 Loading class java/nio/file/SimpleFileVisitor
Event: 238.153 Loading class java/nio/file/SimpleFileVisitor done
Event: 238.153 Loading class java/nio/file/DirectoryIteratorException
Event: 238.153 Loading class java/nio/file/DirectoryIteratorException done

Classes unloaded (20 events):
Event: 236.934 Thread 0x0000022159cfcca0 Unloading class 0x0000000101351c00 'java/lang/invoke/LambdaForm$DMH+0x0000000101351c00'
Event: 236.934 Thread 0x0000022159cfcca0 Unloading class 0x0000000101350400 'java/lang/invoke/LambdaForm$DMH+0x0000000101350400'
Event: 236.934 Thread 0x0000022159cfcca0 Unloading class 0x0000000101351800 'java/lang/invoke/LambdaForm$DMH+0x0000000101351800'
Event: 236.934 Thread 0x0000022159cfcca0 Unloading class 0x0000000101350800 'java/lang/invoke/LambdaForm$DMH+0x0000000101350800'
Event: 236.934 Thread 0x0000022159cfcca0 Unloading class 0x0000000101350c00 'java/lang/invoke/LambdaForm$DMH+0x0000000101350c00'
Event: 236.934 Thread 0x0000022159cfcca0 Unloading class 0x0000000101351000 'java/lang/invoke/LambdaForm$DMH+0x0000000101351000'
Event: 236.934 Thread 0x0000022159cfcca0 Unloading class 0x0000000101350000 'java/lang/invoke/LambdaForm$DMH+0x0000000101350000'
Event: 236.934 Thread 0x0000022159cfcca0 Unloading class 0x00000001012a9800 'java/lang/invoke/LambdaForm$DMH+0x00000001012a9800'
Event: 236.934 Thread 0x0000022159cfcca0 Unloading class 0x00000001012a9400 'java/lang/invoke/LambdaForm$DMH+0x00000001012a9400'
Event: 236.934 Thread 0x0000022159cfcca0 Unloading class 0x00000001012a9000 'java/lang/invoke/LambdaForm$DMH+0x00000001012a9000'
Event: 236.934 Thread 0x0000022159cfcca0 Unloading class 0x00000001012a8c00 'java/lang/invoke/LambdaForm$DMH+0x00000001012a8c00'
Event: 236.934 Thread 0x0000022159cfcca0 Unloading class 0x00000001012a8800 'java/lang/invoke/LambdaForm$DMH+0x00000001012a8800'
Event: 236.934 Thread 0x0000022159cfcca0 Unloading class 0x00000001012a8400 'java/lang/invoke/LambdaForm$DMH+0x00000001012a8400'
Event: 236.934 Thread 0x0000022159cfcca0 Unloading class 0x0000000101153c00 'jdk/internal/reflect/GeneratedSerializationConstructorAccessor141'
Event: 236.934 Thread 0x0000022159cfcca0 Unloading class 0x0000000101153800 'jdk/internal/reflect/GeneratedSerializationConstructorAccessor140'
Event: 236.934 Thread 0x0000022159cfcca0 Unloading class 0x0000000101153000 'jdk/internal/reflect/GeneratedSerializationConstructorAccessor139'
Event: 236.934 Thread 0x0000022159cfcca0 Unloading class 0x0000000101153400 'jdk/internal/reflect/GeneratedSerializationConstructorAccessor138'
Event: 236.934 Thread 0x0000022159cfcca0 Unloading class 0x0000000101152c00 'jdk/internal/reflect/GeneratedSerializationConstructorAccessor137'
Event: 236.934 Thread 0x0000022159cfcca0 Unloading class 0x0000000101152800 'jdk/internal/reflect/GeneratedSerializationConstructorAccessor136'
Event: 236.934 Thread 0x0000022159cfcca0 Unloading class 0x0000000101152400 'jdk/internal/reflect/GeneratedSerializationConstructorAccessor134'

Classes redefined (0 events):
No events

Internal exceptions (20 events):
Event: 237.755 Thread 0x00000221646ecf80 Exception <a 'sun/nio/fs/WindowsException'{0x00000000cbe833f8}> (0x00000000cbe833f8) 
thrown [s\src\hotspot\share\prims\jni.cpp, line 537]
Event: 237.756 Thread 0x00000221646ecf80 Exception <a 'sun/nio/fs/WindowsException'{0x00000000cbe842e0}> (0x00000000cbe842e0) 
thrown [s\src\hotspot\share\prims\jni.cpp, line 537]
Event: 237.756 Thread 0x00000221646ecf80 Exception <a 'sun/nio/fs/WindowsException'{0x00000000cbe85208}> (0x00000000cbe85208) 
thrown [s\src\hotspot\share\prims\jni.cpp, line 537]
Event: 237.757 Thread 0x00000221646ecf80 Exception <a 'sun/nio/fs/WindowsException'{0x00000000cbe86148}> (0x00000000cbe86148) 
thrown [s\src\hotspot\share\prims\jni.cpp, line 537]
Event: 237.758 Thread 0x00000221646ecf80 Exception <a 'sun/nio/fs/WindowsException'{0x00000000cbe87038}> (0x00000000cbe87038) 
thrown [s\src\hotspot\share\prims\jni.cpp, line 537]
Event: 237.759 Thread 0x00000221646ecf80 Exception <a 'sun/nio/fs/WindowsException'{0x00000000cbe87f18}> (0x00000000cbe87f18) 
thrown [s\src\hotspot\share\prims\jni.cpp, line 537]
Event: 237.759 Thread 0x00000221646ecf80 Exception <a 'sun/nio/fs/WindowsException'{0x00000000cbe88e28}> (0x00000000cbe88e28) 
thrown [s\src\hotspot\share\prims\jni.cpp, line 537]
Event: 237.760 Thread 0x00000221646ecf80 Exception <a 'sun/nio/fs/WindowsException'{0x00000000cbe89cc8}> (0x00000000cbe89cc8) 
thrown [s\src\hotspot\share\prims\jni.cpp, line 537]
Event: 237.761 Thread 0x00000221646ecf80 Exception <a 'sun/nio/fs/WindowsException'{0x00000000cbe8abe0}> (0x00000000cbe8abe0) 
thrown [s\src\hotspot\share\prims\jni.cpp, line 537]
Event: 237.761 Thread 0x00000221646ecf80 Exception <a 'sun/nio/fs/WindowsException'{0x00000000cbe8ba68}> (0x00000000cbe8ba68) 
thrown [s\src\hotspot\share\prims\jni.cpp, line 537]
Event: 237.762 Thread 0x00000221646ecf80 Exception <a 'sun/nio/fs/WindowsException'{0x00000000cbe8c900}> (0x00000000cbe8c900) 
thrown [s\src\hotspot\share\prims\jni.cpp, line 537]
Event: 237.763 Thread 0x00000221646ecf80 Exception <a 'sun/nio/fs/WindowsException'{0x00000000cbe8d818}> (0x00000000cbe8d818) 
thrown [s\src\hotspot\share\prims\jni.cpp, line 537]
Event: 237.763 Thread 0x00000221646ecf80 Exception <a 'sun/nio/fs/WindowsException'{0x00000000cbe8e620}> (0x00000000cbe8e620) 
thrown [s\src\hotspot\share\prims\jni.cpp, line 537]
Event: 237.764 Thread 0x00000221646ecf80 Exception <a 'sun/nio/fs/WindowsException'{0x00000000cbe8f528}> (0x00000000cbe8f528) 
thrown [s\src\hotspot\share\prims\jni.cpp, line 537]
Event: 237.892 Thread 0x00000221646ecf80 Exception <a 'sun/nio/fs/WindowsException'{0x00000000cb543e90}> (0x00000000cb543e90) 
thrown [s\src\hotspot\share\prims\jni.cpp, line 537]
Event: 237.894 Thread 0x00000221646ecf80 Exception <a 'java/lang/NoSuchMethodError'{0x00000000cb553100}: 'java.lang.Object java.lang.invoke.DirectMethodHandle$Holder.invokeSpecial(java.lang.Object, java.lang.Object, java.lang.Object, java.lang.Object, java.lang.Object, int, int)'> (0x00000000cb553100) 
thrown [s\src\hotspot\share\interpreter\linkResolver.cpp, line 784]
Event: 238.092 Thread 0x00000221646ecf80 Exception <a 'sun/nio/fs/WindowsException'{0x00000000c95ef930}> (0x00000000c95ef930) 
thrown [s\src\hotspot\share\prims\jni.cpp, line 537]
Event: 238.131 Thread 0x00000221646ecf80 Implicit null exception at 0x000002214e221fdd to 0x000002214e2221f4
Event: 238.205 Thread 0x00000221646ecf80 Implicit null exception at 0x000002214e900fb6 to 0x000002214e9019ed
Event: 238.205 Thread 0x00000221646ecf80 Implicit null exception at 0x000002214e9089c4 to 0x000002214e908cdc

ZGC Phase Switch (0 events):
No events

VM Operations (20 events):
Event: 238.064 Executing VM operation: HandshakeAllThreads (Deoptimize)
Event: 238.064 Executing VM operation: HandshakeAllThreads (Deoptimize) done
Event: 238.097 Executing VM operation: HandshakeAllThreads (Deoptimize)
Event: 238.098 Executing VM operation: HandshakeAllThreads (Deoptimize) done
Event: 238.101 Executing VM operation: HandshakeAllThreads (Deoptimize)
Event: 238.101 Executing VM operation: HandshakeAllThreads (Deoptimize) done
Event: 238.110 Executing VM operation: HandshakeAllThreads (Deoptimize)
Event: 238.110 Executing VM operation: HandshakeAllThreads (Deoptimize) done
Event: 238.114 Executing VM operation: HandshakeAllThreads (Deoptimize)
Event: 238.114 Executing VM operation: HandshakeAllThreads (Deoptimize) done
Event: 238.118 Executing VM operation: HandshakeAllThreads (Deoptimize)
Event: 238.118 Executing VM operation: HandshakeAllThreads (Deoptimize) done
Event: 238.129 Executing VM operation: HandshakeAllThreads (Deoptimize)
Event: 238.130 Executing VM operation: HandshakeAllThreads (Deoptimize) done
Event: 238.136 Executing VM operation: HandshakeAllThreads (Deoptimize)
Event: 238.137 Executing VM operation: HandshakeAllThreads (Deoptimize) done
Event: 238.155 Executing VM operation: HandshakeAllThreads (Deoptimize)
Event: 238.155 Executing VM operation: HandshakeAllThreads (Deoptimize) done
Event: 238.184 Executing VM operation: G1CollectForAllocation (G1 Evacuation Pause)
Event: 238.192 Executing VM operation: G1CollectForAllocation (G1 Evacuation Pause) done

Memory protections (0 events):
No events

Nmethod flushes (20 events):
Event: 236.944 Thread 0x0000022159cfcca0 flushing  nmethod 0x0000022146471690
Event: 236.944 Thread 0x0000022159cfcca0 flushing  nmethod 0x0000022146542010
Event: 236.944 Thread 0x0000022159cfcca0 flushing  nmethod 0x0000022146542590
Event: 236.944 Thread 0x0000022159cfcca0 flushing  nmethod 0x0000022146544390
Event: 236.944 Thread 0x0000022159cfcca0 flushing  nmethod 0x0000022146646990
Event: 236.944 Thread 0x0000022159cfcca0 flushing  nmethod 0x00000221466fcd10
Event: 236.944 Thread 0x0000022159cfcca0 flushing  nmethod 0x0000022146bd2990
Event: 236.944 Thread 0x0000022159cfcca0 flushing  nmethod 0x0000022146c54190
Event: 236.944 Thread 0x0000022159cfcca0 flushing  nmethod 0x0000022146ddd790
Event: 236.944 Thread 0x0000022159cfcca0 flushing  nmethod 0x0000022146f03e10
Event: 236.944 Thread 0x0000022159cfcca0 flushing  nmethod 0x00000221478afb90
Event: 236.944 Thread 0x0000022159cfcca0 flushing  nmethod 0x00000221478b0790
Event: 236.944 Thread 0x0000022159cfcca0 flushing  nmethod 0x00000221478b1d10
Event: 236.944 Thread 0x0000022159cfcca0 flushing  nmethod 0x00000221478b2590
Event: 236.944 Thread 0x0000022159cfcca0 flushing  nmethod 0x00000221478b2e10
Event: 236.944 Thread 0x0000022159cfcca0 flushing  nmethod 0x00000221478b3210
Event: 236.944 Thread 0x0000022159cfcca0 flushing  nmethod 0x00000221478b3890
Event: 236.944 Thread 0x0000022159cfcca0 flushing  nmethod 0x00000221478b5010
Event: 236.944 Thread 0x0000022159cfcca0 flushing  nmethod 0x00000221479c5010
Event: 236.944 Thread 0x0000022159cfcca0 flushing  nmethod 0x00000221479cf510

Events (20 events):
Event: 237.508 Thread 0x00000221646ecf80 Thread added: 0x0000022164d63fb0
Event: 237.508 Thread 0x00000221646ecf80 Thread added: 0x00000221639e3490
Event: 237.508 Thread 0x00000221646ecf80 Thread added: 0x00000221639e5560
Event: 237.508 Thread 0x00000221646ecf80 Thread added: 0x00000221639e5bf0
Event: 237.556 Thread 0x00000221646ecf80 Thread added: 0x00000221639e6280
Event: 237.588 Thread 0x00000221646ecf80 Thread added: 0x00000221639e2e00
Event: 237.588 Thread 0x00000221646ecf80 Thread added: 0x00000221639e89e0
Event: 237.588 Thread 0x00000221646ecf80 Thread added: 0x00000221639e9070
Event: 237.588 Thread 0x00000221646ecf80 Thread added: 0x00000221639ea420
Event: 237.588 Thread 0x00000221646ecf80 Thread added: 0x00000221639e9700
Event: 237.588 Thread 0x00000221646ecf80 Thread added: 0x00000221639e9d90
Event: 237.589 Thread 0x00000221646ecf80 Thread added: 0x000002215fcf4870
Event: 237.589 Thread 0x00000221646ecf80 Thread added: 0x000002215fcf41e0
Event: 237.589 Thread 0x00000221646ecf80 Thread added: 0x000002215fcf62b0
Event: 237.589 Thread 0x00000221646ecf80 Thread added: 0x000002215fcf5590
Event: 237.589 Thread 0x00000221646ecf80 Thread added: 0x000002215fcf6940
Event: 237.589 Thread 0x00000221646ecf80 Thread added: 0x000002215fcf4f00
Event: 237.589 Thread 0x00000221646ecf80 Thread added: 0x000002215fcf3b50
Event: 237.589 Thread 0x00000221646ecf80 Thread added: 0x000002215fcf8380
Event: 237.589 Thread 0x00000221646ecf80 Thread added: 0x000002215fcf90a0


Dynamic libraries:
0x00007ff603850000 - 0x00007ff60385a000 	C:\Program Files\Android\Android Studio1\jbr\bin\java.exe
0x00007ffe464a0000 - 0x00007ffe46708000 	C:\WINDOWS\SYSTEM32\ntdll.dll
0x00007ffe44240000 - 0x00007ffe44309000 	C:\WINDOWS\System32\KERNEL32.DLL
0x00007ffe42d80000 - 0x00007ffe43171000 	C:\WINDOWS\System32\KERNELBASE.dll
0x00007ffe43180000 - 0x00007ffe432cb000 	C:\WINDOWS\System32\ucrtbase.dll
0x00007ffdcda20000 - 0x00007ffdcda3b000 	C:\Program Files\Android\Android Studio1\jbr\bin\VCRUNTIME140.dll
0x00007ffe38db0000 - 0x00007ffe38dc8000 	C:\Program Files\Android\Android Studio1\jbr\bin\jli.dll
0x00007ffe44f80000 - 0x00007ffe45146000 	C:\WINDOWS\System32\USER32.dll
0x00007ffe43df0000 - 0x00007ffe43e17000 	C:\WINDOWS\System32\win32u.dll
0x00007ffe24cf0000 - 0x00007ffe24f83000 	C:\WINDOWS\WinSxS\amd64_microsoft.windows.common-controls_6595b64144ccf1df_6.0.26100.7705_none_3e06597ae3363b04\COMCTL32.dll
0x00007ffe46370000 - 0x00007ffe4639b000 	C:\WINDOWS\System32\GDI32.dll
0x00007ffe44810000 - 0x00007ffe448b9000 	C:\WINDOWS\System32\msvcrt.dll
0x00007ffe43f90000 - 0x00007ffe440bb000 	C:\WINDOWS\System32\gdi32full.dll
0x00007ffe43380000 - 0x00007ffe43423000 	C:\WINDOWS\System32\msvcp_win.dll
0x00007ffe455e0000 - 0x00007ffe45611000 	C:\WINDOWS\System32\IMM32.DLL
0x00007ffe0b2b0000 - 0x00007ffe0b2bc000 	C:\Program Files\Android\Android Studio1\jbr\bin\vcruntime140_1.dll
0x00007ffdfaa10000 - 0x00007ffdfaa9d000 	C:\Program Files\Android\Android Studio1\jbr\bin\msvcp140.dll
0x00007ffd7dd40000 - 0x00007ffd7e9d6000 	C:\Program Files\Android\Android Studio1\jbr\bin\server\jvm.dll
0x00007ffe445b0000 - 0x00007ffe44664000 	C:\WINDOWS\System32\ADVAPI32.dll
0x00007ffe45740000 - 0x00007ffe457e6000 	C:\WINDOWS\System32\sechost.dll
0x00007ffe45620000 - 0x00007ffe45738000 	C:\WINDOWS\System32\RPCRT4.dll
0x00007ffe44460000 - 0x00007ffe444d4000 	C:\WINDOWS\System32\WS2_32.dll
0x00007ffe42970000 - 0x00007ffe429ce000 	C:\WINDOWS\SYSTEM32\POWRPROF.dll
0x00007ffe38bc0000 - 0x00007ffe38bcb000 	C:\WINDOWS\SYSTEM32\VERSION.dll
0x00007ffe3a540000 - 0x00007ffe3a575000 	C:\WINDOWS\SYSTEM32\WINMM.dll
0x00007ffe42950000 - 0x00007ffe42964000 	C:\WINDOWS\SYSTEM32\UMPDC.dll
0x00007ffe41b30000 - 0x00007ffe41b4b000 	C:\WINDOWS\SYSTEM32\kernel.appcore.dll
0x00007ffe09150000 - 0x00007ffe0915a000 	C:\Program Files\Android\Android Studio1\jbr\bin\jimage.dll
0x00007ffe40e70000 - 0x00007ffe410b2000 	C:\WINDOWS\SYSTEM32\DBGHELP.DLL
0x00007ffe45fe0000 - 0x00007ffe46366000 	C:\WINDOWS\System32\combase.dll
0x00007ffe449d0000 - 0x00007ffe44aa7000 	C:\WINDOWS\System32\OLEAUT32.dll
0x00007ffe20a90000 - 0x00007ffe20acb000 	C:\WINDOWS\SYSTEM32\dbgcore.DLL
0x00007ffe432d0000 - 0x00007ffe43375000 	C:\WINDOWS\System32\bcryptPrimitives.dll
0x00007ffe38320000 - 0x00007ffe3832e000 	C:\Program Files\Android\Android Studio1\jbr\bin\instrument.dll
0x00007ffdc7f40000 - 0x00007ffdc7f60000 	C:\Program Files\Android\Android Studio1\jbr\bin\java.dll
0x00007ffdc6ee0000 - 0x00007ffdc6ef8000 	C:\Program Files\Android\Android Studio1\jbr\bin\zip.dll
0x00007ffe45880000 - 0x00007ffe45fd1000 	C:\WINDOWS\System32\SHELL32.dll
0x00007ffe43e20000 - 0x00007ffe43f8a000 	C:\WINDOWS\System32\wintypes.dll
0x00007ffe434f0000 - 0x00007ffe43d52000 	C:\WINDOWS\System32\windows.storage.dll
0x00007ffe44d10000 - 0x00007ffe44e06000 	C:\WINDOWS\System32\SHCORE.dll
0x00007ffe44540000 - 0x00007ffe445a7000 	C:\WINDOWS\System32\shlwapi.dll
0x00007ffe42ca0000 - 0x00007ffe42cc9000 	C:\WINDOWS\SYSTEM32\profapi.dll
0x00007ffe09090000 - 0x00007ffe090a0000 	C:\Program Files\Android\Android Studio1\jbr\bin\net.dll
0x00007ffe389e0000 - 0x00007ffe38b07000 	C:\WINDOWS\SYSTEM32\WINHTTP.dll
0x00007ffe420a0000 - 0x00007ffe4210b000 	C:\WINDOWS\system32\mswsock.dll
0x00007ffdc3ca0000 - 0x00007ffdc3cb6000 	C:\Program Files\Android\Android Studio1\jbr\bin\nio.dll
0x00007ffdfa8c0000 - 0x00007ffdfa8d0000 	C:\Program Files\Android\Android Studio1\jbr\bin\verify.dll
0x00007ffde8ba0000 - 0x00007ffde8bc7000 	C:\Users\twist\.gradle\native\1def1411415f61bf3af743bc5b6707747c0891f09f0c88961ee8f79bc544acac\windows-amd64\native-platform.dll
0x00007ffdfa990000 - 0x00007ffdfaa07000 	C:\Users\twist\.gradle\native\0.2.8\x86_64-windows-gnu\gradle-fileevents.dll
0x00007ffe07900000 - 0x00007ffe07909000 	C:\Program Files\Android\Android Studio1\jbr\bin\management.dll
0x00007ffdfabf0000 - 0x00007ffdfabfb000 	C:\Program Files\Android\Android Studio1\jbr\bin\management_ext.dll
0x00007ffe457f0000 - 0x00007ffe457f8000 	C:\WINDOWS\System32\PSAPI.DLL
0x00007ffe41550000 - 0x00007ffe41584000 	C:\WINDOWS\SYSTEM32\IPHLPAPI.DLL
0x00007ffe44c90000 - 0x00007ffe44c9a000 	C:\WINDOWS\System32\NSI.dll
0x00007ffe08db0000 - 0x00007ffe08db9000 	C:\Program Files\Android\Android Studio1\jbr\bin\extnet.dll
0x00007ffe42360000 - 0x00007ffe4237b000 	C:\WINDOWS\SYSTEM32\CRYPTSP.dll
0x00007ffe41a70000 - 0x00007ffe41aa9000 	C:\WINDOWS\system32\rsaenh.dll
0x00007ffe42150000 - 0x00007ffe4217b000 	C:\WINDOWS\SYSTEM32\USERENV.dll
0x00007ffe42c70000 - 0x00007ffe42c9a000 	C:\WINDOWS\SYSTEM32\bcrypt.dll
0x00007ffe42380000 - 0x00007ffe4238c000 	C:\WINDOWS\SYSTEM32\CRYPTBASE.dll
0x00007ffe0b3a0000 - 0x00007ffe0b3a8000 	C:\WINDOWS\system32\wshunix.dll
0x00007ffe41c50000 - 0x00007ffe41c86000 	C:\WINDOWS\SYSTEM32\ntmarta.dll

JVMTI agents:
C:\Users\twist\.gradle\wrapper\dists\gradle-9.1.0-bin\9agqghryom9wkf8r80qlhnts3\gradle-9.1.0\lib\agents\gradle-instrumentation-agent-9.1.0.jar path:C:\Program Files\Android\Android Studio1\jbr\bin\instrument.dll, loaded, initialized, instrumentlib options:none

dbghelp: loaded successfully - version: 4.0.5 - missing functions: none
symbol engine: initialized successfully - sym options: 0x614 - pdb path: .;C:\Program Files\Android\Android Studio1\jbr\bin;C:\WINDOWS\SYSTEM32;C:\WINDOWS\WinSxS\amd64_microsoft.windows.common-controls_6595b64144ccf1df_6.0.26100.7705_none_3e06597ae3363b04;C:\Program Files\Android\Android Studio1\jbr\bin\server;C:\Users\twist\.gradle\native\1def1411415f61bf3af743bc5b6707747c0891f09f0c88961ee8f79bc544acac\windows-amd64;C:\Users\twist\.gradle\native\0.2.8\x86_64-windows-gnu

VM Arguments:
jvm_args: --add-opens=java.base/java.lang=ALL-UNNAMED --add-opens=java.base/java.lang.invoke=ALL-UNNAMED --add-opens=java.base/java.util=ALL-UNNAMED --add-opens=java.prefs/java.util.prefs=ALL-UNNAMED --add-exports=jdk.compiler/com.sun.tools.javac.api=ALL-UNNAMED --add-exports=jdk.compiler/com.sun.tools.javac.util=ALL-UNNAMED --add-opens=java.base/java.util=ALL-UNNAMED --add-opens=java.prefs/java.util.prefs=ALL-UNNAMED --add-opens=java.base/java.nio.charset=ALL-UNNAMED --add-opens=java.base/java.net=ALL-UNNAMED --add-opens=java.base/java.util.concurrent=ALL-UNNAMED --add-opens=java.base/java.util.concurrent.atomic=ALL-UNNAMED --add-opens=java.xml/javax.xml.namespace=ALL-UNNAMED --add-opens=java.base/java.time=ALL-UNNAMED -Xmx1024m -Dfile.encoding=UTF-8 -Duser.country=IN -Duser.language=en -Duser.variant -javaagent:C:\Users\twist\.gradle\wrapper\dists\gradle-9.1.0-bin\9agqghryom9wkf8r80qlhnts3\gradle-9.1.0\lib\agents\gradle-instrumentation-agent-9.1.0.jar 
java_command: org.gradle.launcher.daemon.bootstrap.GradleDaemon 9.1.0
java_class_path (initial): C:\Users\twist\.gradle\wrapper\dists\gradle-9.1.0-bin\9agqghryom9wkf8r80qlhnts3\gradle-9.1.0\lib\gradle-daemon-main-9.1.0.jar
Launcher Type: SUN_STANDARD

[Global flags]
     intx CICompilerCount                          = 12                                        {product} {ergonomic}
     uint ConcGCThreads                            = 3                                         {product} {ergonomic}
     uint G1ConcRefinementThreads                  = 13                                        {product} {ergonomic}
   size_t G1HeapRegionSize                         = 1048576                                   {product} {ergonomic}
    uintx GCDrainStackTargetSize                   = 64                                        {product} {ergonomic}
   size_t InitialHeapSize                          = 264241152                                 {product} {ergonomic}
   size_t MarkStackSize                            = 4194304                                   {product} {ergonomic}
   size_t MaxHeapSize                              = 1073741824                                {product} {command line}
   size_t MaxNewSize                               = 643825664                                 {product} {ergonomic}
   size_t MinHeapDeltaBytes                        = 1048576                                   {product} {ergonomic}
   size_t MinHeapSize                              = 8388608                                   {product} {ergonomic}
    uintx NonNMethodCodeHeapSize                   = 7602480                                {pd product} {ergonomic}
    uintx NonProfiledCodeHeapSize                  = 122027880                              {pd product} {ergonomic}
    uintx ProfiledCodeHeapSize                     = 122027880                              {pd product} {ergonomic}
    uintx ReservedCodeCacheSize                    = 251658240                              {pd product} {ergonomic}
     bool SegmentedCodeCache                       = true                                      {product} {ergonomic}
   size_t SoftMaxHeapSize                          = 1073741824                             {manageable} {ergonomic}
     bool UseCompressedOops                        = true                           {product lp64_product} {ergonomic}
     bool UseG1GC                                  = true                                      {product} {ergonomic}
     bool UseLargePagesIndividualAllocation        = false                                  {pd product} {ergonomic}

Logging:
Log output configuration:
 #0: stdout all=warning uptime,level,tags foldmultilines=false
 #1: stderr all=off uptime,level,tags foldmultilines=false

Environment Variables:
PATH=C:\Program Files\Eclipse Adoptium\jdk-17.0.17.10-hotspot\bin;C:\Program Files (x86)\Microsoft SDKs\Azure\CLI2\wbin;C:\Program Files\Common Files\Oracle\Java\javapath;C:\Program Files (x86)\Common Files\Oracle\Java\java8path;C:\Program Files (x86)\Common Files\Oracle\Java\javapath;C:\Windows\system32;C:\Windows;C:\Windows\System32\Wbem;C:\Windows\System32\WindowsPowerShell\v1.0\;C:\Windows\System32\OpenSSH\;C:\Program Files\dotnet\;C:\Program Files (x86)\NVIDIA Corporation\PhysX\Common;C:\MinGW\bin;C:\HOME\MATLAB\bin;C:\Program Files\nodejs\;C:\WINDOWS\system32;C:\WINDOWS;C:\WINDOWS\System32\Wbem;C:\WINDOWS\System32\WindowsPowerShell\v1.0\;C:\WINDOWS\System32\OpenSSH\;C:\Program Files\NVIDIA Corporation\NVIDIA app\NvDLISR;C:\Program Files\Git\cmd;C:\Program Files\cursor\resources\app\bin;C:\ProgramData\chocolatey\bin;C:\Users\twist\AppData\Local\Programs\Python\Python310\Scripts\;C:\Users\twist\AppData\Local\Programs\Python\Python310\;C:\Apps\python-3.10.0-embed-amd64\python310;C:\Users\twist\AppData\Local\Programs\Microsoft VS Code\bin
USERNAME=twist
OS=Windows_NT
PROCESSOR_IDENTIFIER=Intel64 Family 6 Model 154 Stepping 3, GenuineIntel
TMP=C:\Users\twist\AppData\Local\Temp
TEMP=C:\Users\twist\AppData\Local\Temp




Periodic native trim disabled

JNI global refs:
JNI global refs: 38, weak refs: 4

JNI global refs memory usage: 835, weak refs: 833

Process memory usage:
Resident Set Size: 672244K (4% of 16454388K total physical memory with 946828K free physical memory)

OOME stack traces (most recent first):
Classloader memory used:
Loader org.gradle.internal.classloader.VisitableURLClassLoader$InstrumentingVisitableURLClassLoader: 55991K
Loader org.gradle.internal.classloader.VisitableURLClassLoader                         : 46511K
Loader bootstrap                                                                       : 31696K
Loader org.gradle.initialization.MixInLegacyTypesClassLoader                           : 13681K
Loader jdk.internal.loader.ClassLoaders$AppClassLoader                                 : 6755K
Loader jdk.internal.loader.ClassLoaders$PlatformClassLoader                            : 638K
Loader jdk.internal.reflect.DelegatingClassLoader                                      : 541K
Loader jdk.internal.jrtfs.JrtFileSystemProvider$JrtFsLoader                            : 267K
Loader org.gradle.internal.classloader.VisitableURLClassLoader                         : 178K
Loader org.gradle.groovy.scripts.internal.DefaultScriptCompilationHandler$ScriptClassLoader: 128K
Loader sun.reflect.misc.MethodUtil                                                     : 2984B

Classes loaded by more than one classloader:
Class Program                                                                         : loaded 5 times (x 72B)
Class Build_gradle                                                                    : loaded 3 times (x 126B)
Class com.google.common.collect.RegularImmutableMap$KeySet                            : loaded 2 times (x 152B)
Class org.gradle.internal.classloader.FilteringClassLoader                            : loaded 2 times (x 105B)
Class jdk.internal.jimage.BasicImageReader                                            : loaded 2 times (x 95B)
Class com.google.common.io.FileWriteMode                                              : loaded 2 times (x 79B)
Class com.google.common.cache.LocalCache$ValueIterator                                : loaded 2 times (x 86B)
Class [Lcom.google.common.collect.MapMakerInternalMap$Segment;                        : loaded 2 times (x 69B)
Class [Lcom.google.common.base.AbstractIterator$State;                                : loaded 2 times (x 69B)
Class com.google.common.base.CharMatcher$IsEither                                     : loaded 2 times (x 111B)
Class org.gradle.internal.classloader.ClassLoaderHierarchy                            : loaded 2 times (x 70B)
Class com.google.common.collect.AbstractMapBasedMultimap$WrappedCollection            : loaded 2 times (x 124B)
Class [Lcom.google.common.cache.RemovalCause;                                         : loaded 2 times (x 69B)
Class com.google.common.collect.ImmutableEnumSet                                      : loaded 2 times (x 146B)
Class com.google.common.util.concurrent.ExecutionError                                : loaded 2 times (x 82B)
Class com.google.common.collect.ImmutableList$1                                       : loaded 2 times (x 97B)
Class org.gradle.api.internal.classpath.ManifestUtil                                  : loaded 2 times (x 71B)
Class com.google.common.io.ByteArrayDataOutput                                        : loaded 2 times (x 70B)
Class com.google.common.collect.RegularImmutableMap                                   : loaded 2 times (x 121B)
Class com.google.common.collect.ImmutableMap$MapViewOfValuesAsSingletonSets           : loaded 2 times (x 126B)
Class com.google.common.collect.TransformedListIterator                               : loaded 2 times (x 93B)
Class com.google.common.reflect.TypeCapture                                           : loaded 2 times (x 71B)
Class com.google.common.cache.LocalCache$Values                                       : loaded 2 times (x 118B)
Class [Lorg.objectweb.asm.Symbol;                                                     : loaded 2 times (x 69B)
Class org.objectweb.asm.ClassVisitor                                                  : loaded 2 times (x 88B)
Class com.google.common.collect.UnmodifiableListIterator                              : loaded 2 times (x 95B)
Class ijKotlinCoroutineJvmDebugInit1_3r555txrkec48jksjum4n4vky$_run_closure1$_closure2: loaded 2 times (x 139B)
Class com.google.common.collect.MapMakerInternalMap$StrongKeyDummyValueEntry$LinkedStrongKeyDummyValueEntry: loaded 2 times (x 82B)
Class com.google.common.collect.MapMakerInternalMap$Strength                          : loaded 2 times (x 80B)
Class com.google.common.base.Platform$JdkPatternCompiler                              : loaded 2 times (x 75B)
Class org.objectweb.asm.MethodTooLargeException                                       : loaded 2 times (x 83B)
Class [Lcom.google.common.cache.CacheBuilder$OneWeigher;                              : loaded 2 times (x 69B)
Class com.google.common.base.Suppliers                                                : loaded 2 times (x 71B)
Class org.gradle.internal.classloader.DefaultClassLoaderFactory                       : loaded 2 times (x 82B)
Class [Lcom.google.common.collect.AbstractIterator$State;                             : loaded 2 times (x 69B)
Class com.google.common.base.CharMatcher$None                                         : loaded 2 times (x 112B)
Class org.gradle.internal.classloader.ClassLoaderVisitor                              : loaded 2 times (x 76B)
Class [Lcom.google.common.collect.ImmutableMapEntry;                                  : loaded 2 times (x 69B)
Class org.gradle.api.internal.classpath.EffectiveClassPath                            : loaded 2 times (x 90B)
Class com.google.common.collect.ListMultimap                                          : loaded 2 times (x 70B)
Class com.google.common.collect.ImmutableEnumMap                                      : loaded 2 times (x 126B)
Class com.google.common.collect.Iterators$EmptyModifiableIterator                     : loaded 2 times (x 86B)
Class com.google.common.base.Splitter                                                 : loaded 2 times (x 72B)
Class com.google.common.collect.Sets$1                                                : loaded 2 times (x 139B)
Class org.objectweb.asm.AnnotationVisitor                                             : loaded 2 times (x 78B)
Class org.gradle.api.internal.DefaultClassPathProvider                                : loaded 2 times (x 76B)
Class com.google.common.collect.Maps$ViewCachingAbstractMap                           : loaded 2 times (x 125B)
Class [Lcom.google.common.base.Function;                                              : loaded 2 times (x 69B)
Class com.google.common.collect.MapMakerInternalMap$Strength$1                        : loaded 2 times (x 80B)
Class com.google.common.collect.Sets$2                                                : loaded 2 times (x 139B)
Class ijKotlinCoroutineJvmDebugInit1_3r555txrkec48jksjum4n4vky$_run_closure1          : loaded 2 times (x 139B)
Class [Lorg.gradle.api.internal.ClassPathProvider;                                    : loaded 2 times (x 69B)
Class org.gradle.api.internal.ClassPathProvider                                       : loaded 2 times (x 70B)
Class com.google.common.reflect.Types$ClassOwnership$1                                : loaded 2 times (x 80B)
Class com.google.common.collect.MapMakerInternalMap$Strength$2                        : loaded 2 times (x 80B)
Class com.google.common.base.AbstractIterator$State                                   : loaded 2 times (x 79B)
Class [Lorg.objectweb.asm.AnnotationVisitor;                                          : loaded 2 times (x 69B)
Class com.google.common.collect.Sets$3                                                : loaded 2 times (x 139B)
Class com.google.common.cache.LocalCache$LocalLoadingCache                            : loaded 2 times (x 134B)
Class org.gradle.internal.service.UnknownServiceException                             : loaded 2 times (x 83B)
Class com.google.common.reflect.Types$ClassOwnership$2                                : loaded 2 times (x 80B)
Class com.google.common.reflect.TypeResolver                                          : loaded 2 times (x 72B)
Class com.google.common.io.ByteArrayDataInput                                         : loaded 2 times (x 70B)
Class com.google.common.collect.MapMakerInternalMap$StrongValueEntry                  : loaded 2 times (x 70B)
Class com.google.common.collect.Sets$4                                                : loaded 2 times (x 139B)
Class org.objectweb.asm.ModuleVisitor                                                 : loaded 2 times (x 81B)
Class com.google.common.cache.LocalCache$Strength$1                                   : loaded 2 times (x 81B)
Class com.google.common.reflect.Types$ClassOwnership$3                                : loaded 2 times (x 71B)
Class com.google.common.collect.Collections2$FilteredCollection                       : loaded 2 times (x 119B)
Class com.google.common.util.concurrent.SettableFuture                                : loaded 2 times (x 114B)
Class com.google.common.cache.LocalCache$Strength$2                                   : loaded 2 times (x 81B)
Class com.google.common.collect.TransformedIterator                                   : loaded 2 times (x 80B)
Class [Lcom.google.common.collect.Maps$EntryFunction;                                 : loaded 2 times (x 69B)
Class com.google.common.io.ByteStreams                                                : loaded 2 times (x 71B)
Class com.google.common.collect.Interners$InternerImpl                                : loaded 2 times (x 75B)
Class com.google.common.base.Splitter$1                                               : loaded 2 times (x 77B)
Class com.google.common.collect.Interner                                              : loaded 2 times (x 70B)
Class com.google.common.cache.LocalCache$Strength$3                                   : loaded 2 times (x 81B)
Class com.google.common.collect.MapDifference                                         : loaded 2 times (x 70B)
Class com.google.common.reflect.Invokable                                             : loaded 2 times (x 103B)
Class com.google.common.collect.MapMaker$Dummy                                        : loaded 2 times (x 79B)
Class org.objectweb.asm.FieldWriter                                                   : loaded 2 times (x 78B)
Class com.google.common.cache.CacheBuilder$NullListener                               : loaded 2 times (x 82B)
Class org.gradle.internal.classpath.TransformedClassPath                              : loaded 2 times (x 96B)
Class org.gradle.internal.classloader.InstrumentingClassLoader                        : loaded 2 times (x 70B)
Class com.google.common.reflect.Types$ParameterizedTypeImpl                           : loaded 2 times (x 81B)
Class com.google.common.collect.Maps$IteratorBasedAbstractMap$1                       : loaded 2 times (x 138B)
Class com.google.common.cache.CacheLoader$FunctionToCacheLoader                       : loaded 2 times (x 75B)
Class com.google.common.base.Equivalence$Identity                                     : loaded 2 times (x 82B)
Class com.google.common.collect.ImmutableCollection$Builder                           : loaded 2 times (x 76B)
Class com.google.common.collect.BaseImmutableMultimap                                 : loaded 2 times (x 123B)
Class com.google.common.reflect.TypeResolver$TypeVariableKey                          : loaded 2 times (x 72B)
Class com.google.common.base.Joiner                                                   : loaded 2 times (x 79B)
Class com.google.common.base.MoreObjects                                              : loaded 2 times (x 71B)
Class com.google.common.collect.Platform                                              : loaded 2 times (x 71B)
Class [Lorg.objectweb.asm.Type;                                                       : loaded 2 times (x 69B)
Class com.google.common.collect.UnmodifiableIterator                                  : loaded 2 times (x 80B)
Class org.gradle.internal.service.ServiceLocator                                      : loaded 2 times (x 70B)
Class jdk.internal.jrtfs.JrtFileSystemProvider                                        : loaded 2 times (x 101B)
Class com.google.common.collect.HashBiMap$BiEntry                                     : loaded 2 times (x 83B)
Class com.google.common.base.Ascii                                                    : loaded 2 times (x 71B)
Class com.google.common.collect.SingletonImmutableBiMap                               : loaded 2 times (x 143B)
Class com.google.common.cache.LocalCache$1                                            : loaded 2 times (x 89B)
Class com.google.common.collect.Iterators$SingletonIterator                           : loaded 2 times (x 81B)
Class com.google.common.collect.AbstractMapEntry                                      : loaded 2 times (x 81B)
Class ijJvmDebugger1_16b8f0ukp0za92z7s1yf7sl30                                        : loaded 2 times (x 171B)
Class com.google.common.collect.AbstractSetMultimap                                   : loaded 2 times (x 174B)
Class com.google.common.reflect.TypeToken$SimpleTypeToken                             : loaded 2 times (x 73B)
Class com.google.common.collect.MapMakerInternalMap$AbstractStrongKeyEntry            : loaded 2 times (x 80B)
Class com.google.common.collect.Sets$ImprovedAbstractSet                              : loaded 2 times (x 135B)
Class com.google.common.collect.ImmutableList$Builder                                 : loaded 2 times (x 77B)
Class com.google.common.collect.AbstractMultimap                                      : loaded 2 times (x 123B)
Class com.google.common.cache.LocalCache$2                                            : loaded 2 times (x 142B)
Class com.google.common.collect.RegularImmutableAsList                                : loaded 2 times (x 217B)
Class com.google.common.base.Optional                                                 : loaded 2 times (x 80B)
Class com.google.common.util.concurrent.AbstractFuture$Trusted                        : loaded 2 times (x 70B)
Class com.google.common.collect.Iterators                                             : loaded 2 times (x 71B)
Class jdk.internal.jimage.ImageLocation                                               : loaded 2 times (x 90B)
Class com.google.common.io.ByteSink$AsCharSink                                        : loaded 2 times (x 80B)
Class com.google.common.collect.Lists$StringAsImmutableList                           : loaded 2 times (x 207B)
Class com.google.common.util.concurrent.UncheckedExecutionException                   : loaded 2 times (x 82B)
Class org.gradle.kotlin.dsl.VersionCatalogAccessorsKt                                 : loaded 2 times (x 71B)
Class ijJvmDebugger1_16b8f0ukp0za92z7s1yf7sl30$_run_closure1                          : loaded 2 times (x 139B)
Class org.gradle.internal.InternalTransformer                                         : loaded 2 times (x 70B)
Class jdk.internal.jimage.ImageBufferCache$1                                          : loaded 2 times (x 83B)
Class com.google.common.collect.HashMultimapGwtSerializationDependencies              : loaded 2 times (x 174B)
Class com.google.common.collect.AbstractMapBasedMultimap$KeySet$1                     : loaded 2 times (x 82B)
Class org.objectweb.asm.ClassWriter                                                   : loaded 2 times (x 106B)
Class com.google.common.cache.CacheLoader$UnsupportedLoadingOperationException        : loaded 2 times (x 82B)
Class com.google.common.base.CharMatcher$And                                          : loaded 2 times (x 112B)
Class org.gradle.internal.classloader.ClasspathUtil$1                                 : loaded 2 times (x 76B)
Class jdk.internal.jimage.ImageBufferCache$2                                          : loaded 2 times (x 91B)
Class com.google.common.collect.FluentIterable$1                                      : loaded 2 times (x 81B)
Class com.google.common.base.Objects                                                  : loaded 2 times (x 71B)
Class org.objectweb.asm.FieldVisitor                                                  : loaded 2 times (x 77B)
Class com.google.common.collect.IndexedImmutableSet                                   : loaded 2 times (x 152B)
Class com.google.common.collect.ImmutableMap$1                                        : loaded 2 times (x 81B)
Class com.google.common.collect.BiMap                                                 : loaded 2 times (x 70B)
Class org.gradle.api.internal.classpath.DefaultModuleRegistry$DefaultModule           : loaded 2 times (x 86B)
Class com.google.common.reflect.Reflection                                            : loaded 2 times (x 71B)
Class com.google.common.base.Absent                                                   : loaded 2 times (x 80B)
Class com.google.common.collect.FluentIterable$2                                      : loaded 2 times (x 81B)
Class com.google.common.primitives.Ints                                               : loaded 2 times (x 71B)
Class com.google.common.collect.AbstractIterator                                      : loaded 2 times (x 82B)
Class com.google.common.collect.FluentIterable$3                                      : loaded 2 times (x 81B)
Class com.google.common.collect.ObjectArrays                                          : loaded 2 times (x 71B)
Class com.google.common.math.MathPreconditions                                        : loaded 2 times (x 71B)
Class com.google.common.collect.Multiset                                              : loaded 2 times (x 70B)
Class com.google.common.collect.ArrayListMultimapGwtSerializationDependencies         : loaded 2 times (x 172B)
Class com.google.common.collect.AbstractIndexedListIterator                           : loaded 2 times (x 96B)
Class com.google.common.collect.ImmutableMapEntrySet                                  : loaded 2 times (x 152B)
Class org.gradle.api.internal.classpath.Module                                        : loaded 2 times (x 70B)
Class com.google.common.cache.Weigher                                                 : loaded 2 times (x 70B)
Class org.gradle.api.internal.classpath.UnknownModuleException                        : loaded 2 times (x 82B)
Class jdk.internal.jimage.ImageHeader                                                 : loaded 2 times (x 71B)
Class com.google.common.base.Stopwatch                                                : loaded 2 times (x 72B)
Class com.google.common.cache.LocalCache$Strength                                     : loaded 2 times (x 81B)
Class com.google.common.cache.Cache                                                   : loaded 2 times (x 70B)
Class com.google.common.base.NullnessCasts                                            : loaded 2 times (x 71B)
Class com.google.common.util.concurrent.AbstractFuture$Cancellation                   : loaded 2 times (x 72B)
Class com.google.common.collect.ImmutableMap$Builder                                  : loaded 2 times (x 82B)
Class com.google.common.collect.AbstractMapBasedMultimap$WrappedCollection$WrappedIterator: loaded 2 times (x 84B)
Class com.google.common.collect.Maps$EntryFunction$1                                  : loaded 2 times (x 91B)
Class com.google.common.base.Present                                                  : loaded 2 times (x 81B)
Class com.google.common.cache.RemovalListener                                         : loaded 2 times (x 70B)
Class org.gradle.api.internal.DefaultClassPathRegistry                                : loaded 2 times (x 76B)
Class com.google.common.reflect.Invokable$ConstructorInvokable                        : loaded 2 times (x 107B)
Class com.google.common.collect.Maps$EntryFunction$2                                  : loaded 2 times (x 91B)
Class com.google.common.primitives.IntsMethodsForWeb                                  : loaded 2 times (x 71B)
Class com.google.common.collect.Multimap                                              : loaded 2 times (x 70B)
Class org.gradle.api.internal.ClassPathRegistry                                       : loaded 2 times (x 70B)
Class org.gradle.internal.classpath.DefaultClassPath$ImmutableUniqueList              : loaded 2 times (x 199B)
Class com.google.common.reflect.TypeToken                                             : loaded 2 times (x 73B)
Class com.google.common.collect.NullnessCasts                                         : loaded 2 times (x 71B)
Class com.google.common.collect.MapMakerInternalMap$Segment                           : loaded 2 times (x 142B)
Class com.google.common.base.ExtraObjectsMethodsForWeb                                : loaded 2 times (x 71B)
Class com.google.common.collect.Iterators$ArrayItr                                    : loaded 2 times (x 97B)
Class com.google.common.io.ByteSink                                                   : loaded 2 times (x 76B)
Class com.google.common.cache.RemovalCause                                            : loaded 2 times (x 80B)
Class com.google.common.cache.CacheBuilder                                            : loaded 2 times (x 72B)
Class com.google.common.collect.SingletonImmutableList                                : loaded 2 times (x 207B)
Class Settings_gradle$1                                                               : loaded 2 times (x 74B)
Class org.gradle.internal.classpath.ClassPath                                         : loaded 2 times (x 70B)
Class com.google.common.io.Files$FileByteSource                                       : loaded 2 times (x 85B)
Class [Lcom.google.common.reflect.Types$JavaVersion;                                  : loaded 2 times (x 69B)
Class com.google.common.collect.Interners$InternerBuilder                             : loaded 2 times (x 76B)
Class com.google.common.base.JdkPattern                                               : loaded 2 times (x 75B)
Class com.google.common.collect.ImmutableList$ReverseImmutableList                    : loaded 2 times (x 209B)
Class org.objectweb.asm.SymbolTable$Entry                                             : loaded 2 times (x 74B)
Class jdk.internal.jimage.ImageStringsReader                                          : loaded 2 times (x 80B)
Class org.objectweb.asm.Edge                                                          : loaded 2 times (x 72B)
Class com.google.common.base.Suppliers$SupplierOfInstance                             : loaded 2 times (x 79B)
Class com.google.common.collect.Iterators$1                                           : loaded 2 times (x 81B)
Class com.google.common.reflect.TypeToken$1                                           : loaded 2 times (x 110B)
Class com.google.common.cache.LocalCache$ComputingValueReference                      : loaded 2 times (x 96B)
Class com.google.common.collect.SingletonImmutableSet                                 : loaded 2 times (x 146B)
Class com.google.common.collect.ImmutableMap$IteratorBasedImmutableMap                : loaded 2 times (x 126B)
Class jdk.internal.jimage.ImageReader                                                 : loaded 2 times (x 75B)
Class com.google.common.reflect.TypeToken$2                                           : loaded 2 times (x 110B)
Class com.google.common.cache.LocalCache$Segment                                      : loaded 2 times (x 154B)
Class jdk.internal.jimage.ImageReader$SharedImageReader                               : loaded 2 times (x 95B)
Class com.google.common.collect.AbstractListMultimap                                  : loaded 2 times (x 172B)
Class [Lorg.objectweb.asm.SymbolTable$Entry;                                          : loaded 2 times (x 69B)
Class com.google.common.cache.CacheLoader                                             : loaded 2 times (x 74B)
Class com.google.common.collect.Iterators$4                                           : loaded 2 times (x 82B)
Class com.google.common.collect.ImmutableBiMap                                        : loaded 2 times (x 143B)
Class org.gradle.internal.installation.GradleInstallation$1                           : loaded 2 times (x 75B)
Class org.gradle.api.internal.classpath.ModuleRegistry                                : loaded 2 times (x 70B)
Class com.google.common.base.Splitter$SplittingIterator                               : loaded 2 times (x 84B)
Class com.google.common.collect.ImmutableSet$JdkBackedSetBuilderImpl                  : loaded 2 times (x 76B)
Class com.google.common.util.concurrent.internal.InternalFutureFailureAccess          : loaded 2 times (x 72B)
Class com.google.common.collect.Iterators$5                                           : loaded 2 times (x 82B)
Class com.google.common.collect.Iterators$6                                           : loaded 2 times (x 81B)
Class com.google.common.collect.HashBiMap$Inverse                                     : loaded 2 times (x 142B)
Class com.google.common.cache.LocalCache$LocalManualCache$1                           : loaded 2 times (x 75B)
Class com.google.common.base.CharMatcher$ForPredicate                                 : loaded 2 times (x 112B)
Class jdk.internal.jimage.ImageReader$Node                                            : loaded 2 times (x 84B)
Class com.google.common.base.CharMatcher$AnyOf                                        : loaded 2 times (x 112B)
Class com.google.common.collect.ImmutableCollection                                   : loaded 2 times (x 125B)
Class org.gradle.api.internal.classpath.DefaultModuleRegistry                         : loaded 2 times (x 86B)
Class jdk.internal.jimage.BasicImageReader$1                                          : loaded 2 times (x 77B)
Class com.google.common.collect.Lists                                                 : loaded 2 times (x 71B)
Class com.google.common.util.concurrent.ListenableFuture                              : loaded 2 times (x 70B)
Class com.google.common.cache.ReferenceEntry                                          : loaded 2 times (x 70B)
Class com.google.common.base.Converter                                                : loaded 2 times (x 90B)
Class com.google.common.collect.ImmutableSet$CachingAsList                            : loaded 2 times (x 148B)
Class com.google.common.collect.AbstractMapBasedMultimap                              : loaded 2 times (x 139B)
Class com.google.common.util.concurrent.AbstractFuture                                : loaded 2 times (x 106B)
Class com.google.common.base.FunctionalEquivalence                                    : loaded 2 times (x 83B)
Class com.google.common.collect.Iterators$9                                           : loaded 2 times (x 81B)
Class com.google.common.collect.ImmutableAsList                                       : loaded 2 times (x 209B)
Class com.google.common.reflect.TypeResolver$TypeTable                                : loaded 2 times (x 73B)
Class org.objectweb.asm.RecordComponentVisitor                                        : loaded 2 times (x 77B)
Class com.google.common.cache.CacheLoader$SupplierToCacheLoader                       : loaded 2 times (x 75B)
Class jdk.internal.jimage.decompressor.Decompressor                                   : loaded 2 times (x 72B)
Class com.google.common.reflect.TypeResolver$TypeTable$1                              : loaded 2 times (x 73B)
Class com.google.common.collect.Maps$EntryTransformer                                 : loaded 2 times (x 70B)
Class org.gradle.internal.service.ServiceLookupException                              : loaded 2 times (x 82B)
Class com.google.common.collect.Lists$ReverseList                                     : loaded 2 times (x 200B)
Class [Lcom.google.common.cache.LocalCache$EntryFactory;                              : loaded 2 times (x 69B)
Class ijJvmDebugger1_16b8f0ukp0za92z7s1yf7sl30$_run_closure1$_closure2                : loaded 2 times (x 140B)
Class org.gradle.internal.classloader.ClassLoaderFactory                              : loaded 2 times (x 70B)
Class com.google.common.collect.ImmutableMap$SerializedForm                           : loaded 2 times (x 73B)
Class com.google.common.base.CommonPattern                                            : loaded 2 times (x 74B)
Class com.google.common.cache.LocalCache$LocalManualCache                             : loaded 2 times (x 99B)
Class com.google.common.base.CharMatcher$IsNot                                        : loaded 2 times (x 111B)
Class org.gradle.internal.service.CachingServiceLocator                               : loaded 2 times (x 82B)
Class com.google.common.collect.AbstractMapBasedMultimap$KeySet                       : loaded 2 times (x 137B)
Class com.google.common.math.IntMath                                                  : loaded 2 times (x 71B)
Class com.google.common.reflect.Types$TypeVariableInvocationHandler                   : loaded 2 times (x 75B)
Class [Lcom.google.common.collect.HashBiMap$BiEntry;                                  : loaded 2 times (x 69B)
Class com.google.common.collect.MapMakerInternalMap$InternalEntry                     : loaded 2 times (x 70B)
Class com.google.common.collect.ImmutableMapEntry                                     : loaded 2 times (x 85B)
Class com.google.common.collect.ImmutableMultimap                                     : loaded 2 times (x 147B)
Class com.google.common.base.Predicates                                               : loaded 2 times (x 71B)
Class com.google.common.base.Equivalence                                              : loaded 2 times (x 82B)
Class com.google.common.base.Function                                                 : loaded 2 times (x 70B)
Class com.google.common.collect.ImmutableMapEntry$NonTerminalImmutableMapEntry        : loaded 2 times (x 85B)
Class com.google.common.collect.IndexedImmutableSet$1                                 : loaded 2 times (x 213B)
Class com.google.common.cache.CacheBuilder$OneWeigher                                 : loaded 2 times (x 82B)
Class com.google.common.collect.RegularImmutableList                                  : loaded 2 times (x 213B)
Class jdk.internal.jimage.ImageBufferCache                                            : loaded 2 times (x 71B)
Class jdk.internal.jrtfs.JrtPath                                                      : loaded 2 times (x 118B)
Class com.google.common.reflect.Types$ClassOwnership$1LocalClass                      : loaded 2 times (x 71B)
Class com.google.common.collect.Maps$EntryFunction                                    : loaded 2 times (x 91B)
Class org.gradle.internal.classloader.ClasspathUtil                                   : loaded 2 times (x 71B)
Class com.google.common.util.concurrent.Uninterruptibles                              : loaded 2 times (x 71B)
Class com.google.common.collect.AbstractMapBasedMultimap$WrappedSet                   : loaded 2 times (x 142B)
Class com.google.common.util.concurrent.LazyLogger                                    : loaded 2 times (x 72B)
Class com.google.common.collect.Maps                                                  : loaded 2 times (x 71B)
Class org.gradle.api.specs.Spec                                                       : loaded 2 times (x 70B)
Class com.google.common.reflect.Types$JavaVersion                                     : loaded 2 times (x 83B)
Class com.google.common.collect.MapMaker                                              : loaded 2 times (x 72B)
Class [Lcom.google.common.collect.ImmutableEntry;                                     : loaded 2 times (x 69B)
Class com.google.common.cache.LocalCache$LoadingValueReference                        : loaded 2 times (x 96B)
Class com.google.common.reflect.Invokable$MethodInvokable                             : loaded 2 times (x 107B)
Class com.google.common.collect.MapMakerInternalMap$StrongKeyDummyValueEntry          : loaded 2 times (x 82B)
Class com.google.common.base.Platform                                                 : loaded 2 times (x 71B)
Class jdk.internal.jimage.ImageReader$Directory                                       : loaded 2 times (x 84B)
Class com.google.common.collect.AbstractMapBasedMultimap$WrappedList                  : loaded 2 times (x 205B)
Class [Lorg.objectweb.asm.AnnotationWriter;                                           : loaded 2 times (x 69B)
Class com.google.common.collect.Maps$8                                                : loaded 2 times (x 82B)
Class [Lcom.google.common.collect.Iterators$EmptyModifiableIterator;                  : loaded 2 times (x 69B)
Class com.google.common.base.Predicates$CompositionPredicate                          : loaded 2 times (x 88B)
Class com.google.common.collect.Lists$ReverseList$1                                   : loaded 2 times (x 99B)
Class com.google.common.collect.Sets$SetView                                          : loaded 2 times (x 138B)
Class com.google.common.cache.LocalCache$StrongValueReference                         : loaded 2 times (x 90B)
Class com.google.common.graph.SuccessorsFunction                                      : loaded 2 times (x 70B)
Class org.objectweb.asm.Type                                                          : loaded 2 times (x 72B)
Class org.gradle.internal.classloader.VisitableURLClassLoader$InstrumentingVisitableURLClassLoader: loaded 2 times (x 123B)
Class com.google.common.io.Files$FileByteSink                                         : loaded 2 times (x 77B)
Class com.google.common.collect.MapMakerInternalMap$StrongKeyDummyValueEntry$Helper   : loaded 2 times (x 79B)
Class com.google.common.math.IntMath$1                                                : loaded 2 times (x 71B)
Class org.objectweb.asm.ByteVector                                                    : loaded 2 times (x 79B)
Class [Lcom.google.common.cache.CacheBuilder$NullListener;                            : loaded 2 times (x 69B)
Class org.gradle.internal.classloader.VisitableURLClassLoader$Spec                    : loaded 2 times (x 74B)
Class org.gradle.internal.classpath.DefaultClassPath                                  : loaded 2 times (x 90B)
Class com.google.common.reflect.Types$ClassOwnership                                  : loaded 2 times (x 80B)
Class com.google.common.base.AbstractIterator                                         : loaded 2 times (x 80B)
Class org.objectweb.asm.Symbol                                                        : loaded 2 times (x 73B)
Class com.google.common.collect.Sets$FilteredSet                                      : loaded 2 times (x 137B)
Class com.google.common.io.Closer                                                     : loaded 2 times (x 78B)
Class com.google.common.base.CharMatcher$BitSetMatcher                                : loaded 2 times (x 112B)
Class com.google.common.collect.ImmutableSet                                          : loaded 2 times (x 145B)
Class com.google.common.collect.RegularImmutableMap$Values                            : loaded 2 times (x 207B)
Class org.gradle.internal.classloader.ClassLoaderSpec                                 : loaded 2 times (x 71B)
Class org.objectweb.asm.AnnotationWriter                                              : loaded 2 times (x 79B)
Class com.google.common.cache.CacheStats                                              : loaded 2 times (x 71B)
Class com.google.common.io.LineProcessor                                              : loaded 2 times (x 70B)
Class com.google.common.collect.Interners                                             : loaded 2 times (x 71B)
Class com.google.common.io.Closer$Suppressor                                          : loaded 2 times (x 70B)
Class org.objectweb.asm.RecordComponentWriter                                         : loaded 2 times (x 78B)
Class com.google.common.util.concurrent.AbstractFuture$Listener                       : loaded 2 times (x 72B)
Class com.google.common.base.CharMatcher$Or                                           : loaded 2 times (x 112B)
Class Settings_gradle$1$1                                                             : loaded 2 times (x 74B)
Class org.objectweb.asm.Attribute                                                     : loaded 2 times (x 77B)
Class com.google.common.base.Supplier                                                 : loaded 2 times (x 70B)
Class org.gradle.internal.classloader.VisitableURLClassLoader                         : loaded 2 times (x 117B)
Class com.google.common.collect.ImmutableList$SerializedForm                          : loaded 2 times (x 73B)
Class Settings_gradle                                                                 : loaded 2 times (x 124B)
Class org.gradle.internal.Cast                                                        : loaded 2 times (x 71B)
Class org.gradle.api.Action                                                           : loaded 2 times (x 70B)
Class com.google.common.collect.HashBiMap                                             : loaded 2 times (x 143B)
Class com.google.common.collect.MapMakerInternalMap                                   : loaded 2 times (x 161B)
Class com.google.common.base.Strings                                                  : loaded 2 times (x 71B)
Class com.google.common.collect.Sets                                                  : loaded 2 times (x 71B)
Class org.objectweb.asm.Handler                                                       : loaded 2 times (x 72B)
Class com.google.common.base.Ticker                                                   : loaded 2 times (x 72B)
Class com.google.common.base.CharMatcher$FastMatcher                                  : loaded 2 times (x 111B)
Class com.google.common.cache.RemovalCause$1                                          : loaded 2 times (x 80B)
Class [Lcom.google.common.cache.LocalCache$Segment;                                   : loaded 2 times (x 69B)
Class [Lcom.google.common.cache.LocalCache$Strength;                                  : loaded 2 times (x 69B)
Class com.google.common.cache.CacheBuilder$1                                          : loaded 2 times (x 85B)
Class com.google.common.base.Predicate                                                : loaded 2 times (x 70B)
Class com.google.common.collect.ImmutableMap                                          : loaded 2 times (x 120B)
Class org.gradle.internal.classpath.DefaultClassPath$ImmutableUniqueList$Builder      : loaded 2 times (x 75B)
Class com.google.common.cache.RemovalCause$2                                          : loaded 2 times (x 80B)
Class com.google.common.collect.MapMakerInternalMap$WeakValueReference                : loaded 2 times (x 70B)
Class com.google.common.cache.LocalCache                                              : loaded 2 times (x 187B)
Class com.google.common.cache.CacheBuilder$2                                          : loaded 2 times (x 79B)
Class com.google.common.base.CharMatcher$NegatedFastMatcher                           : loaded 2 times (x 113B)
Class com.google.common.cache.RemovalCause$3                                          : loaded 2 times (x 80B)
Class com.google.common.collect.ArrayListMultimap                                     : loaded 2 times (x 172B)
Class com.google.common.cache.CacheBuilder$3                                          : loaded 2 times (x 72B)
Class [Lcom.google.common.collect.AbstractMapEntry;                                   : loaded 2 times (x 69B)
Class com.google.common.collect.ImmutableEntry                                        : loaded 2 times (x 82B)
Class org.gradle.api.GradleException                                                  : loaded 2 times (x 82B)
Class jdk.internal.jimage.ImageStrings                                                : loaded 2 times (x 70B)
Class com.google.common.cache.RemovalCause$4                                          : loaded 2 times (x 80B)
Class com.google.common.base.Suppliers$MemoizingSupplier                              : loaded 2 times (x 79B)
Class com.google.common.collect.CollectPreconditions                                  : loaded 2 times (x 71B)
Class [Lcom.google.common.io.FileWriteMode;                                           : loaded 2 times (x 69B)
Class com.google.common.cache.RemovalCause$5                                          : loaded 2 times (x 80B)
Class com.google.common.collect.Maps$AbstractFilteredMap                              : loaded 2 times (x 127B)
Class [Lcom.google.common.collect.MapMakerInternalMap$Strength;                       : loaded 2 times (x 69B)
Class com.google.common.collect.SortedMapDifference                                   : loaded 2 times (x 70B)
Class com.google.common.cache.LocalCache$WriteThroughEntry                            : loaded 2 times (x 79B)
Class com.google.common.io.Files                                                      : loaded 2 times (x 71B)
Class com.google.common.cache.LocalCache$HashIterator                                 : loaded 2 times (x 86B)
Class com.google.common.collect.MapMakerInternalMap$StrongKeyDummyValueSegment        : loaded 2 times (x 142B)
Class com.google.common.collect.Iterables$4                                           : loaded 2 times (x 81B)
Class com.google.common.cache.LocalCache$EntryFactory                                 : loaded 2 times (x 83B)
Class com.google.common.reflect.Types$NativeTypeVariableEquals                        : loaded 2 times (x 71B)
Class com.google.common.reflect.TypeParameter                                         : loaded 2 times (x 72B)
Class com.google.common.collect.Iterables$5                                           : loaded 2 times (x 81B)
Class [Lcom.google.common.collect.MapMaker$Dummy;                                     : loaded 2 times (x 69B)
Class com.google.common.base.CharMatcher$Whitespace                                   : loaded 2 times (x 112B)
Class com.google.common.cache.LocalCache$AbstractReferenceEntry                       : loaded 2 times (x 107B)
Class org.gradle.internal.IoActions                                                   : loaded 2 times (x 71B)
Class com.google.common.collect.ImmutableMapKeySet                                    : loaded 2 times (x 152B)
Class org.objectweb.asm.SymbolTable                                                   : loaded 2 times (x 72B)
Class com.google.common.cache.CacheLoader$InvalidCacheLoadException                   : loaded 2 times (x 82B)
Class com.google.common.collect.ImmutableSet$RegularSetBuilderImpl                    : loaded 2 times (x 77B)
Class org.gradle.internal.classloader.SystemClassLoaderSpec                           : loaded 2 times (x 71B)
Class com.google.common.collect.FluentIterable                                        : loaded 2 times (x 81B)
Class com.google.common.cache.LocalCache$StrongEntry                                  : loaded 2 times (x 108B)
Class com.google.common.util.concurrent.AbstractFuture$TrustedFuture                  : loaded 2 times (x 114B)
Class com.google.common.cache.LoadingCache                                            : loaded 2 times (x 70B)
Class jdk.internal.jrtfs.JrtFileSystem                                                : loaded 2 times (x 102B)
Class com.google.common.io.ByteStreams$LimitedInputStream                             : loaded 2 times (x 92B)
Class com.google.common.base.Suppliers$NonSerializableMemoizingSupplier               : loaded 2 times (x 79B)
Class org.objectweb.asm.MethodWriter                                                  : loaded 2 times (x 106B)
Class [Lcom.google.common.cache.Weigher;                                              : loaded 2 times (x 69B)
Class com.google.common.collect.RegularImmutableMap$BucketOverflowException           : loaded 2 times (x 82B)
Class com.google.common.collect.AbstractMapBasedMultimap$RandomAccessWrappedList      : loaded 2 times (x 205B)
Class com.google.common.reflect.Types$JavaVersion$1                                   : loaded 2 times (x 83B)
Class com.google.common.collect.AbstractIterator$State                                : loaded 2 times (x 79B)
Class com.google.common.collect.RegularImmutableBiMap                                 : loaded 2 times (x 149B)
Class com.google.common.cache.LocalCache$ValueReference                               : loaded 2 times (x 70B)
Class com.google.common.base.CharMatcher$Negated                                      : loaded 2 times (x 113B)
Class com.google.common.base.CharMatcher$Is                                           : loaded 2 times (x 111B)
Class com.google.common.reflect.Types$JavaVersion$2                                   : loaded 2 times (x 83B)
Class com.google.common.reflect.Types                                                 : loaded 2 times (x 71B)
Class com.google.common.hash.PrimitiveSink                                            : loaded 2 times (x 70B)
Class com.google.common.base.PatternCompiler                                          : loaded 2 times (x 70B)
Class com.google.common.util.concurrent.AbstractFuture$Failure                        : loaded 2 times (x 72B)
Class com.google.common.base.Equivalence$Equals                                       : loaded 2 times (x 82B)
Class com.google.common.collect.Hashing                                               : loaded 2 times (x 71B)
Class com.google.common.base.Preconditions                                            : loaded 2 times (x 71B)
Class com.google.common.collect.ImmutableSetMultimap                                  : loaded 2 times (x 180B)
Class com.google.common.io.CharSink                                                   : loaded 2 times (x 79B)
Class com.google.common.reflect.Types$JavaVersion$3                                   : loaded 2 times (x 83B)
Class com.google.common.base.Joiner$1                                                 : loaded 2 times (x 80B)
Class org.objectweb.asm.Label                                                         : loaded 2 times (x 73B)
Class org.objectweb.asm.CurrentFrame                                                  : loaded 2 times (x 73B)
Class org.objectweb.asm.ClassTooLargeException                                        : loaded 2 times (x 83B)
Class com.google.common.base.CharMatcher                                              : loaded 2 times (x 111B)
Class com.google.common.collect.PeekingIterator                                       : loaded 2 times (x 70B)
Class com.google.common.reflect.Types$JavaVersion$4                                   : loaded 2 times (x 83B)
Class com.google.common.collect.Maps$IteratorBasedAbstractMap                         : loaded 2 times (x 125B)
Class com.google.common.collect.Table                                                 : loaded 2 times (x 70B)
Class com.google.common.collect.MapMakerInternalMap$InternalEntryHelper               : loaded 2 times (x 70B)
Class com.google.common.base.Joiner$2                                                 : loaded 2 times (x 79B)
Class org.objectweb.asm.Frame                                                         : loaded 2 times (x 73B)
Class org.objectweb.asm.MethodVisitor                                                 : loaded 2 times (x 105B)
Class com.google.common.cache.LocalCache$EntryFactory$1                               : loaded 2 times (x 83B)
Class [Lcom.google.common.cache.RemovalListener;                                      : loaded 2 times (x 69B)
Class com.google.common.base.CharMatcher$1                                            : loaded 2 times (x 113B)
Class com.google.common.base.CharMatcher$NamedFastMatcher                             : loaded 2 times (x 112B)
Class com.google.common.reflect.Types$JavaVersion$5                                   : loaded 2 times (x 71B)
Class [Lcom.google.common.reflect.Types$ClassOwnership;                               : loaded 2 times (x 69B)
Class com.google.common.cache.LocalCache$EntryFactory$2                               : loaded 2 times (x 83B)
Class org.gradle.api.internal.classpath.GlobalCacheRootsProvider                      : loaded 2 times (x 70B)
Class org.objectweb.asm.ModuleWriter                                                  : loaded 2 times (x 82B)
Class com.google.common.cache.LocalCache$EntryFactory$3                               : loaded 2 times (x 83B)
Class com.google.common.base.Ticker$1                                                 : loaded 2 times (x 72B)
Class com.google.common.collect.Maps$BiMapConverter                                   : loaded 2 times (x 90B)
Class com.google.common.collect.ImmutableMapEntrySet$RegularEntrySet                  : loaded 2 times (x 152B)
Class com.google.common.collect.SetMultimap                                           : loaded 2 times (x 70B)
Class com.google.common.collect.ImmutableSet$Builder                                  : loaded 2 times (x 85B)
Class com.google.common.cache.LocalCache$EntryFactory$4                               : loaded 2 times (x 83B)
Class com.google.common.base.CharMatcher$InRange                                      : loaded 2 times (x 111B)
Class com.google.common.io.ByteStreams$1                                              : loaded 2 times (x 85B)
Class com.google.common.cache.LocalCache$EntryFactory$5                               : loaded 2 times (x 83B)
Class com.google.common.base.PairwiseEquivalence                                      : loaded 2 times (x 83B)
Class com.google.common.collect.HashMultimap                                          : loaded 2 times (x 174B)
Class com.google.common.cache.LocalCache$EntryFactory$6                               : loaded 2 times (x 83B)
Class org.gradle.internal.installation.CurrentGradleInstallationLocator               : loaded 2 times (x 71B)
Class com.google.common.collect.Maps$KeySet                                           : loaded 2 times (x 137B)
Class com.google.common.collect.ImmutableSet$EmptySetBuilderImpl                      : loaded 2 times (x 76B)
Class com.google.common.cache.LocalCache$EntryFactory$7                               : loaded 2 times (x 83B)
Class com.google.common.collect.ImmutableList                                         : loaded 2 times (x 206B)
Class ijKotlinCoroutineJvmDebugInit1_3r555txrkec48jksjum4n4vky                        : loaded 2 times (x 171B)
Class org.gradle.internal.service.DefaultServiceLocator                               : loaded 2 times (x 83B)
Class com.google.common.collect.Maps$EntrySet                                         : loaded 2 times (x 136B)
Class com.google.common.cache.LocalCache$EntryFactory$8                               : loaded 2 times (x 83B)
Class com.google.common.collect.ImmutableSet$SetBuilderImpl                           : loaded 2 times (x 76B)
Class org.gradle.internal.installation.CurrentGradleInstallation                      : loaded 2 times (x 73B)
Class com.google.common.cache.CacheLoader$1                                           : loaded 2 times (x 75B)
Class com.google.common.collect.ForwardingObject                                      : loaded 2 times (x 72B)
Class com.google.common.collect.ImmutableList$SubList                                 : loaded 2 times (x 209B)
Class org.gradle.util.internal.GUtil                                                  : loaded 2 times (x 71B)
Class com.google.common.io.ByteSource                                                 : loaded 2 times (x 84B)
Class com.google.common.cache.AbstractCache$StatsCounter                              : loaded 2 times (x 70B)
Class com.google.common.reflect.Types$TypeVariableImpl                                : loaded 2 times (x 72B)
Class com.google.common.collect.MapMakerInternalMap$1                                 : loaded 2 times (x 83B)
Class com.google.common.collect.Iterators$MergingIterator                             : loaded 2 times (x 81B)
Class com.google.common.collect.RegularImmutableSet                                   : loaded 2 times (x 149B)
Class org.gradle.internal.installation.GradleInstallation                             : loaded 2 times (x 75B)
Class com.google.common.base.Splitter$Strategy                                        : loaded 2 times (x 70B)
Class com.google.common.collect.Iterables                                             : loaded 2 times (x 71B)
Class com.google.common.collect.Lists$RandomAccessReverseList                         : loaded 2 times (x 200B)

---------------  S Y S T E M  ---------------

OS:
 Windows 11 , 64 bit Build 26100 (10.0.26100.7705)
OS uptime: 0 days 1:29 hours
Hyper-V role detected

CPU: total 16 (initial active 16) (8 cores per cpu, 2 threads per core) family 6 model 154 stepping 3 microcode 0x437, cx8, cmov, fxsr, ht, mmx, 3dnowpref, sse, sse2, sse3, ssse3, sse4.1, sse4.2, popcnt, lzcnt, tsc, tscinvbit, avx, avx2, aes, erms, clmul, bmi1, bmi2, adx, sha, fma, vzeroupper, clflush, clflushopt, clwb, hv, serialize, rdtscp, rdpid, fsrm, f16c, cet_ibt, cet_ss
Processor Information for the first 16 processors :
  Max Mhz: 2500, Current Mhz: 2500, Mhz Limit: 2500

Memory: 4k page, system-wide physical 16068M (929M free)
TotalPageFile size 16068M (AvailPageFile size 38M)
current process WorkingSet (physical memory assigned to process): 657M, peak: 668M
current process commit charge ("private bytes"): 704M, peak: 716M

vm_info: OpenJDK 64-Bit Server VM (21.0.8+-14196175-b1038.72) for windows-amd64 JRE (21.0.8+-14196175-b1038.72), built on 2025-10-01T10:24:33Z by "builder" with MS VC++ 16.10 / 16.11 (VS2019)

END.
