#
# There is insufficient memory for the Java Runtime Environment to continue.
# Native memory allocation (malloc) failed to allocate 1364896 bytes. Error detail: Chunk::new
# Possible reasons:
#   The system is out of physical RAM or swap space
#   This process is running with CompressedOops enabled, and the Java Heap may be blocking the growth of the native heap
# Possible solutions:
#   Reduce memory load on the system
#   Increase physical memory or swap space
#   Check if swap backing store is full
#   Decrease Java heap size (-Xmx/-Xms)
#   Decrease number of Java threads
#   Decrease Java thread stack sizes (-Xss)
#   Set larger code cache with -XX:ReservedCodeCacheSize=
#   JVM is running with Unscaled Compressed Oops mode in which the Java heap is
#     placed in the first 4GB address space. The Java Heap base address is the
#     maximum limit for the native heap growth. Please use -XX:HeapBaseMinAddress
#     to set the Java Heap base and to place the Java Heap above 4GB virtual address.
# This output file may be truncated or incomplete.
#
#  Out of Memory Error (arena.cpp:168), pid=1616, tid=10132
#
# JRE version: OpenJDK Runtime Environment (21.0.8) (build 21.0.8+-14196175-b1038.72)
# Java VM: OpenJDK 64-Bit Server VM (21.0.8+-14196175-b1038.72, mixed mode, tiered, compressed oops, compressed class ptrs, g1 gc, windows-amd64)
# No core dump will be written. Minidumps are not enabled by default on client versions of Windows
#

---------------  S U M M A R Y ------------

Command Line: --add-opens=java.base/java.lang=ALL-UNNAMED --add-opens=java.base/java.lang.invoke=ALL-UNNAMED --add-opens=java.base/java.util=ALL-UNNAMED --add-opens=java.prefs/java.util.prefs=ALL-UNNAMED --add-exports=jdk.compiler/com.sun.tools.javac.api=ALL-UNNAMED --add-exports=jdk.compiler/com.sun.tools.javac.util=ALL-UNNAMED --add-opens=java.base/java.util=ALL-UNNAMED --add-opens=java.prefs/java.util.prefs=ALL-UNNAMED --add-opens=java.base/java.nio.charset=ALL-UNNAMED --add-opens=java.base/java.net=ALL-UNNAMED --add-opens=java.base/java.util.concurrent=ALL-UNNAMED --add-opens=java.base/java.util.concurrent.atomic=ALL-UNNAMED --add-opens=java.xml/javax.xml.namespace=ALL-UNNAMED --add-opens=java.base/java.time=ALL-UNNAMED -Xmx2048m -Dfile.encoding=UTF-8 -Duser.country=IN -Duser.language=en -Duser.variant -javaagent:C:\Users\twist\.gradle\wrapper\dists\gradle-9.1.0-bin\9agqghryom9wkf8r80qlhnts3\gradle-9.1.0\lib\agents\gradle-instrumentation-agent-9.1.0.jar org.gradle.launcher.daemon.bootstrap.GradleDaemon 9.1.0

Host: 12th Gen Intel(R) Core(TM) i5-12500H, 16 cores, 15G,  Windows 11 , 64 bit Build 26100 (10.0.26100.7705)
Time: Sun Feb  8 23:24:16 2026 India Standard Time elapsed time: 784.120737 seconds (0d 0h 13m 4s)

---------------  T H R E A D  ---------------

Current thread (0x000001c01a0d9a20):  JavaThread "C2 CompilerThread1" daemon [_thread_in_native, id=10132, stack(0x000000156b600000,0x000000156b700000) (1024K)]


Current CompileTask:
C2:784120 25145 %     4       com.google.common.collect.SparseImmutableTable::<init> @ 71 (486 bytes)

Stack: [0x000000156b600000,0x000000156b700000]
Native frames: (J=compiled Java code, j=interpreted, Vv=VM code, C=native code)
V  [jvm.dll+0x6d68d9]
V  [jvm.dll+0x866693]
V  [jvm.dll+0x868c4e]
V  [jvm.dll+0x869333]
V  [jvm.dll+0x280566]
V  [jvm.dll+0xc07cd]
V  [jvm.dll+0xc0d03]
V  [jvm.dll+0x3b961b]
V  [jvm.dll+0x1dfd12]
V  [jvm.dll+0x2493a4]
V  [jvm.dll+0x248821]
V  [jvm.dll+0x1c73a4]
V  [jvm.dll+0x257f9e]
V  [jvm.dll+0x2564e6]
V  [jvm.dll+0x3f4696]
V  [jvm.dll+0x80eac8]
V  [jvm.dll+0x6d512d]
C  [ucrtbase.dll+0x37b0]
C  [KERNEL32.DLL+0x2e8d7]
C  [ntdll.dll+0x8c40c]


---------------  P R O C E S S  ---------------

Threads class SMR info:
_java_thread_list=0x000001c01a1421b0, length=176, elements={
0x000001c06bfe80f0, 0x000001c077825c70, 0x000001c077829c40, 0x000001c07782a6a0,
0x000001c07784bb60, 0x000001c07784c5c0, 0x000001c07784d630, 0x000001c0778560a0,
0x000001c077858f20, 0x000001c077859f20, 0x000001c07c1380f0, 0x000001c07c139b30,
0x000001c07c13a1c0, 0x000001c07c136d40, 0x000001c07deb5ef0, 0x000001c07deb6c10,
0x000001c07deb4b40, 0x000001c010305a10, 0x000001c010309520, 0x000001c010308170,
0x000001c01030a240, 0x000001c010306dc0, 0x000001c01030a8d0, 0x000001c07f998160,
0x000001c011a60a90, 0x000001c011a62b60, 0x000001c011a624d0, 0x000001c011a631f0,
0x000001c07e2e0070, 0x000001c014800960, 0x000001c0190e70b0, 0x000001c0190e5670,
0x000001c0190e6390, 0x000001c0190e6a20, 0x000001c0190e7740, 0x000001c0190e7dd0,
0x000001c0190e4950, 0x000001c0190e8460, 0x000001c0190e4fe0, 0x000001c0190e9810,
0x000001c0190ec600, 0x000001c0190e9180, 0x000001c0190ed320, 0x000001c0190eabc0,
0x000001c0190ecc90, 0x000001c0190e9ea0, 0x000001c0190ed9b0, 0x000001c0190eb250,
0x000001c0190ebf70, 0x000001c0190ea530, 0x000001c0190ef3f0, 0x000001c0190f0e30,
0x000001c0190f14c0, 0x000001c0190ee040, 0x000001c0190eed60, 0x000001c0190f0110,
0x000001c0190efa80, 0x000001c0190f1b50, 0x000001c0190ee6d0, 0x000001c0190f4940,
0x000001c0190f5660, 0x000001c0190f2f00, 0x000001c0190f21e0, 0x000001c0190f3590,
0x000001c0190f5cf0, 0x000001c0190f2870, 0x000001c0190f6380, 0x000001c0190f42b0,
0x000001c0190f3c20, 0x000001c0190f7730, 0x000001c0190f4fd0, 0x000001c0190f9800,
0x000001c0190fa520, 0x000001c0190f9e90, 0x000001c0190fabb0, 0x000001c0190fb240,
0x000001c0190f8450, 0x000001c0190f8ae0, 0x000001c0190f7dc0, 0x000001c0190fb8d0,
0x000001c0190fbf60, 0x000001c0190fc5f0, 0x000001c0190f9170, 0x000001c0190fd310,
0x000001c0190fe030, 0x000001c0190fed50, 0x000001c019100790, 0x000001c0190fd9a0,
0x000001c019100100, 0x000001c0190ff3e0, 0x000001c0191014b0, 0x000001c019101b40,
0x000001c0190fe6c0, 0x000001c0191021d0, 0x000001c01423f0e0, 0x000001c01423fe00,
0x000001c01423e3c0, 0x000001c0142411b0, 0x000001c01423ea50, 0x000001c014242bf0,
0x000001c014243280, 0x000001c014243910, 0x000001c014240490, 0x000001c014242560,
0x000001c014240b20, 0x000001c014241ed0, 0x000001c014243fa0, 0x000001c014244630,
0x000001c014244cc0, 0x000001c014241840, 0x000001c0142487d0, 0x000001c0142459e0,
0x000001c014246070, 0x000001c014245350, 0x000001c0142494f0, 0x000001c014246d90,
0x000001c014247ab0, 0x000001c014248e60, 0x000001c014249b80, 0x000001c014246700,
0x000001c01424a210, 0x000001c01424a8a0, 0x000001c014247420, 0x000001c01424af30,
0x000001c01424b5c0, 0x000001c01424d690, 0x000001c01424bc50, 0x000001c01424c2e0,
0x000001c0147f51a0, 0x000001c0147f8cb0, 0x000001c013008f70, 0x000001c013009c90,
0x000001c01300a9b0, 0x000001c01300b040, 0x000001c013008250, 0x000001c019659ac0,
0x000001c0196579f0, 0x000001c019658da0, 0x000001c019659430, 0x000001c01965a150,
0x000001c019657360, 0x000001c019656cd0, 0x000001c01965a7e0, 0x000001c01965ae70,
0x000001c01965b500, 0x000001c019658080, 0x000001c01965e980, 0x000001c01965dc60,
0x000001c01965e2f0, 0x000001c01965f010, 0x000001c01965cf40, 0x000001c01965c220,
0x000001c01965c8b0, 0x000001c0196603c0, 0x000001c019660a50, 0x000001c01965d5d0,
0x000001c019664560, 0x000001c01a0d9a20, 0x000001c07fb909b0, 0x000001c014097030,
0x000001c01a0d9350, 0x000001c0196631b0, 0x000001c019664bf0, 0x000001c019661770,
0x000001c019663840, 0x000001c019663ed0, 0x000001c019661e00, 0x000001c0147f5ec0,
0x000001c0147f7270, 0x000001c0147f6be0, 0x000001c0147f7f90, 0x000001c0147f8620,
0x000001c0147f9340, 0x000001c0147f7900, 0x000001c0147f99d0, 0x000001c00fbe82d0
}

Java Threads: ( => current thread )
  0x000001c06bfe80f0 JavaThread "main"                              [_thread_blocked, id=23708, stack(0x0000001567f00000,0x0000001568000000) (1024K)]
  0x000001c077825c70 JavaThread "Common-Cleaner"             daemon [_thread_blocked, id=15820, stack(0x0000001568700000,0x0000001568800000) (1024K)]
  0x000001c077829c40 JavaThread "Reference Handler"          daemon [_thread_blocked, id=10944, stack(0x0000001568800000,0x0000001568900000) (1024K)]
  0x000001c07782a6a0 JavaThread "Finalizer"                  daemon [_thread_blocked, id=24368, stack(0x0000001568900000,0x0000001568a00000) (1024K)]
  0x000001c07784bb60 JavaThread "Signal Dispatcher"          daemon [_thread_blocked, id=24220, stack(0x0000001568a00000,0x0000001568b00000) (1024K)]
  0x000001c07784c5c0 JavaThread "Attach Listener"            daemon [_thread_blocked, id=24412, stack(0x0000001568b00000,0x0000001568c00000) (1024K)]
  0x000001c07784d630 JavaThread "Service Thread"             daemon [_thread_blocked, id=11476, stack(0x0000001568c00000,0x0000001568d00000) (1024K)]
  0x000001c0778560a0 JavaThread "Monitor Deflation Thread"   daemon [_thread_blocked, id=24124, stack(0x0000001568d00000,0x0000001568e00000) (1024K)]
  0x000001c077858f20 JavaThread "C2 CompilerThread0"         daemon [_thread_in_native, id=14056, stack(0x0000001568e00000,0x0000001568f00000) (1024K)]
  0x000001c077859f20 JavaThread "C1 CompilerThread0"         daemon [_thread_blocked, id=1196, stack(0x0000001568f00000,0x0000001569000000) (1024K)]
  0x000001c07c1380f0 JavaThread "Notification Thread"        daemon [_thread_blocked, id=15724, stack(0x0000001569200000,0x0000001569300000) (1024K)]
  0x000001c07c139b30 JavaThread "Daemon health stats"               [_thread_blocked, id=11616, stack(0x0000001569c00000,0x0000001569d00000) (1024K)]
  0x000001c07c13a1c0 JavaThread "Incoming local TCP Connector on port 54689"        [_thread_in_native, id=16596, stack(0x0000001569d00000,0x0000001569e00000) (1024K)]
  0x000001c07c136d40 JavaThread "Daemon periodic checks"            [_thread_blocked, id=4380, stack(0x0000001569e00000,0x0000001569f00000) (1024K)]
  0x000001c07deb5ef0 JavaThread "Cache worker for journal cache (C:\Users\twist\.gradle\caches\journal-1)"        [_thread_blocked, id=16204, stack(0x000000156af00000,0x000000156b000000) (1024K)]
  0x000001c07deb6c10 JavaThread "File lock request listener"        [_thread_in_native, id=19552, stack(0x000000156b000000,0x000000156b100000) (1024K)]
  0x000001c07deb4b40 JavaThread "Cache worker for file hash cache (C:\Users\twist\.gradle\caches\9.1.0\fileHashes)"        [_thread_blocked, id=20400, stack(0x000000156b100000,0x000000156b200000) (1024K)]
  0x000001c010305a10 JavaThread "File watcher server"        daemon [_thread_in_native, id=13776, stack(0x000000156b400000,0x000000156b500000) (1024K)]
  0x000001c010309520 JavaThread "File watcher consumer"      daemon [_thread_blocked, id=22896, stack(0x000000156b500000,0x000000156b600000) (1024K)]
  0x000001c010308170 JavaThread "Cache worker for file content cache (C:\Users\twist\.gradle\caches\9.1.0\fileContent)"        [_thread_blocked, id=9232, stack(0x000000156b700000,0x000000156b800000) (1024K)]
  0x000001c01030a240 JavaThread "jar transforms"                    [_thread_blocked, id=11816, stack(0x000000156ba00000,0x000000156bb00000) (1024K)]
  0x000001c010306dc0 JavaThread "jar transforms Thread 2"           [_thread_blocked, id=3964, stack(0x000000156bb00000,0x000000156bc00000) (1024K)]
  0x000001c01030a8d0 JavaThread "jar transforms Thread 3"           [_thread_blocked, id=3860, stack(0x000000156bc00000,0x000000156bd00000) (1024K)]
  0x000001c07f998160 JavaThread "jar transforms Thread 4"           [_thread_blocked, id=23272, stack(0x000000156c700000,0x000000156c800000) (1024K)]
  0x000001c011a60a90 JavaThread "jar transforms Thread 5"           [_thread_blocked, id=21780, stack(0x000000156c800000,0x000000156c900000) (1024K)]
  0x000001c011a62b60 JavaThread "jar transforms Thread 6"           [_thread_blocked, id=16468, stack(0x000000156ce00000,0x000000156cf00000) (1024K)]
  0x000001c011a624d0 JavaThread "jar transforms Thread 7"           [_thread_blocked, id=4348, stack(0x000000156cf00000,0x000000156d000000) (1024K)]
  0x000001c011a631f0 JavaThread "jar transforms Thread 8"           [_thread_blocked, id=6036, stack(0x000000156d000000,0x000000156d100000) (1024K)]
  0x000001c07e2e0070 JavaThread "Memory manager"                    [_thread_blocked, id=24308, stack(0x0000001570000000,0x0000001570100000) (1024K)]
  0x000001c014800960 JavaThread "Cache worker for Java compile cache (C:\Users\twist\.gradle\caches\9.1.0\javaCompile)"        [_thread_blocked, id=23652, stack(0x0000001577b00000,0x0000001577c00000) (1024K)]
  0x000001c0190e70b0 JavaThread "Daemon Thread 2"                   [_thread_blocked, id=12776, stack(0x0000001567c00000,0x0000001567d00000) (1024K)]
  0x000001c0190e5670 JavaThread "Handler for socket connection from /127.0.0.1:54689 to /127.0.0.1:57508"        [_thread_in_native, id=3024, stack(0x0000001567d00000,0x0000001567e00000) (1024K)]
  0x000001c0190e6390 JavaThread "Cancel handler"                    [_thread_blocked, id=24032, stack(0x0000001567e00000,0x0000001567f00000) (1024K)]
  0x000001c0190e6a20 JavaThread "Daemon worker Thread 2"            [_thread_blocked, id=21144, stack(0x0000001569000000,0x0000001569100000) (1024K)]
  0x000001c0190e7740 JavaThread "Asynchronous log dispatcher for DefaultDaemonConnection: socket connection from /127.0.0.1:54689 to /127.0.0.1:57508"        [_thread_blocked, id=11840, stack(0x0000001569100000,0x0000001569200000) (1024K)]
  0x000001c0190e7dd0 JavaThread "Stdin handler"                     [_thread_blocked, id=5756, stack(0x0000001569300000,0x0000001569400000) (1024K)]
  0x000001c0190e4950 JavaThread "Daemon client event forwarder"        [_thread_blocked, id=14068, stack(0x0000001569400000,0x0000001569500000) (1024K)]
  0x000001c0190e8460 JavaThread "Cache worker for file hash cache (C:\HOME\B230267CS-6\Courses\SE_Lab\Real_App\.gradle\9.1.0\fileHashes)"        [_thread_blocked, id=19012, stack(0x0000001569500000,0x0000001569600000) (1024K)]
  0x000001c0190e4fe0 JavaThread "Cache worker for Build Output Cleanup Cache (C:\HOME\B230267CS-6\Courses\SE_Lab\Real_App\.gradle\buildOutputCleanup)"        [_thread_blocked, id=13536, stack(0x0000001569b00000,0x0000001569c00000) (1024K)]
  0x000001c0190e9810 JavaThread "Cache worker for checksums cache (C:\HOME\B230267CS-6\Courses\SE_Lab\Real_App\.gradle\9.1.0\checksums)"        [_thread_blocked, id=24008, stack(0x0000001569f00000,0x000000156a000000) (1024K)]
  0x000001c0190ec600 JavaThread "Cache worker for cache directory md-supplier (C:\Users\twist\.gradle\caches\9.1.0\md-supplier)"        [_thread_blocked, id=6716, stack(0x000000156a000000,0x000000156a100000) (1024K)]
  0x000001c0190e9180 JavaThread "Cache worker for cache directory md-rule (C:\Users\twist\.gradle\caches\9.1.0\md-rule)"        [_thread_blocked, id=19948, stack(0x000000156a100000,0x000000156a200000) (1024K)]
  0x000001c0190ed320 JavaThread "Unconstrained build operations"        [_thread_blocked, id=22800, stack(0x000000156a200000,0x000000156a300000) (1024K)]
  0x000001c0190eabc0 JavaThread "Unconstrained build operations Thread 2"        [_thread_blocked, id=15860, stack(0x000000156a300000,0x000000156a400000) (1024K)]
  0x000001c0190ecc90 JavaThread "Unconstrained build operations Thread 3"        [_thread_blocked, id=24336, stack(0x000000156a400000,0x000000156a500000) (1024K)]
  0x000001c0190e9ea0 JavaThread "Unconstrained build operations Thread 4"        [_thread_blocked, id=12708, stack(0x000000156a500000,0x000000156a600000) (1024K)]
  0x000001c0190ed9b0 JavaThread "Unconstrained build operations Thread 5"        [_thread_blocked, id=11620, stack(0x000000156b200000,0x000000156b300000) (1024K)]
  0x000001c0190eb250 JavaThread "Unconstrained build operations Thread 6"        [_thread_blocked, id=5084, stack(0x000000156b300000,0x000000156b400000) (1024K)]
  0x000001c0190ebf70 JavaThread "Unconstrained build operations Thread 7"        [_thread_blocked, id=18780, stack(0x000000156b800000,0x000000156b900000) (1024K)]
  0x000001c0190ea530 JavaThread "Unconstrained build operations Thread 8"        [_thread_blocked, id=20180, stack(0x000000156b900000,0x000000156ba00000) (1024K)]
  0x000001c0190ef3f0 JavaThread "Unconstrained build operations Thread 9"        [_thread_blocked, id=5196, stack(0x000000156bd00000,0x000000156be00000) (1024K)]
  0x000001c0190f0e30 JavaThread "Unconstrained build operations Thread 10"        [_thread_blocked, id=5988, stack(0x000000156be00000,0x000000156bf00000) (1024K)]
  0x000001c0190f14c0 JavaThread "Unconstrained build operations Thread 11"        [_thread_blocked, id=20260, stack(0x000000156c200000,0x000000156c300000) (1024K)]
  0x000001c0190ee040 JavaThread "Unconstrained build operations Thread 12"        [_thread_blocked, id=3204, stack(0x000000156c300000,0x000000156c400000) (1024K)]
  0x000001c0190eed60 JavaThread "Unconstrained build operations Thread 13"        [_thread_blocked, id=13584, stack(0x000000156c400000,0x000000156c500000) (1024K)]
  0x000001c0190f0110 JavaThread "Unconstrained build operations Thread 14"        [_thread_blocked, id=10244, stack(0x000000156c500000,0x000000156c600000) (1024K)]
  0x000001c0190efa80 JavaThread "Unconstrained build operations Thread 15"        [_thread_blocked, id=19288, stack(0x000000156c600000,0x000000156c700000) (1024K)]
  0x000001c0190f1b50 JavaThread "Unconstrained build operations Thread 16"        [_thread_blocked, id=20760, stack(0x000000156c900000,0x000000156ca00000) (1024K)]
  0x000001c0190ee6d0 JavaThread "Unconstrained build operations Thread 17"        [_thread_blocked, id=23692, stack(0x000000156ca00000,0x000000156cb00000) (1024K)]
  0x000001c0190f4940 JavaThread "Unconstrained build operations Thread 18"        [_thread_blocked, id=5020, stack(0x000000156cb00000,0x000000156cc00000) (1024K)]
  0x000001c0190f5660 JavaThread "Unconstrained build operations Thread 19"        [_thread_blocked, id=14476, stack(0x000000156cc00000,0x000000156cd00000) (1024K)]
  0x000001c0190f2f00 JavaThread "Unconstrained build operations Thread 20"        [_thread_blocked, id=2800, stack(0x000000156cd00000,0x000000156ce00000) (1024K)]
  0x000001c0190f21e0 JavaThread "Unconstrained build operations Thread 21"        [_thread_blocked, id=21880, stack(0x000000156d100000,0x000000156d200000) (1024K)]
  0x000001c0190f3590 JavaThread "Unconstrained build operations Thread 22"        [_thread_blocked, id=15292, stack(0x000000156d200000,0x000000156d300000) (1024K)]
  0x000001c0190f5cf0 JavaThread "Unconstrained build operations Thread 23"        [_thread_blocked, id=23336, stack(0x000000156d300000,0x000000156d400000) (1024K)]
  0x000001c0190f2870 JavaThread "Unconstrained build operations Thread 24"        [_thread_blocked, id=18964, stack(0x000000156d400000,0x000000156d500000) (1024K)]
  0x000001c0190f6380 JavaThread "Unconstrained build operations Thread 25"        [_thread_blocked, id=12160, stack(0x000000156d500000,0x000000156d600000) (1024K)]
  0x000001c0190f42b0 JavaThread "Unconstrained build operations Thread 26"        [_thread_blocked, id=7844, stack(0x000000156d600000,0x000000156d700000) (1024K)]
  0x000001c0190f3c20 JavaThread "Unconstrained build operations Thread 27"        [_thread_blocked, id=21748, stack(0x000000156d700000,0x000000156d800000) (1024K)]
  0x000001c0190f7730 JavaThread "Unconstrained build operations Thread 28"        [_thread_blocked, id=16268, stack(0x000000156d800000,0x000000156d900000) (1024K)]
  0x000001c0190f4fd0 JavaThread "Unconstrained build operations Thread 29"        [_thread_blocked, id=12964, stack(0x000000156d900000,0x000000156da00000) (1024K)]
  0x000001c0190f9800 JavaThread "Unconstrained build operations Thread 30"        [_thread_blocked, id=11792, stack(0x000000156da00000,0x000000156db00000) (1024K)]
  0x000001c0190fa520 JavaThread "Unconstrained build operations Thread 31"        [_thread_blocked, id=23436, stack(0x000000156db00000,0x000000156dc00000) (1024K)]
  0x000001c0190f9e90 JavaThread "Unconstrained build operations Thread 32"        [_thread_blocked, id=9056, stack(0x000000156dc00000,0x000000156dd00000) (1024K)]
  0x000001c0190fabb0 JavaThread "Unconstrained build operations Thread 33"        [_thread_blocked, id=17752, stack(0x000000156dd00000,0x000000156de00000) (1024K)]
  0x000001c0190fb240 JavaThread "Unconstrained build operations Thread 34"        [_thread_blocked, id=3716, stack(0x000000156de00000,0x000000156df00000) (1024K)]
  0x000001c0190f8450 JavaThread "Unconstrained build operations Thread 35"        [_thread_blocked, id=10004, stack(0x000000156df00000,0x000000156e000000) (1024K)]
  0x000001c0190f8ae0 JavaThread "Unconstrained build operations Thread 36"        [_thread_blocked, id=12556, stack(0x000000156e000000,0x000000156e100000) (1024K)]
  0x000001c0190f7dc0 JavaThread "Unconstrained build operations Thread 37"        [_thread_blocked, id=24376, stack(0x000000156e100000,0x000000156e200000) (1024K)]
  0x000001c0190fb8d0 JavaThread "Unconstrained build operations Thread 38"        [_thread_blocked, id=19964, stack(0x000000156e200000,0x000000156e300000) (1024K)]
  0x000001c0190fbf60 JavaThread "Unconstrained build operations Thread 39"        [_thread_blocked, id=23640, stack(0x000000156e300000,0x000000156e400000) (1024K)]
  0x000001c0190fc5f0 JavaThread "Unconstrained build operations Thread 40"        [_thread_blocked, id=11004, stack(0x000000156e400000,0x000000156e500000) (1024K)]
  0x000001c0190f9170 JavaThread "build event listener"              [_thread_blocked, id=2064, stack(0x000000156e500000,0x000000156e600000) (1024K)]
  0x000001c0190fd310 JavaThread "build event listener"              [_thread_blocked, id=21000, stack(0x000000156e600000,0x000000156e700000) (1024K)]
  0x000001c0190fe030 JavaThread "included builds"                   [_thread_blocked, id=18108, stack(0x000000156e700000,0x000000156e800000) (1024K)]
  0x000001c0190fed50 JavaThread "Execution worker"                  [_thread_blocked, id=15972, stack(0x000000156e800000,0x000000156e900000) (1024K)]
  0x000001c019100790 JavaThread "Execution worker Thread 2"         [_thread_blocked, id=13396, stack(0x000000156e900000,0x000000156ea00000) (1024K)]
  0x000001c0190fd9a0 JavaThread "Execution worker Thread 3"         [_thread_blocked, id=7776, stack(0x000000156ea00000,0x000000156eb00000) (1024K)]
  0x000001c019100100 JavaThread "Execution worker Thread 4"         [_thread_blocked, id=22060, stack(0x000000156eb00000,0x000000156ec00000) (1024K)]
  0x000001c0190ff3e0 JavaThread "Execution worker Thread 5"         [_thread_blocked, id=21056, stack(0x000000156ec00000,0x000000156ed00000) (1024K)]
  0x000001c0191014b0 JavaThread "Execution worker Thread 6"         [_thread_blocked, id=23900, stack(0x000000156ed00000,0x000000156ee00000) (1024K)]
  0x000001c019101b40 JavaThread "Execution worker Thread 7"         [_thread_blocked, id=11728, stack(0x000000156ee00000,0x000000156ef00000) (1024K)]
  0x000001c0190fe6c0 JavaThread "Execution worker Thread 8"         [_thread_blocked, id=7652, stack(0x000000156ef00000,0x000000156f000000) (1024K)]
  0x000001c0191021d0 JavaThread "Execution worker Thread 9"         [_thread_blocked, id=21964, stack(0x000000156f000000,0x000000156f100000) (1024K)]
  0x000001c01423f0e0 JavaThread "Execution worker Thread 10"        [_thread_blocked, id=21564, stack(0x000000156f100000,0x000000156f200000) (1024K)]
  0x000001c01423fe00 JavaThread "Execution worker Thread 11"        [_thread_blocked, id=24056, stack(0x000000156f200000,0x000000156f300000) (1024K)]
  0x000001c01423e3c0 JavaThread "Execution worker Thread 12"        [_thread_blocked, id=824, stack(0x000000156f300000,0x000000156f400000) (1024K)]
  0x000001c0142411b0 JavaThread "Execution worker Thread 13"        [_thread_blocked, id=7616, stack(0x000000156f400000,0x000000156f500000) (1024K)]
  0x000001c01423ea50 JavaThread "Execution worker Thread 14"        [_thread_blocked, id=3180, stack(0x000000156f500000,0x000000156f600000) (1024K)]
  0x000001c014242bf0 JavaThread "Execution worker Thread 15"        [_thread_blocked, id=15960, stack(0x000000156f600000,0x000000156f700000) (1024K)]
  0x000001c014243280 JavaThread "Cache worker for execution history cache (C:\HOME\B230267CS-6\Courses\SE_Lab\Real_App\.gradle\9.1.0\executionHistory)"        [_thread_blocked, id=22756, stack(0x000000156f700000,0x000000156f800000) (1024K)]
  0x000001c014243910 JavaThread "Unconstrained build operations Thread 41"        [_thread_blocked, id=23940, stack(0x000000156f800000,0x000000156f900000) (1024K)]
  0x000001c014240490 JavaThread "Unconstrained build operations Thread 42"        [_thread_blocked, id=24284, stack(0x000000156f900000,0x000000156fa00000) (1024K)]
  0x000001c014242560 JavaThread "Unconstrained build operations Thread 43"        [_thread_blocked, id=14232, stack(0x000000156fa00000,0x000000156fb00000) (1024K)]
  0x000001c014240b20 JavaThread "Unconstrained build operations Thread 44"        [_thread_blocked, id=24460, stack(0x000000156fb00000,0x000000156fc00000) (1024K)]
  0x000001c014241ed0 JavaThread "Unconstrained build operations Thread 45"        [_thread_blocked, id=7984, stack(0x000000156fc00000,0x000000156fd00000) (1024K)]
  0x000001c014243fa0 JavaThread "Unconstrained build operations Thread 46"        [_thread_blocked, id=23792, stack(0x000000156fd00000,0x000000156fe00000) (1024K)]
  0x000001c014244630 JavaThread "Unconstrained build operations Thread 47"        [_thread_blocked, id=16644, stack(0x000000156fe00000,0x000000156ff00000) (1024K)]
  0x000001c014244cc0 JavaThread "Unconstrained build operations Thread 48"        [_thread_blocked, id=20788, stack(0x000000156ff00000,0x0000001570000000) (1024K)]
  0x000001c014241840 JavaThread "Unconstrained build operations Thread 49"        [_thread_blocked, id=24068, stack(0x0000001570100000,0x0000001570200000) (1024K)]
  0x000001c0142487d0 JavaThread "Unconstrained build operations Thread 50"        [_thread_blocked, id=19472, stack(0x0000001570200000,0x0000001570300000) (1024K)]
  0x000001c0142459e0 JavaThread "Unconstrained build operations Thread 51"        [_thread_blocked, id=11600, stack(0x0000001570300000,0x0000001570400000) (1024K)]
  0x000001c014246070 JavaThread "Unconstrained build operations Thread 52"        [_thread_blocked, id=22924, stack(0x0000001570400000,0x0000001570500000) (1024K)]
  0x000001c014245350 JavaThread "Unconstrained build operations Thread 53"        [_thread_blocked, id=19468, stack(0x0000001570500000,0x0000001570600000) (1024K)]
  0x000001c0142494f0 JavaThread "Unconstrained build operations Thread 54"        [_thread_blocked, id=5440, stack(0x0000001570600000,0x0000001570700000) (1024K)]
  0x000001c014246d90 JavaThread "Unconstrained build operations Thread 55"        [_thread_blocked, id=24004, stack(0x0000001570700000,0x0000001570800000) (1024K)]
  0x000001c014247ab0 JavaThread "WorkerExecutor Queue"              [_thread_blocked, id=16584, stack(0x0000001570800000,0x0000001570900000) (1024K)]
  0x000001c014248e60 JavaThread "Unconstrained build operations Thread 56"        [_thread_blocked, id=19764, stack(0x0000001570900000,0x0000001570a00000) (1024K)]
  0x000001c014249b80 JavaThread "Unconstrained build operations Thread 57"        [_thread_blocked, id=21340, stack(0x0000001570a00000,0x0000001570b00000) (1024K)]
  0x000001c014246700 JavaThread "Unconstrained build operations Thread 58"        [_thread_blocked, id=13640, stack(0x0000001570b00000,0x0000001570c00000) (1024K)]
  0x000001c01424a210 JavaThread "Unconstrained build operations Thread 59"        [_thread_blocked, id=20884, stack(0x0000001570c00000,0x0000001570d00000) (1024K)]
  0x000001c01424a8a0 JavaThread "Unconstrained build operations Thread 60"        [_thread_blocked, id=19532, stack(0x0000001570d00000,0x0000001570e00000) (1024K)]
  0x000001c014247420 JavaThread "Unconstrained build operations Thread 61"        [_thread_blocked, id=3064, stack(0x0000001570e00000,0x0000001570f00000) (1024K)]
  0x000001c01424af30 JavaThread "Unconstrained build operations Thread 62"        [_thread_blocked, id=20196, stack(0x0000001570f00000,0x0000001571000000) (1024K)]
  0x000001c01424b5c0 JavaThread "Unconstrained build operations Thread 63"        [_thread_blocked, id=23864, stack(0x0000001571000000,0x0000001571100000) (1024K)]
  0x000001c01424d690 JavaThread "Unconstrained build operations Thread 64"        [_thread_blocked, id=12296, stack(0x0000001571100000,0x0000001571200000) (1024K)]
  0x000001c01424bc50 JavaThread "Unconstrained build operations Thread 65"        [_thread_blocked, id=22268, stack(0x0000001571200000,0x0000001571300000) (1024K)]
  0x000001c01424c2e0 JavaThread "Unconstrained build operations Thread 66"        [_thread_blocked, id=16248, stack(0x0000001571300000,0x0000001571400000) (1024K)]
  0x000001c0147f51a0 JavaThread "Unconstrained build operations Thread 67"        [_thread_blocked, id=808, stack(0x0000001571400000,0x0000001571500000) (1024K)]
  0x000001c0147f8cb0 JavaThread "Unconstrained build operations Thread 68"        [_thread_blocked, id=20248, stack(0x0000001571500000,0x0000001571600000) (1024K)]
  0x000001c013008f70 JavaThread "WorkerExecutor Queue Thread 2"        [_thread_blocked, id=8596, stack(0x0000001571800000,0x0000001571900000) (1024K)]
  0x000001c013009c90 JavaThread "Unconstrained build operations Thread 69"        [_thread_blocked, id=24440, stack(0x0000001571900000,0x0000001571a00000) (1024K)]
  0x000001c01300a9b0 JavaThread "Unconstrained build operations Thread 70"        [_thread_blocked, id=7620, stack(0x0000001571a00000,0x0000001571b00000) (1024K)]
  0x000001c01300b040 JavaThread "Unconstrained build operations Thread 71"        [_thread_blocked, id=16164, stack(0x0000001571b00000,0x0000001571c00000) (1024K)]
  0x000001c013008250 JavaThread "Unconstrained build operations Thread 72"        [_thread_blocked, id=21812, stack(0x0000001571c00000,0x0000001571d00000) (1024K)]
  0x000001c019659ac0 JavaThread "Unconstrained build operations Thread 73"        [_thread_blocked, id=24020, stack(0x0000001571d00000,0x0000001571e00000) (1024K)]
  0x000001c0196579f0 JavaThread "Unconstrained build operations Thread 74"        [_thread_blocked, id=2160, stack(0x0000001571e00000,0x0000001571f00000) (1024K)]
  0x000001c019658da0 JavaThread "Build operations"                  [_thread_blocked, id=21412, stack(0x0000001571f00000,0x0000001572000000) (1024K)]
  0x000001c019659430 JavaThread "Build operations Thread 2"         [_thread_blocked, id=20572, stack(0x0000001572000000,0x0000001572100000) (1024K)]
  0x000001c01965a150 JavaThread "Build operations Thread 3"         [_thread_blocked, id=10636, stack(0x0000001572100000,0x0000001572200000) (1024K)]
  0x000001c019657360 JavaThread "Build operations Thread 4"         [_thread_blocked, id=13932, stack(0x0000001572200000,0x0000001572300000) (1024K)]
  0x000001c019656cd0 JavaThread "Build operations Thread 5"         [_thread_blocked, id=19184, stack(0x0000001572300000,0x0000001572400000) (1024K)]
  0x000001c01965a7e0 JavaThread "Build operations Thread 6"         [_thread_blocked, id=21272, stack(0x0000001572400000,0x0000001572500000) (1024K)]
  0x000001c01965ae70 JavaThread "Build operations Thread 7"         [_thread_blocked, id=4012, stack(0x0000001572500000,0x0000001572600000) (1024K)]
  0x000001c01965b500 JavaThread "Build operations Thread 8"         [_thread_blocked, id=12424, stack(0x0000001572600000,0x0000001572700000) (1024K)]
  0x000001c019658080 JavaThread "Build operations Thread 9"         [_thread_blocked, id=24296, stack(0x0000001572700000,0x0000001572800000) (1024K)]
  0x000001c01965e980 JavaThread "Build operations Thread 10"        [_thread_blocked, id=21716, stack(0x0000001572800000,0x0000001572900000) (1024K)]
  0x000001c01965dc60 JavaThread "Build operations Thread 11"        [_thread_blocked, id=8308, stack(0x0000001572900000,0x0000001572a00000) (1024K)]
  0x000001c01965e2f0 JavaThread "Build operations Thread 12"        [_thread_blocked, id=21248, stack(0x0000001572a00000,0x0000001572b00000) (1024K)]
  0x000001c01965f010 JavaThread "Build operations Thread 13"        [_thread_blocked, id=12120, stack(0x0000001572b00000,0x0000001572c00000) (1024K)]
  0x000001c01965cf40 JavaThread "Build operations Thread 14"        [_thread_blocked, id=3252, stack(0x0000001572c00000,0x0000001572d00000) (1024K)]
  0x000001c01965c220 JavaThread "Build operations Thread 15"        [_thread_blocked, id=8124, stack(0x0000001572d00000,0x0000001572e00000) (1024K)]
  0x000001c01965c8b0 JavaThread "Unconstrained build operations Thread 75"        [_thread_blocked, id=15220, stack(0x0000001572e00000,0x0000001572f00000) (1024K)]
  0x000001c0196603c0 JavaThread "WorkerExecutor Queue Thread 3"        [_thread_blocked, id=21496, stack(0x0000001572f00000,0x0000001573000000) (1024K)]
  0x000001c019660a50 JavaThread "pool-7-thread-1"                   [_thread_blocked, id=7556, stack(0x0000001573000000,0x0000001573100000) (1024K)]
  0x000001c01965d5d0 JavaThread "stderr"                            [_thread_in_native, id=12420, stack(0x0000001573100000,0x0000001573200000) (1024K)]
  0x000001c019664560 JavaThread "stdout"                            [_thread_in_native, id=24232, stack(0x0000001573200000,0x0000001573300000) (1024K)]
=>0x000001c01a0d9a20 JavaThread "C2 CompilerThread1"         daemon [_thread_in_native, id=10132, stack(0x000000156b600000,0x000000156b700000) (1024K)]
  0x000001c07fb909b0 JavaThread "C2 CompilerThread2"         daemon [_thread_in_native, id=3188, stack(0x000000156bf00000,0x000000156c000000) (1024K)]
  0x000001c014097030 JavaThread "C2 CompilerThread3"         daemon [_thread_blocked, id=17920, stack(0x000000156c000000,0x000000156c100000) (1024K)]
  0x000001c01a0d9350 JavaThread "C1 CompilerThread1"         daemon [_thread_blocked, id=15188, stack(0x000000156c100000,0x000000156c200000) (1024K)]
  0x000001c0196631b0 JavaThread "WorkerExecutor Queue Thread 4"        [_thread_blocked, id=14668, stack(0x0000001571700000,0x0000001571800000) (1024K)]
  0x000001c019664bf0 JavaThread "WorkerExecutor Queue Thread 5"        [_thread_blocked, id=23928, stack(0x0000001573300000,0x0000001573400000) (1024K)]
  0x000001c019661770 JavaThread "WorkerExecutor Queue Thread 6"        [_thread_blocked, id=17828, stack(0x0000001573400000,0x0000001573500000) (1024K)]
  0x000001c019663840 JavaThread "WorkerExecutor Queue Thread 7"        [_thread_blocked, id=16088, stack(0x0000001573500000,0x0000001573600000) (1024K)]
  0x000001c019663ed0 JavaThread "WorkerExecutor Queue Thread 8"        [_thread_blocked, id=14736, stack(0x0000001573600000,0x0000001573700000) (1024K)]
  0x000001c019661e00 JavaThread "WorkerExecutor Queue Thread 9"        [_thread_in_native, id=17772, stack(0x0000001573700000,0x0000001573800000) (1024K)]
  0x000001c0147f5ec0 JavaThread "WorkerExecutor Queue Thread 10"        [_thread_blocked, id=9268, stack(0x0000001573800000,0x0000001573900000) (1024K)]
  0x000001c0147f7270 JavaThread "WorkerExecutor Queue Thread 11"        [_thread_blocked, id=20504, stack(0x0000001573900000,0x0000001573a00000) (1024K)]
  0x000001c0147f6be0 JavaThread "WorkerExecutor Queue Thread 12"        [_thread_blocked, id=20172, stack(0x0000001573a00000,0x0000001573b00000) (1024K)]
  0x000001c0147f7f90 JavaThread "WorkerExecutor Queue Thread 13"        [_thread_blocked, id=20492, stack(0x0000001573b00000,0x0000001573c00000) (1024K)]
  0x000001c0147f8620 JavaThread "WorkerExecutor Queue Thread 14"        [_thread_blocked, id=12164, stack(0x0000001573c00000,0x0000001573d00000) (1024K)]
  0x000001c0147f9340 JavaThread "WorkerExecutor Queue Thread 15"        [_thread_blocked, id=12060, stack(0x0000001573d00000,0x0000001573e00000) (1024K)]
  0x000001c0147f7900 JavaThread "WorkerExecutor Queue Thread 16"        [_thread_blocked, id=4600, stack(0x0000001573e00000,0x0000001573f00000) (1024K)]
  0x000001c0147f99d0 JavaThread "WorkerExecutor Queue Thread 17"        [_thread_blocked, id=19920, stack(0x0000001573f00000,0x0000001574000000) (1024K)]
  0x000001c00fbe82d0 JavaThread "C2 CompilerThread4"         daemon [_thread_blocked, id=12024, stack(0x0000001574000000,0x0000001574100000) (1024K)]
Total: 176

Other Threads:
  0x000001c0776deb10 VMThread "VM Thread"                           [id=10044, stack(0x0000001568600000,0x0000001568700000) (1024K)]
  0x000001c07767fb30 WatcherThread "VM Periodic Task Thread"        [id=15508, stack(0x0000001568500000,0x0000001568600000) (1024K)]
  0x000001c06c0ae060 WorkerThread "GC Thread#0"                     [id=1844, stack(0x0000001568000000,0x0000001568100000) (1024K)]
  0x000001c07c49a0c0 WorkerThread "GC Thread#1"                     [id=12000, stack(0x0000001569600000,0x0000001569700000) (1024K)]
  0x000001c07c347160 WorkerThread "GC Thread#2"                     [id=15740, stack(0x0000001569700000,0x0000001569800000) (1024K)]
  0x000001c07c3a76b0 WorkerThread "GC Thread#3"                     [id=21868, stack(0x0000001569800000,0x0000001569900000) (1024K)]
  0x000001c07c347910 WorkerThread "GC Thread#4"                     [id=6592, stack(0x0000001569900000,0x0000001569a00000) (1024K)]
  0x000001c07c347cb0 WorkerThread "GC Thread#5"                     [id=20080, stack(0x0000001569a00000,0x0000001569b00000) (1024K)]
  0x000001c07dfbe2b0 WorkerThread "GC Thread#6"                     [id=16124, stack(0x000000156a600000,0x000000156a700000) (1024K)]
  0x000001c07dfbe650 WorkerThread "GC Thread#7"                     [id=5476, stack(0x000000156a700000,0x000000156a800000) (1024K)]
  0x000001c07e016c60 WorkerThread "GC Thread#8"                     [id=6700, stack(0x000000156a800000,0x000000156a900000) (1024K)]
  0x000001c07e016180 WorkerThread "GC Thread#9"                     [id=9876, stack(0x000000156a900000,0x000000156aa00000) (1024K)]
  0x000001c07e017000 WorkerThread "GC Thread#10"                    [id=22328, stack(0x000000156aa00000,0x000000156ab00000) (1024K)]
  0x000001c07e0173a0 WorkerThread "GC Thread#11"                    [id=21108, stack(0x000000156ab00000,0x000000156ac00000) (1024K)]
  0x000001c07e017740 WorkerThread "GC Thread#12"                    [id=15980, stack(0x000000156ac00000,0x000000156ad00000) (1024K)]
  0x000001c06e584d60 ConcurrentGCThread "G1 Main Marker"            [id=17596, stack(0x0000001568100000,0x0000001568200000) (1024K)]
  0x000001c06e5858d0 WorkerThread "G1 Conc#0"                       [id=23968, stack(0x0000001568200000,0x0000001568300000) (1024K)]
  0x000001c07e016520 WorkerThread "G1 Conc#1"                       [id=6604, stack(0x000000156ad00000,0x000000156ae00000) (1024K)]
  0x000001c07e0168c0 WorkerThread "G1 Conc#2"                       [id=3456, stack(0x000000156ae00000,0x000000156af00000) (1024K)]
  0x000001c0775ca760 ConcurrentGCThread "G1 Refine#0"               [id=13020, stack(0x0000001568300000,0x0000001568400000) (1024K)]
  0x000001c0775ccf90 ConcurrentGCThread "G1 Service"                [id=23656, stack(0x0000001568400000,0x0000001568500000) (1024K)]
Total: 21

Threads with active compile tasks:
C2 CompilerThread1  784137 25145 %     4       com.google.common.collect.SparseImmutableTable::<init> @ 71 (486 bytes)
C2 CompilerThread2  784137 25208       4       com.android.builder.symbols.BytecodeRClassWriterKt::generateResourceTypeClass (882 bytes)
Total: 2

VM state: not at safepoint (normal execution)

VM Mutex/Monitor currently owned by a thread: None

Heap address: 0x0000000080000000, size: 2048 MB, Compressed Oops mode: 32-bit

CDS archive(s) not mapped
Compressed class space mapped at: 0x0000000100000000-0x0000000140000000, reserved size: 1073741824
Narrow klass base: 0x0000000000000000, Narrow klass shift: 3, Narrow klass range: 0x140000000

GC Precious Log:
 CardTable entry size: 512
 Card Set container configuration: InlinePtr #cards 5 size 8 Array Of Cards #cards 12 size 40 Howl #buckets 4 coarsen threshold 1843 Howl Bitmap #cards 512 size 80 coarsen threshold 460 Card regions per heap region 1 cards per card region 2048
 CPUs: 16 total, 16 available
 Memory: 16068M
 Large Page Support: Disabled
 NUMA Support: Disabled
 Compressed Oops: Enabled (32-bit)
 Heap Region Size: 1M
 Heap Min Capacity: 8M
 Heap Initial Capacity: 252M
 Heap Max Capacity: 2G
 Pre-touch: Disabled
 Parallel Workers: 13
 Concurrent Workers: 3
 Concurrent Refinement Workers: 13
 Periodic GC: Disabled

Heap:
 garbage-first heap   total 296960K, used 248263K [0x0000000080000000, 0x0000000100000000)
  region size 1024K, 78 young (79872K), 12 survivors (12288K)
 Metaspace       used 163861K, committed 166528K, reserved 1245184K
  class space    used 23634K, committed 24960K, reserved 1048576K

Heap Regions: E=young(eden), S=young(survivor), O=old, HS=humongous(starts), HC=humongous(continues), CS=collection set, F=free, TAMS=top-at-mark-start, PB=parsable bottom
|   0|0x0000000080000000, 0x0000000080100000, 0x0000000080100000|100%|HS|  |TAMS 0x0000000080000000| PB 0x0000000080000000| Complete 
|   1|0x0000000080100000, 0x0000000080200000, 0x0000000080200000|100%|HC|  |TAMS 0x0000000080100000| PB 0x0000000080100000| Complete 
|   2|0x0000000080200000, 0x0000000080300000, 0x0000000080300000|100%|HC|  |TAMS 0x0000000080200000| PB 0x0000000080200000| Complete 
|   3|0x0000000080300000, 0x0000000080400000, 0x0000000080400000|100%| O|  |TAMS 0x0000000080300000| PB 0x0000000080300000| Untracked 
|   4|0x0000000080400000, 0x0000000080500000, 0x0000000080500000|100%| O|  |TAMS 0x0000000080400000| PB 0x0000000080400000| Untracked 
|   5|0x0000000080500000, 0x0000000080600000, 0x0000000080600000|100%| O|  |TAMS 0x0000000080500000| PB 0x0000000080500000| Untracked 
|   6|0x0000000080600000, 0x0000000080700000, 0x0000000080700000|100%|HS|  |TAMS 0x0000000080600000| PB 0x0000000080600000| Complete 
|   7|0x0000000080700000, 0x0000000080800000, 0x0000000080800000|100%| O|  |TAMS 0x0000000080700000| PB 0x0000000080700000| Untracked 
|   8|0x0000000080800000, 0x0000000080900000, 0x0000000080900000|100%| O|  |TAMS 0x0000000080800000| PB 0x0000000080800000| Untracked 
|   9|0x0000000080900000, 0x0000000080a00000, 0x0000000080a00000|100%| O|  |TAMS 0x0000000080900000| PB 0x0000000080900000| Untracked 
|  10|0x0000000080a00000, 0x0000000080b00000, 0x0000000080b00000|100%| O|  |TAMS 0x0000000080a00000| PB 0x0000000080a00000| Untracked 
|  11|0x0000000080b00000, 0x0000000080c00000, 0x0000000080c00000|100%| O|  |TAMS 0x0000000080b00000| PB 0x0000000080b00000| Untracked 
|  12|0x0000000080c00000, 0x0000000080d00000, 0x0000000080d00000|100%| O|  |TAMS 0x0000000080c00000| PB 0x0000000080c00000| Untracked 
|  13|0x0000000080d00000, 0x0000000080e00000, 0x0000000080e00000|100%| O|  |TAMS 0x0000000080d00000| PB 0x0000000080d00000| Untracked 
|  14|0x0000000080e00000, 0x0000000080f00000, 0x0000000080f00000|100%| O|  |TAMS 0x0000000080e00000| PB 0x0000000080e00000| Untracked 
|  15|0x0000000080f00000, 0x0000000081000000, 0x0000000081000000|100%| O|  |TAMS 0x0000000080f00000| PB 0x0000000080f00000| Untracked 
|  16|0x0000000081000000, 0x0000000081100000, 0x0000000081100000|100%| O|  |TAMS 0x0000000081000000| PB 0x0000000081000000| Untracked 
|  17|0x0000000081100000, 0x0000000081200000, 0x0000000081200000|100%| O|  |TAMS 0x0000000081100000| PB 0x0000000081100000| Untracked 
|  18|0x0000000081200000, 0x0000000081300000, 0x0000000081300000|100%| O|  |TAMS 0x0000000081200000| PB 0x0000000081200000| Untracked 
|  19|0x0000000081300000, 0x0000000081400000, 0x0000000081400000|100%|HS|  |TAMS 0x0000000081300000| PB 0x0000000081300000| Complete 
|  20|0x0000000081400000, 0x0000000081500000, 0x0000000081500000|100%|HC|  |TAMS 0x0000000081400000| PB 0x0000000081400000| Complete 
|  21|0x0000000081500000, 0x0000000081600000, 0x0000000081600000|100%| O|  |TAMS 0x0000000081500000| PB 0x0000000081500000| Untracked 
|  22|0x0000000081600000, 0x0000000081700000, 0x0000000081700000|100%| O|  |TAMS 0x0000000081600000| PB 0x0000000081600000| Untracked 
|  23|0x0000000081700000, 0x0000000081800000, 0x0000000081800000|100%| O|  |TAMS 0x0000000081700000| PB 0x0000000081700000| Untracked 
|  24|0x0000000081800000, 0x0000000081900000, 0x0000000081900000|100%| O|  |TAMS 0x0000000081800000| PB 0x0000000081800000| Untracked 
|  25|0x0000000081900000, 0x0000000081a00000, 0x0000000081a00000|100%| O|  |TAMS 0x0000000081900000| PB 0x0000000081900000| Untracked 
|  26|0x0000000081a00000, 0x0000000081b00000, 0x0000000081b00000|100%| O|  |TAMS 0x0000000081a00000| PB 0x0000000081a00000| Untracked 
|  27|0x0000000081b00000, 0x0000000081c00000, 0x0000000081c00000|100%| O|  |TAMS 0x0000000081b00000| PB 0x0000000081b00000| Untracked 
|  28|0x0000000081c00000, 0x0000000081d00000, 0x0000000081d00000|100%| O|  |TAMS 0x0000000081c00000| PB 0x0000000081c00000| Untracked 
|  29|0x0000000081d00000, 0x0000000081e00000, 0x0000000081e00000|100%| O|  |TAMS 0x0000000081d00000| PB 0x0000000081d00000| Untracked 
|  30|0x0000000081e00000, 0x0000000081f00000, 0x0000000081f00000|100%| O|  |TAMS 0x0000000081e00000| PB 0x0000000081e00000| Untracked 
|  31|0x0000000081f00000, 0x0000000082000000, 0x0000000082000000|100%| O|  |TAMS 0x0000000081f00000| PB 0x0000000081f00000| Untracked 
|  32|0x0000000082000000, 0x0000000082100000, 0x0000000082100000|100%| O|  |TAMS 0x0000000082000000| PB 0x0000000082000000| Untracked 
|  33|0x0000000082100000, 0x0000000082200000, 0x0000000082200000|100%| O|  |TAMS 0x0000000082100000| PB 0x0000000082100000| Untracked 
|  34|0x0000000082200000, 0x0000000082300000, 0x0000000082300000|100%| O|  |TAMS 0x0000000082200000| PB 0x0000000082200000| Untracked 
|  35|0x0000000082300000, 0x0000000082400000, 0x0000000082400000|100%| O|  |TAMS 0x0000000082300000| PB 0x0000000082300000| Untracked 
|  36|0x0000000082400000, 0x0000000082500000, 0x0000000082500000|100%| O|  |TAMS 0x0000000082400000| PB 0x0000000082400000| Untracked 
|  37|0x0000000082500000, 0x0000000082600000, 0x0000000082600000|100%| O|  |TAMS 0x0000000082500000| PB 0x0000000082500000| Untracked 
|  38|0x0000000082600000, 0x0000000082700000, 0x0000000082700000|100%| O|  |TAMS 0x0000000082600000| PB 0x0000000082600000| Untracked 
|  39|0x0000000082700000, 0x0000000082800000, 0x0000000082800000|100%| O|  |TAMS 0x0000000082700000| PB 0x0000000082700000| Untracked 
|  40|0x0000000082800000, 0x0000000082900000, 0x0000000082900000|100%| O|  |TAMS 0x0000000082800000| PB 0x0000000082800000| Untracked 
|  41|0x0000000082900000, 0x0000000082a00000, 0x0000000082a00000|100%|HS|  |TAMS 0x0000000082900000| PB 0x0000000082900000| Complete 
|  42|0x0000000082a00000, 0x0000000082b00000, 0x0000000082b00000|100%|HS|  |TAMS 0x0000000082a00000| PB 0x0000000082a00000| Complete 
|  43|0x0000000082b00000, 0x0000000082c00000, 0x0000000082c00000|100%|HS|  |TAMS 0x0000000082b00000| PB 0x0000000082b00000| Complete 
|  44|0x0000000082c00000, 0x0000000082d00000, 0x0000000082d00000|100%|HC|  |TAMS 0x0000000082c00000| PB 0x0000000082c00000| Complete 
|  45|0x0000000082d00000, 0x0000000082e00000, 0x0000000082e00000|100%| O|  |TAMS 0x0000000082d00000| PB 0x0000000082d00000| Untracked 
|  46|0x0000000082e00000, 0x0000000082f00000, 0x0000000082f00000|100%| O|  |TAMS 0x0000000082e00000| PB 0x0000000082e00000| Untracked 
|  47|0x0000000082f00000, 0x0000000083000000, 0x0000000083000000|100%| O|  |TAMS 0x0000000082f00000| PB 0x0000000082f00000| Untracked 
|  48|0x0000000083000000, 0x0000000083100000, 0x0000000083100000|100%| O|  |TAMS 0x0000000083000000| PB 0x0000000083000000| Untracked 
|  49|0x0000000083100000, 0x0000000083200000, 0x0000000083200000|100%|HS|  |TAMS 0x0000000083100000| PB 0x0000000083100000| Complete 
|  50|0x0000000083200000, 0x0000000083300000, 0x0000000083300000|100%|HS|  |TAMS 0x0000000083200000| PB 0x0000000083200000| Complete 
|  51|0x0000000083300000, 0x0000000083400000, 0x0000000083400000|100%| O|  |TAMS 0x0000000083300000| PB 0x0000000083300000| Untracked 
|  52|0x0000000083400000, 0x0000000083500000, 0x0000000083500000|100%| O|  |TAMS 0x0000000083400000| PB 0x0000000083400000| Untracked 
|  53|0x0000000083500000, 0x0000000083600000, 0x0000000083600000|100%| O|  |TAMS 0x0000000083500000| PB 0x0000000083500000| Untracked 
|  54|0x0000000083600000, 0x0000000083700000, 0x0000000083700000|100%|HS|  |TAMS 0x0000000083600000| PB 0x0000000083600000| Complete 
|  55|0x0000000083700000, 0x0000000083800000, 0x0000000083800000|100%|HS|  |TAMS 0x0000000083700000| PB 0x0000000083700000| Complete 
|  56|0x0000000083800000, 0x0000000083900000, 0x0000000083900000|100%|HS|  |TAMS 0x0000000083800000| PB 0x0000000083800000| Complete 
|  57|0x0000000083900000, 0x0000000083a00000, 0x0000000083a00000|100%|HC|  |TAMS 0x0000000083900000| PB 0x0000000083900000| Complete 
|  58|0x0000000083a00000, 0x0000000083b00000, 0x0000000083b00000|100%| O|  |TAMS 0x0000000083a00000| PB 0x0000000083a00000| Untracked 
|  59|0x0000000083b00000, 0x0000000083c00000, 0x0000000083c00000|100%| O|  |TAMS 0x0000000083b00000| PB 0x0000000083b00000| Untracked 
|  60|0x0000000083c00000, 0x0000000083d00000, 0x0000000083d00000|100%| O|  |TAMS 0x0000000083c00000| PB 0x0000000083c00000| Untracked 
|  61|0x0000000083d00000, 0x0000000083e00000, 0x0000000083e00000|100%| O|  |TAMS 0x0000000083d00000| PB 0x0000000083d00000| Untracked 
|  62|0x0000000083e00000, 0x0000000083f00000, 0x0000000083f00000|100%| O|  |TAMS 0x0000000083e00000| PB 0x0000000083e00000| Untracked 
|  63|0x0000000083f00000, 0x0000000084000000, 0x0000000084000000|100%| O|  |TAMS 0x0000000083f00000| PB 0x0000000083f00000| Untracked 
|  64|0x0000000084000000, 0x0000000084100000, 0x0000000084100000|100%| O|  |TAMS 0x0000000084000000| PB 0x0000000084000000| Untracked 
|  65|0x0000000084100000, 0x0000000084200000, 0x0000000084200000|100%|HS|  |TAMS 0x0000000084100000| PB 0x0000000084100000| Complete 
|  66|0x0000000084200000, 0x0000000084300000, 0x0000000084300000|100%| O|  |TAMS 0x0000000084200000| PB 0x0000000084200000| Untracked 
|  67|0x0000000084300000, 0x0000000084400000, 0x0000000084400000|100%| O|  |TAMS 0x0000000084300000| PB 0x0000000084300000| Untracked 
|  68|0x0000000084400000, 0x0000000084500000, 0x0000000084500000|100%| O|  |TAMS 0x0000000084400000| PB 0x0000000084400000| Untracked 
|  69|0x0000000084500000, 0x0000000084600000, 0x0000000084600000|100%| O|  |TAMS 0x0000000084500000| PB 0x0000000084500000| Untracked 
|  70|0x0000000084600000, 0x0000000084700000, 0x0000000084700000|100%| O|  |TAMS 0x0000000084600000| PB 0x0000000084600000| Untracked 
|  71|0x0000000084700000, 0x0000000084800000, 0x0000000084800000|100%| O|  |TAMS 0x0000000084700000| PB 0x0000000084700000| Untracked 
|  72|0x0000000084800000, 0x0000000084900000, 0x0000000084900000|100%| O|  |TAMS 0x0000000084800000| PB 0x0000000084800000| Untracked 
|  73|0x0000000084900000, 0x0000000084a00000, 0x0000000084a00000|100%| O|  |TAMS 0x0000000084900000| PB 0x0000000084900000| Untracked 
|  74|0x0000000084a00000, 0x0000000084b00000, 0x0000000084b00000|100%| O|  |TAMS 0x0000000084a00000| PB 0x0000000084a00000| Untracked 
|  75|0x0000000084b00000, 0x0000000084c00000, 0x0000000084c00000|100%| O|  |TAMS 0x0000000084b00000| PB 0x0000000084b00000| Untracked 
|  76|0x0000000084c00000, 0x0000000084d00000, 0x0000000084d00000|100%| O|  |TAMS 0x0000000084c00000| PB 0x0000000084c00000| Untracked 
|  77|0x0000000084d00000, 0x0000000084e00000, 0x0000000084e00000|100%| O|  |TAMS 0x0000000084d00000| PB 0x0000000084d00000| Untracked 
|  78|0x0000000084e00000, 0x0000000084f00000, 0x0000000084f00000|100%| O|  |TAMS 0x0000000084e00000| PB 0x0000000084e00000| Untracked 
|  79|0x0000000084f00000, 0x0000000085000000, 0x0000000085000000|100%| O|  |TAMS 0x0000000084f00000| PB 0x0000000084f00000| Untracked 
|  80|0x0000000085000000, 0x0000000085100000, 0x0000000085100000|100%| O|  |TAMS 0x0000000085000000| PB 0x0000000085000000| Untracked 
|  81|0x0000000085100000, 0x0000000085200000, 0x0000000085200000|100%| O|  |TAMS 0x0000000085100000| PB 0x0000000085100000| Untracked 
|  82|0x0000000085200000, 0x0000000085300000, 0x0000000085300000|100%| O|  |TAMS 0x0000000085200000| PB 0x0000000085200000| Untracked 
|  83|0x0000000085300000, 0x0000000085400000, 0x0000000085400000|100%| O|  |TAMS 0x0000000085300000| PB 0x0000000085300000| Untracked 
|  84|0x0000000085400000, 0x0000000085500000, 0x0000000085500000|100%| O|  |TAMS 0x0000000085400000| PB 0x0000000085400000| Untracked 
|  85|0x0000000085500000, 0x0000000085600000, 0x0000000085600000|100%| O|  |TAMS 0x0000000085500000| PB 0x0000000085500000| Untracked 
|  86|0x0000000085600000, 0x0000000085700000, 0x0000000085700000|100%| O|  |TAMS 0x0000000085600000| PB 0x0000000085600000| Untracked 
|  87|0x0000000085700000, 0x0000000085800000, 0x0000000085800000|100%| O|  |TAMS 0x0000000085700000| PB 0x0000000085700000| Untracked 
|  88|0x0000000085800000, 0x0000000085900000, 0x0000000085900000|100%| O|  |TAMS 0x0000000085800000| PB 0x0000000085800000| Untracked 
|  89|0x0000000085900000, 0x0000000085a00000, 0x0000000085a00000|100%| O|  |TAMS 0x0000000085900000| PB 0x0000000085900000| Untracked 
|  90|0x0000000085a00000, 0x0000000085b00000, 0x0000000085b00000|100%| O|  |TAMS 0x0000000085a00000| PB 0x0000000085a00000| Untracked 
|  91|0x0000000085b00000, 0x0000000085c00000, 0x0000000085c00000|100%| O|  |TAMS 0x0000000085b00000| PB 0x0000000085b00000| Untracked 
|  92|0x0000000085c00000, 0x0000000085d00000, 0x0000000085d00000|100%| O|  |TAMS 0x0000000085c00000| PB 0x0000000085c00000| Untracked 
|  93|0x0000000085d00000, 0x0000000085e00000, 0x0000000085e00000|100%| O|  |TAMS 0x0000000085d00000| PB 0x0000000085d00000| Untracked 
|  94|0x0000000085e00000, 0x0000000085f00000, 0x0000000085f00000|100%| O|  |TAMS 0x0000000085e00000| PB 0x0000000085e00000| Untracked 
|  95|0x0000000085f00000, 0x0000000086000000, 0x0000000086000000|100%| O|  |TAMS 0x0000000085f00000| PB 0x0000000085f00000| Untracked 
|  96|0x0000000086000000, 0x0000000086100000, 0x0000000086100000|100%| O|  |TAMS 0x0000000086000000| PB 0x0000000086000000| Untracked 
|  97|0x0000000086100000, 0x0000000086200000, 0x0000000086200000|100%| O|Cm|TAMS 0x0000000086100000| PB 0x0000000086100000| Complete 
|  98|0x0000000086200000, 0x0000000086300000, 0x0000000086300000|100%| O|  |TAMS 0x0000000086200000| PB 0x0000000086200000| Untracked 
|  99|0x0000000086300000, 0x0000000086400000, 0x0000000086400000|100%| O|  |TAMS 0x0000000086300000| PB 0x0000000086300000| Untracked 
| 100|0x0000000086400000, 0x0000000086500000, 0x0000000086500000|100%| O|  |TAMS 0x0000000086400000| PB 0x0000000086400000| Untracked 
| 101|0x0000000086500000, 0x0000000086600000, 0x0000000086600000|100%| O|  |TAMS 0x0000000086500000| PB 0x0000000086500000| Untracked 
| 102|0x0000000086600000, 0x0000000086700000, 0x0000000086700000|100%| O|  |TAMS 0x0000000086600000| PB 0x0000000086600000| Untracked 
| 103|0x0000000086700000, 0x0000000086800000, 0x0000000086800000|100%| O|  |TAMS 0x0000000086700000| PB 0x0000000086700000| Untracked 
| 104|0x0000000086800000, 0x0000000086900000, 0x0000000086900000|100%| O|  |TAMS 0x0000000086800000| PB 0x0000000086800000| Untracked 
| 105|0x0000000086900000, 0x0000000086a00000, 0x0000000086a00000|100%| O|  |TAMS 0x0000000086900000| PB 0x0000000086900000| Untracked 
| 106|0x0000000086a00000, 0x0000000086b00000, 0x0000000086b00000|100%| O|  |TAMS 0x0000000086a00000| PB 0x0000000086a00000| Untracked 
| 107|0x0000000086b00000, 0x0000000086c00000, 0x0000000086c00000|100%| O|  |TAMS 0x0000000086b00000| PB 0x0000000086b00000| Untracked 
| 108|0x0000000086c00000, 0x0000000086d00000, 0x0000000086d00000|100%| O|Cm|TAMS 0x0000000086c00000| PB 0x0000000086c00000| Complete 
| 109|0x0000000086d00000, 0x0000000086e00000, 0x0000000086e00000|100%| O|  |TAMS 0x0000000086d00000| PB 0x0000000086d00000| Untracked 
| 110|0x0000000086e00000, 0x0000000086f00000, 0x0000000086f00000|100%| O|  |TAMS 0x0000000086e00000| PB 0x0000000086e00000| Untracked 
| 111|0x0000000086f00000, 0x0000000087000000, 0x0000000087000000|100%| O|  |TAMS 0x0000000086f00000| PB 0x0000000086f00000| Untracked 
| 112|0x0000000087000000, 0x0000000087100000, 0x0000000087100000|100%| O|  |TAMS 0x0000000087000000| PB 0x0000000087000000| Untracked 
| 113|0x0000000087100000, 0x0000000087200000, 0x0000000087200000|100%| O|  |TAMS 0x0000000087100000| PB 0x0000000087100000| Untracked 
| 114|0x0000000087200000, 0x0000000087300000, 0x0000000087300000|100%| O|  |TAMS 0x0000000087200000| PB 0x0000000087200000| Untracked 
| 115|0x0000000087300000, 0x0000000087400000, 0x0000000087400000|100%| O|  |TAMS 0x0000000087300000| PB 0x0000000087300000| Untracked 
| 116|0x0000000087400000, 0x0000000087500000, 0x0000000087500000|100%| O|  |TAMS 0x0000000087400000| PB 0x0000000087400000| Untracked 
| 117|0x0000000087500000, 0x0000000087600000, 0x0000000087600000|100%| O|Cm|TAMS 0x0000000087500000| PB 0x0000000087500000| Complete 
| 118|0x0000000087600000, 0x0000000087700000, 0x0000000087700000|100%| O|  |TAMS 0x0000000087600000| PB 0x0000000087600000| Untracked 
| 119|0x0000000087700000, 0x0000000087800000, 0x0000000087800000|100%| O|  |TAMS 0x0000000087700000| PB 0x0000000087700000| Untracked 
| 120|0x0000000087800000, 0x0000000087900000, 0x0000000087900000|100%| O|  |TAMS 0x0000000087800000| PB 0x0000000087800000| Untracked 
| 121|0x0000000087900000, 0x0000000087900000, 0x0000000087a00000|  0%| F|  |TAMS 0x0000000087900000| PB 0x0000000087900000| Untracked 
| 122|0x0000000087a00000, 0x0000000087a00000, 0x0000000087b00000|  0%| F|  |TAMS 0x0000000087a00000| PB 0x0000000087a00000| Untracked 
| 123|0x0000000087b00000, 0x0000000087b00000, 0x0000000087c00000|  0%| F|  |TAMS 0x0000000087b00000| PB 0x0000000087b00000| Untracked 
| 124|0x0000000087c00000, 0x0000000087c00000, 0x0000000087d00000|  0%| F|  |TAMS 0x0000000087c00000| PB 0x0000000087c00000| Untracked 
| 125|0x0000000087d00000, 0x0000000087e00000, 0x0000000087e00000|100%| S|CS|TAMS 0x0000000087d00000| PB 0x0000000087d00000| Complete 
| 126|0x0000000087e00000, 0x0000000087f00000, 0x0000000087f00000|100%| O|  |TAMS 0x0000000087e00000| PB 0x0000000087e00000| Untracked 
| 127|0x0000000087f00000, 0x0000000088000000, 0x0000000088000000|100%| O|  |TAMS 0x0000000087f00000| PB 0x0000000087f00000| Untracked 
| 128|0x0000000088000000, 0x0000000088100000, 0x0000000088100000|100%| O|  |TAMS 0x0000000088000000| PB 0x0000000088000000| Untracked 
| 129|0x0000000088100000, 0x0000000088200000, 0x0000000088200000|100%| O|Cm|TAMS 0x0000000088100000| PB 0x0000000088100000| Complete 
| 130|0x0000000088200000, 0x0000000088300000, 0x0000000088300000|100%| O|  |TAMS 0x0000000088200000| PB 0x0000000088200000| Untracked 
| 131|0x0000000088300000, 0x0000000088400000, 0x0000000088400000|100%| S|CS|TAMS 0x0000000088300000| PB 0x0000000088300000| Complete 
| 132|0x0000000088400000, 0x0000000088500000, 0x0000000088500000|100%| O|  |TAMS 0x0000000088400000| PB 0x0000000088400000| Untracked 
| 133|0x0000000088500000, 0x0000000088500000, 0x0000000088600000|  0%| F|  |TAMS 0x0000000088500000| PB 0x0000000088500000| Untracked 
| 134|0x0000000088600000, 0x0000000088700000, 0x0000000088700000|100%| O|  |TAMS 0x0000000088600000| PB 0x0000000088600000| Untracked 
| 135|0x0000000088700000, 0x0000000088800000, 0x0000000088800000|100%| O|  |TAMS 0x0000000088700000| PB 0x0000000088700000| Untracked 
| 136|0x0000000088800000, 0x0000000088900000, 0x0000000088900000|100%| O|  |TAMS 0x0000000088800000| PB 0x0000000088800000| Untracked 
| 137|0x0000000088900000, 0x0000000088a00000, 0x0000000088a00000|100%| O|  |TAMS 0x0000000088900000| PB 0x0000000088900000| Untracked 
| 138|0x0000000088a00000, 0x0000000088b00000, 0x0000000088b00000|100%| O|  |TAMS 0x0000000088a00000| PB 0x0000000088a00000| Untracked 
| 139|0x0000000088b00000, 0x0000000088c00000, 0x0000000088c00000|100%| O|  |TAMS 0x0000000088b00000| PB 0x0000000088b00000| Untracked 
| 140|0x0000000088c00000, 0x0000000088d00000, 0x0000000088d00000|100%| O|  |TAMS 0x0000000088c00000| PB 0x0000000088c00000| Untracked 
| 141|0x0000000088d00000, 0x0000000088e00000, 0x0000000088e00000|100%| O|Cm|TAMS 0x0000000088d00000| PB 0x0000000088d00000| Complete 
| 142|0x0000000088e00000, 0x0000000088f00000, 0x0000000088f00000|100%| O|  |TAMS 0x0000000088e00000| PB 0x0000000088e00000| Untracked 
| 143|0x0000000088f00000, 0x0000000089000000, 0x0000000089000000|100%| O|  |TAMS 0x0000000088f00000| PB 0x0000000088f00000| Untracked 
| 144|0x0000000089000000, 0x0000000089100000, 0x0000000089100000|100%| O|  |TAMS 0x0000000089000000| PB 0x0000000089000000| Untracked 
| 145|0x0000000089100000, 0x0000000089200000, 0x0000000089200000|100%| O|  |TAMS 0x0000000089100000| PB 0x0000000089100000| Untracked 
| 146|0x0000000089200000, 0x0000000089300000, 0x0000000089300000|100%| O|  |TAMS 0x0000000089200000| PB 0x0000000089200000| Untracked 
| 147|0x0000000089300000, 0x0000000089400000, 0x0000000089400000|100%| O|Cm|TAMS 0x0000000089300000| PB 0x0000000089300000| Complete 
| 148|0x0000000089400000, 0x0000000089500000, 0x0000000089500000|100%| O|Cm|TAMS 0x0000000089400000| PB 0x0000000089400000| Complete 
| 149|0x0000000089500000, 0x0000000089600000, 0x0000000089600000|100%| O|Cm|TAMS 0x0000000089500000| PB 0x0000000089500000| Complete 
| 150|0x0000000089600000, 0x0000000089700000, 0x0000000089700000|100%| O|  |TAMS 0x0000000089600000| PB 0x0000000089600000| Untracked 
| 151|0x0000000089700000, 0x0000000089800000, 0x0000000089800000|100%| O|  |TAMS 0x0000000089700000| PB 0x0000000089700000| Untracked 
| 152|0x0000000089800000, 0x0000000089800000, 0x0000000089900000|  0%| F|  |TAMS 0x0000000089800000| PB 0x0000000089800000| Untracked 
| 153|0x0000000089900000, 0x0000000089900000, 0x0000000089a00000|  0%| F|  |TAMS 0x0000000089900000| PB 0x0000000089900000| Untracked 
| 154|0x0000000089a00000, 0x0000000089a00000, 0x0000000089b00000|  0%| F|  |TAMS 0x0000000089a00000| PB 0x0000000089a00000| Untracked 
| 155|0x0000000089b00000, 0x0000000089b00000, 0x0000000089c00000|  0%| F|  |TAMS 0x0000000089b00000| PB 0x0000000089b00000| Untracked 
| 156|0x0000000089c00000, 0x0000000089c00000, 0x0000000089d00000|  0%| F|  |TAMS 0x0000000089c00000| PB 0x0000000089c00000| Untracked 
| 157|0x0000000089d00000, 0x0000000089d00000, 0x0000000089e00000|  0%| F|  |TAMS 0x0000000089d00000| PB 0x0000000089d00000| Untracked 
| 158|0x0000000089e00000, 0x0000000089f00000, 0x0000000089f00000|100%| O|  |TAMS 0x0000000089e00000| PB 0x0000000089e00000| Untracked 
| 159|0x0000000089f00000, 0x000000008a000000, 0x000000008a000000|100%| O|  |TAMS 0x0000000089f00000| PB 0x0000000089f00000| Untracked 
| 160|0x000000008a000000, 0x000000008a100000, 0x000000008a100000|100%| O|  |TAMS 0x000000008a000000| PB 0x000000008a000000| Untracked 
| 161|0x000000008a100000, 0x000000008a200000, 0x000000008a200000|100%| O|  |TAMS 0x000000008a100000| PB 0x000000008a100000| Untracked 
| 162|0x000000008a200000, 0x000000008a300000, 0x000000008a300000|100%| O|  |TAMS 0x000000008a200000| PB 0x000000008a200000| Untracked 
| 163|0x000000008a300000, 0x000000008a400000, 0x000000008a400000|100%| O|  |TAMS 0x000000008a300000| PB 0x000000008a300000| Untracked 
| 164|0x000000008a400000, 0x000000008a500000, 0x000000008a500000|100%| O|  |TAMS 0x000000008a400000| PB 0x000000008a400000| Untracked 
| 165|0x000000008a500000, 0x000000008a500000, 0x000000008a600000|  0%| F|  |TAMS 0x000000008a500000| PB 0x000000008a500000| Untracked 
| 166|0x000000008a600000, 0x000000008a600000, 0x000000008a700000|  0%| F|  |TAMS 0x000000008a600000| PB 0x000000008a600000| Untracked 
| 167|0x000000008a700000, 0x000000008a700000, 0x000000008a800000|  0%| F|  |TAMS 0x000000008a700000| PB 0x000000008a700000| Untracked 
| 168|0x000000008a800000, 0x000000008a800000, 0x000000008a900000|  0%| F|  |TAMS 0x000000008a800000| PB 0x000000008a800000| Untracked 
| 169|0x000000008a900000, 0x000000008a900000, 0x000000008aa00000|  0%| F|  |TAMS 0x000000008a900000| PB 0x000000008a900000| Untracked 
| 170|0x000000008aa00000, 0x000000008aa00000, 0x000000008ab00000|  0%| F|  |TAMS 0x000000008aa00000| PB 0x000000008aa00000| Untracked 
| 171|0x000000008ab00000, 0x000000008ab00000, 0x000000008ac00000|  0%| F|  |TAMS 0x000000008ab00000| PB 0x000000008ab00000| Untracked 
| 172|0x000000008ac00000, 0x000000008ac00000, 0x000000008ad00000|  0%| F|  |TAMS 0x000000008ac00000| PB 0x000000008ac00000| Untracked 
| 173|0x000000008ad00000, 0x000000008ad00000, 0x000000008ae00000|  0%| F|  |TAMS 0x000000008ad00000| PB 0x000000008ad00000| Untracked 
| 174|0x000000008ae00000, 0x000000008ae00000, 0x000000008af00000|  0%| F|  |TAMS 0x000000008ae00000| PB 0x000000008ae00000| Untracked 
| 175|0x000000008af00000, 0x000000008b000000, 0x000000008b000000|100%|HS|  |TAMS 0x000000008af00000| PB 0x000000008af00000| Complete 
| 176|0x000000008b000000, 0x000000008b100000, 0x000000008b100000|100%|HC|  |TAMS 0x000000008b000000| PB 0x000000008b000000| Complete 
| 177|0x000000008b100000, 0x000000008b200000, 0x000000008b200000|100%|HS|  |TAMS 0x000000008b100000| PB 0x000000008b100000| Complete 
| 178|0x000000008b200000, 0x000000008b300000, 0x000000008b300000|100%|HC|  |TAMS 0x000000008b200000| PB 0x000000008b200000| Complete 
| 179|0x000000008b300000, 0x000000008b300000, 0x000000008b400000|  0%| F|  |TAMS 0x000000008b300000| PB 0x000000008b300000| Untracked 
| 180|0x000000008b400000, 0x000000008b400000, 0x000000008b500000|  0%| F|  |TAMS 0x000000008b400000| PB 0x000000008b400000| Untracked 
| 181|0x000000008b500000, 0x000000008b500000, 0x000000008b600000|  0%| F|  |TAMS 0x000000008b500000| PB 0x000000008b500000| Untracked 
| 182|0x000000008b600000, 0x000000008b600000, 0x000000008b700000|  0%| F|  |TAMS 0x000000008b600000| PB 0x000000008b600000| Untracked 
| 183|0x000000008b700000, 0x000000008b700000, 0x000000008b800000|  0%| F|  |TAMS 0x000000008b700000| PB 0x000000008b700000| Untracked 
| 184|0x000000008b800000, 0x000000008b800000, 0x000000008b900000|  0%| F|  |TAMS 0x000000008b800000| PB 0x000000008b800000| Untracked 
| 185|0x000000008b900000, 0x000000008b900000, 0x000000008ba00000|  0%| F|  |TAMS 0x000000008b900000| PB 0x000000008b900000| Untracked 
| 186|0x000000008ba00000, 0x000000008ba00000, 0x000000008bb00000|  0%| F|  |TAMS 0x000000008ba00000| PB 0x000000008ba00000| Untracked 
| 187|0x000000008bb00000, 0x000000008bb00000, 0x000000008bc00000|  0%| F|  |TAMS 0x000000008bb00000| PB 0x000000008bb00000| Untracked 
| 188|0x000000008bc00000, 0x000000008bc00000, 0x000000008bd00000|  0%| F|  |TAMS 0x000000008bc00000| PB 0x000000008bc00000| Untracked 
| 189|0x000000008bd00000, 0x000000008bd00000, 0x000000008be00000|  0%| F|  |TAMS 0x000000008bd00000| PB 0x000000008bd00000| Untracked 
| 190|0x000000008be00000, 0x000000008be00000, 0x000000008bf00000|  0%| F|  |TAMS 0x000000008be00000| PB 0x000000008be00000| Untracked 
| 191|0x000000008bf00000, 0x000000008bf00000, 0x000000008c000000|  0%| F|  |TAMS 0x000000008bf00000| PB 0x000000008bf00000| Untracked 
| 192|0x000000008c000000, 0x000000008c000000, 0x000000008c100000|  0%| F|  |TAMS 0x000000008c000000| PB 0x000000008c000000| Untracked 
| 193|0x000000008c100000, 0x000000008c100000, 0x000000008c200000|  0%| F|  |TAMS 0x000000008c100000| PB 0x000000008c100000| Untracked 
| 194|0x000000008c200000, 0x000000008c200000, 0x000000008c300000|  0%| F|  |TAMS 0x000000008c200000| PB 0x000000008c200000| Untracked 
| 195|0x000000008c300000, 0x000000008c300000, 0x000000008c400000|  0%| F|  |TAMS 0x000000008c300000| PB 0x000000008c300000| Untracked 
| 196|0x000000008c400000, 0x000000008c400000, 0x000000008c500000|  0%| F|  |TAMS 0x000000008c400000| PB 0x000000008c400000| Untracked 
| 197|0x000000008c500000, 0x000000008c500000, 0x000000008c600000|  0%| F|  |TAMS 0x000000008c500000| PB 0x000000008c500000| Untracked 
| 198|0x000000008c600000, 0x000000008c600000, 0x000000008c700000|  0%| F|  |TAMS 0x000000008c600000| PB 0x000000008c600000| Untracked 
| 199|0x000000008c700000, 0x000000008c700000, 0x000000008c800000|  0%| F|  |TAMS 0x000000008c700000| PB 0x000000008c700000| Untracked 
| 200|0x000000008c800000, 0x000000008c800000, 0x000000008c900000|  0%| F|  |TAMS 0x000000008c800000| PB 0x000000008c800000| Untracked 
| 201|0x000000008c900000, 0x000000008c900000, 0x000000008ca00000|  0%| F|  |TAMS 0x000000008c900000| PB 0x000000008c900000| Untracked 
| 202|0x000000008ca00000, 0x000000008ca00000, 0x000000008cb00000|  0%| F|  |TAMS 0x000000008ca00000| PB 0x000000008ca00000| Untracked 
| 203|0x000000008cb00000, 0x000000008cbd3530, 0x000000008cc00000| 82%| E|  |TAMS 0x000000008cb00000| PB 0x000000008cb00000| Complete 
| 204|0x000000008cc00000, 0x000000008cd00000, 0x000000008cd00000|100%| E|CS|TAMS 0x000000008cc00000| PB 0x000000008cc00000| Complete 
| 205|0x000000008cd00000, 0x000000008ce00000, 0x000000008ce00000|100%| E|  |TAMS 0x000000008cd00000| PB 0x000000008cd00000| Complete 
| 206|0x000000008ce00000, 0x000000008cf00000, 0x000000008cf00000|100%| E|CS|TAMS 0x000000008ce00000| PB 0x000000008ce00000| Complete 
| 207|0x000000008cf00000, 0x000000008d000000, 0x000000008d000000|100%| E|CS|TAMS 0x000000008cf00000| PB 0x000000008cf00000| Complete 
| 208|0x000000008d000000, 0x000000008d100000, 0x000000008d100000|100%| E|CS|TAMS 0x000000008d000000| PB 0x000000008d000000| Complete 
| 209|0x000000008d100000, 0x000000008d200000, 0x000000008d200000|100%| E|CS|TAMS 0x000000008d100000| PB 0x000000008d100000| Complete 
| 210|0x000000008d200000, 0x000000008d300000, 0x000000008d300000|100%| E|CS|TAMS 0x000000008d200000| PB 0x000000008d200000| Complete 
| 211|0x000000008d300000, 0x000000008d400000, 0x000000008d400000|100%| E|CS|TAMS 0x000000008d300000| PB 0x000000008d300000| Complete 
| 212|0x000000008d400000, 0x000000008d500000, 0x000000008d500000|100%| E|CS|TAMS 0x000000008d400000| PB 0x000000008d400000| Complete 
| 213|0x000000008d500000, 0x000000008d600000, 0x000000008d600000|100%| E|CS|TAMS 0x000000008d500000| PB 0x000000008d500000| Complete 
| 214|0x000000008d600000, 0x000000008d700000, 0x000000008d700000|100%| E|CS|TAMS 0x000000008d600000| PB 0x000000008d600000| Complete 
| 215|0x000000008d700000, 0x000000008d800000, 0x000000008d800000|100%| E|CS|TAMS 0x000000008d700000| PB 0x000000008d700000| Complete 
| 216|0x000000008d800000, 0x000000008d900000, 0x000000008d900000|100%| E|CS|TAMS 0x000000008d800000| PB 0x000000008d800000| Complete 
| 217|0x000000008d900000, 0x000000008da00000, 0x000000008da00000|100%| E|CS|TAMS 0x000000008d900000| PB 0x000000008d900000| Complete 
| 218|0x000000008da00000, 0x000000008db00000, 0x000000008db00000|100%| E|CS|TAMS 0x000000008da00000| PB 0x000000008da00000| Complete 
| 219|0x000000008db00000, 0x000000008dc00000, 0x000000008dc00000|100%| E|CS|TAMS 0x000000008db00000| PB 0x000000008db00000| Complete 
| 220|0x000000008dc00000, 0x000000008dd00000, 0x000000008dd00000|100%| E|CS|TAMS 0x000000008dc00000| PB 0x000000008dc00000| Complete 
| 221|0x000000008dd00000, 0x000000008de00000, 0x000000008de00000|100%| E|CS|TAMS 0x000000008dd00000| PB 0x000000008dd00000| Complete 
| 222|0x000000008de00000, 0x000000008df00000, 0x000000008df00000|100%| E|CS|TAMS 0x000000008de00000| PB 0x000000008de00000| Complete 
| 223|0x000000008df00000, 0x000000008e000000, 0x000000008e000000|100%| E|CS|TAMS 0x000000008df00000| PB 0x000000008df00000| Complete 
| 224|0x000000008e000000, 0x000000008e100000, 0x000000008e100000|100%| E|CS|TAMS 0x000000008e000000| PB 0x000000008e000000| Complete 
| 225|0x000000008e100000, 0x000000008e200000, 0x000000008e200000|100%| E|CS|TAMS 0x000000008e100000| PB 0x000000008e100000| Complete 
| 226|0x000000008e200000, 0x000000008e300000, 0x000000008e300000|100%| E|CS|TAMS 0x000000008e200000| PB 0x000000008e200000| Complete 
| 227|0x000000008e300000, 0x000000008e400000, 0x000000008e400000|100%| E|CS|TAMS 0x000000008e300000| PB 0x000000008e300000| Complete 
| 228|0x000000008e400000, 0x000000008e500000, 0x000000008e500000|100%| E|CS|TAMS 0x000000008e400000| PB 0x000000008e400000| Complete 
| 229|0x000000008e500000, 0x000000008e600000, 0x000000008e600000|100%| E|CS|TAMS 0x000000008e500000| PB 0x000000008e500000| Complete 
| 230|0x000000008e600000, 0x000000008e700000, 0x000000008e700000|100%| E|CS|TAMS 0x000000008e600000| PB 0x000000008e600000| Complete 
| 231|0x000000008e700000, 0x000000008e800000, 0x000000008e800000|100%| E|CS|TAMS 0x000000008e700000| PB 0x000000008e700000| Complete 
| 232|0x000000008e800000, 0x000000008e900000, 0x000000008e900000|100%| E|CS|TAMS 0x000000008e800000| PB 0x000000008e800000| Complete 
| 233|0x000000008e900000, 0x000000008ea00000, 0x000000008ea00000|100%| E|CS|TAMS 0x000000008e900000| PB 0x000000008e900000| Complete 
| 234|0x000000008ea00000, 0x000000008eb00000, 0x000000008eb00000|100%| E|CS|TAMS 0x000000008ea00000| PB 0x000000008ea00000| Complete 
| 235|0x000000008eb00000, 0x000000008ec00000, 0x000000008ec00000|100%| E|CS|TAMS 0x000000008eb00000| PB 0x000000008eb00000| Complete 
| 236|0x000000008ec00000, 0x000000008ed00000, 0x000000008ed00000|100%| E|CS|TAMS 0x000000008ec00000| PB 0x000000008ec00000| Complete 
| 237|0x000000008ed00000, 0x000000008ee00000, 0x000000008ee00000|100%| E|CS|TAMS 0x000000008ed00000| PB 0x000000008ed00000| Complete 
| 238|0x000000008ee00000, 0x000000008ef00000, 0x000000008ef00000|100%| E|CS|TAMS 0x000000008ee00000| PB 0x000000008ee00000| Complete 
| 239|0x000000008ef00000, 0x000000008f000000, 0x000000008f000000|100%| E|CS|TAMS 0x000000008ef00000| PB 0x000000008ef00000| Complete 
| 240|0x000000008f000000, 0x000000008f100000, 0x000000008f100000|100%| E|CS|TAMS 0x000000008f000000| PB 0x000000008f000000| Complete 
| 241|0x000000008f100000, 0x000000008f200000, 0x000000008f200000|100%| E|CS|TAMS 0x000000008f100000| PB 0x000000008f100000| Complete 
| 242|0x000000008f200000, 0x000000008f300000, 0x000000008f300000|100%| E|CS|TAMS 0x000000008f200000| PB 0x000000008f200000| Complete 
| 243|0x000000008f300000, 0x000000008f400000, 0x000000008f400000|100%| E|CS|TAMS 0x000000008f300000| PB 0x000000008f300000| Complete 
| 244|0x000000008f400000, 0x000000008f500000, 0x000000008f500000|100%| E|CS|TAMS 0x000000008f400000| PB 0x000000008f400000| Complete 
| 245|0x000000008f500000, 0x000000008f600000, 0x000000008f600000|100%| S|CS|TAMS 0x000000008f500000| PB 0x000000008f500000| Complete 
| 246|0x000000008f600000, 0x000000008f700000, 0x000000008f700000|100%| S|CS|TAMS 0x000000008f600000| PB 0x000000008f600000| Complete 
| 247|0x000000008f700000, 0x000000008f800000, 0x000000008f800000|100%| S|CS|TAMS 0x000000008f700000| PB 0x000000008f700000| Complete 
| 248|0x000000008f800000, 0x000000008f900000, 0x000000008f900000|100%| S|CS|TAMS 0x000000008f800000| PB 0x000000008f800000| Complete 
| 249|0x000000008f900000, 0x000000008fa00000, 0x000000008fa00000|100%| S|CS|TAMS 0x000000008f900000| PB 0x000000008f900000| Complete 
| 250|0x000000008fa00000, 0x000000008fb00000, 0x000000008fb00000|100%| S|CS|TAMS 0x000000008fa00000| PB 0x000000008fa00000| Complete 
| 251|0x000000008fb00000, 0x000000008fc00000, 0x000000008fc00000|100%| E|CS|TAMS 0x000000008fb00000| PB 0x000000008fb00000| Complete 
| 252|0x000000008fc00000, 0x000000008fd00000, 0x000000008fd00000|100%| S|CS|TAMS 0x000000008fc00000| PB 0x000000008fc00000| Complete 
| 253|0x000000008fd00000, 0x000000008fe00000, 0x000000008fe00000|100%| S|CS|TAMS 0x000000008fd00000| PB 0x000000008fd00000| Complete 
| 254|0x000000008fe00000, 0x000000008ff00000, 0x000000008ff00000|100%| S|CS|TAMS 0x000000008fe00000| PB 0x000000008fe00000| Complete 
| 255|0x000000008ff00000, 0x0000000090000000, 0x0000000090000000|100%| S|CS|TAMS 0x000000008ff00000| PB 0x000000008ff00000| Complete 
|2014|0x00000000fde00000, 0x00000000fde71f40, 0x00000000fdf00000| 44%| O|  |TAMS 0x00000000fde00000| PB 0x00000000fde00000| Untracked 
|2015|0x00000000fdf00000, 0x00000000fe000000, 0x00000000fe000000|100%| E|CS|TAMS 0x00000000fdf00000| PB 0x00000000fdf00000| Complete 
|2016|0x00000000fe000000, 0x00000000fe100000, 0x00000000fe100000|100%| E|CS|TAMS 0x00000000fe000000| PB 0x00000000fe000000| Complete 
|2017|0x00000000fe100000, 0x00000000fe200000, 0x00000000fe200000|100%| E|CS|TAMS 0x00000000fe100000| PB 0x00000000fe100000| Complete 
|2018|0x00000000fe200000, 0x00000000fe300000, 0x00000000fe300000|100%| E|CS|TAMS 0x00000000fe200000| PB 0x00000000fe200000| Complete 
|2019|0x00000000fe300000, 0x00000000fe400000, 0x00000000fe400000|100%| E|CS|TAMS 0x00000000fe300000| PB 0x00000000fe300000| Complete 
|2020|0x00000000fe400000, 0x00000000fe500000, 0x00000000fe500000|100%| E|CS|TAMS 0x00000000fe400000| PB 0x00000000fe400000| Complete 
|2021|0x00000000fe500000, 0x00000000fe600000, 0x00000000fe600000|100%| E|CS|TAMS 0x00000000fe500000| PB 0x00000000fe500000| Complete 
|2022|0x00000000fe600000, 0x00000000fe700000, 0x00000000fe700000|100%| E|CS|TAMS 0x00000000fe600000| PB 0x00000000fe600000| Complete 
|2023|0x00000000fe700000, 0x00000000fe800000, 0x00000000fe800000|100%| E|CS|TAMS 0x00000000fe700000| PB 0x00000000fe700000| Complete 
|2024|0x00000000fe800000, 0x00000000fe900000, 0x00000000fe900000|100%| E|CS|TAMS 0x00000000fe800000| PB 0x00000000fe800000| Complete 
|2025|0x00000000fe900000, 0x00000000fea00000, 0x00000000fea00000|100%| E|CS|TAMS 0x00000000fe900000| PB 0x00000000fe900000| Complete 
|2026|0x00000000fea00000, 0x00000000feb00000, 0x00000000feb00000|100%| E|CS|TAMS 0x00000000fea00000| PB 0x00000000fea00000| Complete 
|2027|0x00000000feb00000, 0x00000000fec00000, 0x00000000fec00000|100%| E|CS|TAMS 0x00000000feb00000| PB 0x00000000feb00000| Complete 
|2028|0x00000000fec00000, 0x00000000fed00000, 0x00000000fed00000|100%| E|CS|TAMS 0x00000000fec00000| PB 0x00000000fec00000| Complete 
|2029|0x00000000fed00000, 0x00000000fee00000, 0x00000000fee00000|100%| E|CS|TAMS 0x00000000fed00000| PB 0x00000000fed00000| Complete 
|2030|0x00000000fee00000, 0x00000000fef00000, 0x00000000fef00000|100%| E|CS|TAMS 0x00000000fee00000| PB 0x00000000fee00000| Complete 
|2031|0x00000000fef00000, 0x00000000ff000000, 0x00000000ff000000|100%| E|CS|TAMS 0x00000000fef00000| PB 0x00000000fef00000| Complete 
|2032|0x00000000ff000000, 0x00000000ff100000, 0x00000000ff100000|100%| E|CS|TAMS 0x00000000ff000000| PB 0x00000000ff000000| Complete 
|2033|0x00000000ff100000, 0x00000000ff200000, 0x00000000ff200000|100%| E|CS|TAMS 0x00000000ff100000| PB 0x00000000ff100000| Complete 
|2034|0x00000000ff200000, 0x00000000ff300000, 0x00000000ff300000|100%| E|CS|TAMS 0x00000000ff200000| PB 0x00000000ff200000| Complete 
|2035|0x00000000ff300000, 0x00000000ff400000, 0x00000000ff400000|100%| O|  |TAMS 0x00000000ff300000| PB 0x00000000ff300000| Untracked 
|2036|0x00000000ff400000, 0x00000000ff500000, 0x00000000ff500000|100%| O|  |TAMS 0x00000000ff400000| PB 0x00000000ff400000| Untracked 
|2037|0x00000000ff500000, 0x00000000ff600000, 0x00000000ff600000|100%| E|CS|TAMS 0x00000000ff500000| PB 0x00000000ff500000| Complete 
|2038|0x00000000ff600000, 0x00000000ff700000, 0x00000000ff700000|100%| E|CS|TAMS 0x00000000ff600000| PB 0x00000000ff600000| Complete 
|2039|0x00000000ff700000, 0x00000000ff800000, 0x00000000ff800000|100%| E|CS|TAMS 0x00000000ff700000| PB 0x00000000ff700000| Complete 
|2040|0x00000000ff800000, 0x00000000ff900000, 0x00000000ff900000|100%| O|  |TAMS 0x00000000ff800000| PB 0x00000000ff800000| Untracked 
|2041|0x00000000ff900000, 0x00000000ffa00000, 0x00000000ffa00000|100%| O|  |TAMS 0x00000000ff900000| PB 0x00000000ff900000| Untracked 
|2042|0x00000000ffa00000, 0x00000000ffb00000, 0x00000000ffb00000|100%| O|  |TAMS 0x00000000ffa00000| PB 0x00000000ffa00000| Untracked 
|2043|0x00000000ffb00000, 0x00000000ffc00000, 0x00000000ffc00000|100%| O|  |TAMS 0x00000000ffb00000| PB 0x00000000ffb00000| Untracked 
|2044|0x00000000ffc00000, 0x00000000ffd00000, 0x00000000ffd00000|100%| O|  |TAMS 0x00000000ffc00000| PB 0x00000000ffc00000| Untracked 
|2045|0x00000000ffd00000, 0x00000000ffe00000, 0x00000000ffe00000|100%| O|  |TAMS 0x00000000ffd00000| PB 0x00000000ffd00000| Untracked 
|2046|0x00000000ffe00000, 0x00000000fff00000, 0x00000000fff00000|100%| O|  |TAMS 0x00000000ffe00000| PB 0x00000000ffe00000| Untracked 
|2047|0x00000000fff00000, 0x0000000100000000, 0x0000000100000000|100%| O|  |TAMS 0x00000000fff00000| PB 0x00000000fff00000| Untracked 

Card table byte_map: [0x000001c072300000,0x000001c072700000] _byte_map_base: 0x000001c071f00000

Marking Bits: (CMBitMap*) 0x000001c06c0ae670
 Bits: [0x000001c072700000, 0x000001c074700000)

Polling page: 0x000001c06c2a0000

Metaspace:

Usage:
  Non-class:    136.94 MB used.
      Class:     23.08 MB used.
       Both:    160.02 MB used.

Virtual space:
  Non-class space:      192.00 MB reserved,     138.25 MB ( 72%) committed,  3 nodes.
      Class space:        1.00 GB reserved,      24.38 MB (  2%) committed,  1 nodes.
             Both:        1.19 GB reserved,     162.62 MB ( 13%) committed. 

Chunk freelists:
   Non-Class:  5.70 MB
       Class:  7.62 MB
        Both:  13.33 MB

MaxMetaspaceSize: unlimited
CompressedClassSpaceSize: 1.00 GB
Initial GC threshold: 21.00 MB
Current GC threshold: 269.81 MB
CDS: off
 - commit_granule_bytes: 65536.
 - commit_granule_words: 8192.
 - virtual_space_node_default_size: 8388608.
 - enlarge_chunks_in_place: 1.
 - use_allocation_guard: 0.


Internal statistics:

num_allocs_failed_limit: 9.
num_arena_births: 5136.
num_arena_deaths: 20.
num_vsnodes_births: 4.
num_vsnodes_deaths: 0.
num_space_committed: 2602.
num_space_uncommitted: 1.
num_chunks_returned_to_freelist: 54.
num_chunks_taken_from_freelist: 12264.
num_chunk_merges: 21.
num_chunk_splits: 8079.
num_chunks_enlarged: 5162.
num_inconsistent_stats: 0.

CodeHeap 'non-profiled nmethods': size=119168Kb used=16115Kb max_used=16115Kb free=103052Kb
 bounds [0x000001c007ba0000, 0x000001c008b60000, 0x000001c00f000000]
CodeHeap 'profiled nmethods': size=119104Kb used=43464Kb max_used=43464Kb free=75639Kb
 bounds [0x000001c000000000, 0x000001c002a80000, 0x000001c007450000]
CodeHeap 'non-nmethods': size=7488Kb used=2857Kb max_used=4054Kb free=4630Kb
 bounds [0x000001c007450000, 0x000001c007850000, 0x000001c007ba0000]
CodeCache: size=245760Kb, used=62436Kb, max_used=63633Kb, free=183321Kb
 total_blobs=22258, nmethods=21269, adapters=890, full_count=0
Compilation: enabled, stopped_count=0, restarted_count=0

Compilation events (20 events):
Event: 783.100 Thread 0x000001c014097030 nmethod 25403 0x000001c008b57290 code [0x000001c008b57420, 0x000001c008b575b8]
Event: 783.109 Thread 0x000001c077858f20 nmethod 25400 0x000001c008b57690 code [0x000001c008b57900, 0x000001c008b587b8]
Event: 783.111 Thread 0x000001c077858f20 25404       4       org.gradle.internal.fingerprint.impl.DefaultCurrentFileCollectionFingerprint::from (96 bytes)
Event: 783.112 Thread 0x000001c01a6bbd50 25405       3       org.gradle.api.internal.MutationGuards::identity (4 bytes)
Event: 783.112 Thread 0x000001c077859f20 25406       1       org.gradle.api.internal.collections.CollectionFilter::getType (5 bytes)
Event: 783.112 Thread 0x000001c01a0d9350 25407       1       org.gradle.api.services.internal.RegisteredBuildServiceProvider::calculatePresence (2 bytes)
Event: 783.112 Thread 0x000001c01a0d9350 nmethod 25407 0x000001c008b58f10 code [0x000001c008b590a0, 0x000001c008b59168]
Event: 783.112 Thread 0x000001c077859f20 nmethod 25406 0x000001c008b59210 code [0x000001c008b593a0, 0x000001c008b59468]
Event: 783.112 Thread 0x000001c01a6bbd50 nmethod 25405 0x000001c00099a390 code [0x000001c00099a520, 0x000001c00099a618]
Event: 783.112 Thread 0x000001c01a6bbd50 25408       3       com.google.common.collect.AbstractIterator::<init> (12 bytes)
Event: 783.112 Thread 0x000001c01a0d9350 25409       3       org.gradle.internal.execution.history.changes.AbstractFingerprintChanges$1::updated (17 bytes)
Event: 783.112 Thread 0x000001c077859f20 25410       3       org.gradle.internal.execution.history.changes.AbstractFingerprintChanges$1::updated (62 bytes)
Event: 783.112 Thread 0x000001c01a6bbd50 nmethod 25408 0x000001c002a70a90 code [0x000001c002a70c40, 0x000001c002a70e78]
Event: 783.112 Thread 0x000001c01a0d9350 nmethod 25409 0x000001c002a70f90 code [0x000001c002a71160, 0x000001c002a71590]
Event: 783.112 Thread 0x000001c01a6bbd50 25411       3       org.gradle.internal.vfs.impl.VersionHierarchy$2::handleAsDescendantOfChild (10 bytes)
Event: 783.112 Thread 0x000001c077859f20 nmethod 25410 0x000001c002a71690 code [0x000001c002a71940, 0x000001c002a723e8]
Event: 783.112 Thread 0x000001c01a0d9350 25412       3       org.gradle.internal.vfs.impl.VersionHierarchy$2::handleAsDescendantOfChild (14 bytes)
Event: 783.113 Thread 0x000001c01a0d9350 nmethod 25412 0x000001c002a72890 code [0x000001c002a72a40, 0x000001c002a72ba8]
Event: 783.113 Thread 0x000001c01a6bbd50 nmethod 25411 0x000001c002a72c90 code [0x000001c002a72e40, 0x000001c002a73070]
Event: 783.263 Thread 0x000001c00fbe82d0 25413   !   4       java.util.concurrent.locks.LockSupport::parkNanos (56 bytes)

GC Heap History (20 events):
Event: 12.155 GC heap before
{Heap before GC invocations=38 (full 0):
 garbage-first heap   total 261120K, used 224256K [0x0000000080000000, 0x0000000100000000)
  region size 1024K, 65 young (66560K), 10 survivors (10240K)
 Metaspace       used 130969K, committed 133504K, reserved 1179648K
  class space    used 18240K, committed 19456K, reserved 1048576K
}
Event: 12.160 GC heap after
{Heap after GC invocations=39 (full 0):
 garbage-first heap   total 261120K, used 169514K [0x0000000080000000, 0x0000000100000000)
  region size 1024K, 5 young (5120K), 5 survivors (5120K)
 Metaspace       used 130969K, committed 133504K, reserved 1179648K
  class space    used 18240K, committed 19456K, reserved 1048576K
}
Event: 12.638 GC heap before
{Heap before GC invocations=40 (full 0):
 garbage-first heap   total 261120K, used 207402K [0x0000000080000000, 0x0000000100000000)
  region size 1024K, 64 young (65536K), 5 survivors (5120K)
 Metaspace       used 133480K, committed 136000K, reserved 1179648K
  class space    used 18536K, committed 19776K, reserved 1048576K
}
Event: 12.642 GC heap after
{Heap after GC invocations=41 (full 0):
 garbage-first heap   total 261120K, used 154084K [0x0000000080000000, 0x0000000100000000)
  region size 1024K, 8 young (8192K), 8 survivors (8192K)
 Metaspace       used 133480K, committed 136000K, reserved 1179648K
  class space    used 18536K, committed 19776K, reserved 1048576K
}
Event: 14.122 GC heap before
{Heap before GC invocations=41 (full 0):
 garbage-first heap   total 261120K, used 229860K [0x0000000080000000, 0x0000000100000000)
  region size 1024K, 81 young (82944K), 8 survivors (8192K)
 Metaspace       used 135568K, committed 138048K, reserved 1179648K
  class space    used 18812K, committed 20032K, reserved 1048576K
}
Event: 14.125 GC heap after
{Heap after GC invocations=42 (full 0):
 garbage-first heap   total 261120K, used 155190K [0x0000000080000000, 0x0000000100000000)
  region size 1024K, 6 young (6144K), 6 survivors (6144K)
 Metaspace       used 135568K, committed 138048K, reserved 1179648K
  class space    used 18812K, committed 20032K, reserved 1048576K
}
Event: 14.552 GC heap before
{Heap before GC invocations=42 (full 0):
 garbage-first heap   total 261120K, used 230966K [0x0000000080000000, 0x0000000100000000)
  region size 1024K, 81 young (82944K), 6 survivors (6144K)
 Metaspace       used 143918K, committed 146432K, reserved 1179648K
  class space    used 20224K, committed 21440K, reserved 1048576K
}
Event: 14.558 GC heap after
{Heap after GC invocations=43 (full 0):
 garbage-first heap   total 261120K, used 163114K [0x0000000080000000, 0x0000000100000000)
  region size 1024K, 11 young (11264K), 11 survivors (11264K)
 Metaspace       used 143918K, committed 146432K, reserved 1179648K
  class space    used 20224K, committed 21440K, reserved 1048576K
}
Event: 14.881 GC heap before
{Heap before GC invocations=44 (full 0):
 garbage-first heap   total 273408K, used 232746K [0x0000000080000000, 0x0000000100000000)
  region size 1024K, 80 young (81920K), 11 survivors (11264K)
 Metaspace       used 152167K, committed 154688K, reserved 1245184K
  class space    used 21882K, committed 23104K, reserved 1048576K
}
Event: 14.886 GC heap after
{Heap after GC invocations=45 (full 0):
 garbage-first heap   total 273408K, used 167391K [0x0000000080000000, 0x0000000100000000)
  region size 1024K, 4 young (4096K), 4 survivors (4096K)
 Metaspace       used 152167K, committed 154688K, reserved 1245184K
  class space    used 21882K, committed 23104K, reserved 1048576K
}
Event: 15.341 GC heap before
{Heap before GC invocations=45 (full 0):
 garbage-first heap   total 273408K, used 247263K [0x0000000080000000, 0x0000000100000000)
  region size 1024K, 82 young (83968K), 4 survivors (4096K)
 Metaspace       used 158039K, committed 160576K, reserved 1245184K
  class space    used 22923K, committed 24128K, reserved 1048576K
}
Event: 15.344 GC heap after
{Heap after GC invocations=46 (full 0):
 garbage-first heap   total 273408K, used 166524K [0x0000000080000000, 0x0000000100000000)
  region size 1024K, 5 young (5120K), 5 survivors (5120K)
 Metaspace       used 158039K, committed 160576K, reserved 1245184K
  class space    used 22923K, committed 24128K, reserved 1048576K
}
Event: 255.028 GC heap before
{Heap before GC invocations=46 (full 0):
 garbage-first heap   total 273408K, used 265852K [0x0000000080000000, 0x0000000100000000)
  region size 1024K, 88 young (90112K), 5 survivors (5120K)
 Metaspace       used 162383K, committed 165056K, reserved 1245184K
  class space    used 23597K, committed 24896K, reserved 1048576K
}
Event: 255.038 GC heap after
{Heap after GC invocations=47 (full 0):
 garbage-first heap   total 276480K, used 156436K [0x0000000080000000, 0x0000000100000000)
  region size 1024K, 6 young (6144K), 6 survivors (6144K)
 Metaspace       used 162383K, committed 165056K, reserved 1245184K
  class space    used 23597K, committed 24896K, reserved 1048576K
}
Event: 773.848 GC heap before
{Heap before GC invocations=47 (full 0):
 garbage-first heap   total 276480K, used 253716K [0x0000000080000000, 0x0000000100000000)
  region size 1024K, 102 young (104448K), 6 survivors (6144K)
 Metaspace       used 163042K, committed 165696K, reserved 1245184K
  class space    used 23611K, committed 24896K, reserved 1048576K
}
Event: 773.854 GC heap after
{Heap after GC invocations=48 (full 0):
 garbage-first heap   total 276480K, used 164960K [0x0000000080000000, 0x0000000100000000)
  region size 1024K, 13 young (13312K), 13 survivors (13312K)
 Metaspace       used 163042K, committed 165696K, reserved 1245184K
  class space    used 23611K, committed 24896K, reserved 1048576K
}
Event: 773.890 GC heap before
{Heap before GC invocations=48 (full 0):
 garbage-first heap   total 276480K, used 173152K [0x0000000080000000, 0x0000000100000000)
  region size 1024K, 22 young (22528K), 13 survivors (13312K)
 Metaspace       used 163094K, committed 165760K, reserved 1245184K
  class space    used 23612K, committed 24896K, reserved 1048576K
}
Event: 773.895 GC heap after
{Heap after GC invocations=49 (full 0):
 garbage-first heap   total 276480K, used 167368K [0x0000000080000000, 0x0000000100000000)
  region size 1024K, 2 young (2048K), 2 survivors (2048K)
 Metaspace       used 163094K, committed 165760K, reserved 1245184K
  class space    used 23612K, committed 24896K, reserved 1048576K
}
Event: 774.470 GC heap before
{Heap before GC invocations=50 (full 0):
 garbage-first heap   total 285696K, used 282056K [0x0000000080000000, 0x0000000100000000)
  region size 1024K, 91 young (93184K), 2 survivors (2048K)
 Metaspace       used 163490K, committed 166016K, reserved 1245184K
  class space    used 23633K, committed 24896K, reserved 1048576K
}
Event: 774.476 GC heap after
{Heap after GC invocations=51 (full 0):
 garbage-first heap   total 296960K, used 182727K [0x0000000080000000, 0x0000000100000000)
  region size 1024K, 12 young (12288K), 12 survivors (12288K)
 Metaspace       used 163490K, committed 166016K, reserved 1245184K
  class space    used 23633K, committed 24896K, reserved 1048576K
}

Dll operation events (3 events):
Event: 0.011 Loaded shared library C:\Program Files\Android\Android Studio1\jbr\bin\java.dll
Event: 0.016 Loaded shared library C:\Program Files\Android\Android Studio1\jbr\bin\zip.dll
Event: 0.444 Loaded shared library C:\Program Files\Android\Android Studio1\jbr\bin\verify.dll

Deoptimization events (20 events):
Event: 783.077 Thread 0x000001c019663840 Uncommon trap: trap_request=0xffffff45 fr.pc=0x000001c00857558c relative=0x0000000000001bec
Event: 783.077 Thread 0x000001c019663840 Uncommon trap: reason=unstable_if action=reinterpret pc=0x000001c00857558c method=com.android.tools.r8.internal.bo.a(Lcom/android/tools/r8/internal/u51;IZ)V @ 1156 c2
Event: 783.077 Thread 0x000001c019663840 DEOPT PACKING pc=0x000001c00857558c sp=0x00000015735fc850
Event: 783.077 Thread 0x000001c019663840 DEOPT UNPACKING pc=0x000001c0074a46a2 sp=0x00000015735fc858 mode 2
Event: 783.080 Thread 0x000001c019663840 Uncommon trap: trap_request=0xffffffde fr.pc=0x000001c00837964c relative=0x000000000000020c
Event: 783.080 Thread 0x000001c019663840 Uncommon trap: reason=class_check action=maybe_recompile pc=0x000001c00837964c method=com.android.tools.r8.internal.ip1.next()Ljava/lang/Object; @ 13 c2
Event: 783.080 Thread 0x000001c019663840 DEOPT PACKING pc=0x000001c00837964c sp=0x00000015735fca80
Event: 783.080 Thread 0x000001c019663840 DEOPT UNPACKING pc=0x000001c0074a46a2 sp=0x00000015735fca60 mode 2
Event: 783.085 Thread 0x000001c019663840 Uncommon trap: trap_request=0xffffffde fr.pc=0x000001c00837964c relative=0x000000000000020c
Event: 783.085 Thread 0x000001c019663840 Uncommon trap: reason=class_check action=maybe_recompile pc=0x000001c00837964c method=com.android.tools.r8.internal.ip1.next()Ljava/lang/Object; @ 13 c2
Event: 783.085 Thread 0x000001c019663840 DEOPT PACKING pc=0x000001c00837964c sp=0x00000015735fc5e0
Event: 783.085 Thread 0x000001c019663840 DEOPT UNPACKING pc=0x000001c0074a46a2 sp=0x00000015735fc5c0 mode 2
Event: 783.085 Thread 0x000001c019663840 Uncommon trap: trap_request=0xffffffde fr.pc=0x000001c00837964c relative=0x000000000000020c
Event: 783.085 Thread 0x000001c019663840 Uncommon trap: reason=class_check action=maybe_recompile pc=0x000001c00837964c method=com.android.tools.r8.internal.ip1.next()Ljava/lang/Object; @ 13 c2
Event: 783.085 Thread 0x000001c019663840 DEOPT PACKING pc=0x000001c00837964c sp=0x00000015735fc5e0
Event: 783.085 Thread 0x000001c019663840 DEOPT UNPACKING pc=0x000001c0074a46a2 sp=0x00000015735fc5c0 mode 2
Event: 783.095 Thread 0x000001c019663840 Uncommon trap: trap_request=0xffffffde fr.pc=0x000001c0088de760 relative=0x00000000000000a0
Event: 783.095 Thread 0x000001c019663840 Uncommon trap: reason=class_check action=maybe_recompile pc=0x000001c0088de760 method=java.security.MessageDigest$Delegate.engineDigest([BII)I @ 7 c2
Event: 783.095 Thread 0x000001c019663840 DEOPT PACKING pc=0x000001c0088de760 sp=0x00000015735fd010
Event: 783.095 Thread 0x000001c019663840 DEOPT UNPACKING pc=0x000001c0074a46a2 sp=0x00000015735fcf28 mode 2

Classes loaded (20 events):
Event: 15.945 Loading class javax/management/InstanceAlreadyExistsException
Event: 15.945 Loading class javax/management/InstanceAlreadyExistsException done
Event: 15.945 Loading class javax/management/MBeanRegistrationException
Event: 15.945 Loading class javax/management/MBeanException
Event: 15.945 Loading class javax/management/MBeanException done
Event: 15.945 Loading class javax/management/MBeanRegistrationException done
Event: 15.945 Loading class javax/management/NotCompliantMBeanException
Event: 15.945 Loading class javax/management/NotCompliantMBeanException done
Event: 15.945 Loading class javax/management/AttributeNotFoundException
Event: 15.945 Loading class javax/management/AttributeNotFoundException done
Event: 15.945 Loading class javax/management/ReflectionException
Event: 15.945 Loading class javax/management/ReflectionException done
Event: 15.945 Loading class javax/management/InstanceNotFoundException
Event: 15.945 Loading class javax/management/InstanceNotFoundException done
Event: 16.050 Loading class java/util/concurrent/CompletableFuture$AsyncRun
Event: 16.050 Loading class java/util/concurrent/CompletableFuture$AsyncRun done
Event: 773.235 Loading class jdk/internal/math/FormattedFPDecimal
Event: 773.236 Loading class jdk/internal/math/FormattedFPDecimal done
Event: 773.901 Loading class com/sun/org/apache/xerces/internal/dom/DeferredCommentImpl
Event: 773.901 Loading class com/sun/org/apache/xerces/internal/dom/DeferredCommentImpl done

Classes unloaded (20 events):
Event: 14.596 Thread 0x000001c0776deb10 Unloading class 0x0000000101289be0 'jdk/internal/jimage/BasicImageReader'
Event: 14.596 Thread 0x000001c0776deb10 Unloading class 0x0000000101289988 'jdk/internal/jimage/ImageReader'
Event: 14.596 Thread 0x000001c0776deb10 Unloading class 0x0000000101289728 'jdk/internal/jrtfs/SystemImage$2'
Event: 14.596 Thread 0x000001c0776deb10 Unloading class 0x00000001012894d8 'jdk/internal/jrtfs/SystemImage$$Lambda+0x00000001012894d8'
Event: 14.596 Thread 0x000001c0776deb10 Unloading class 0x0000000101289270 'jdk/internal/jrtfs/ExplodedImage'
Event: 14.596 Thread 0x000001c0776deb10 Unloading class 0x0000000101289000 'jdk/internal/jrtfs/SystemImage$1'
Event: 14.596 Thread 0x000001c0776deb10 Unloading class 0x0000000101288ca0 'jdk/internal/jrtfs/SystemImage'
Event: 14.596 Thread 0x000001c0776deb10 Unloading class 0x0000000101288a08 'jdk/internal/jrtfs/JrtFileStore'
Event: 14.596 Thread 0x000001c0776deb10 Unloading class 0x0000000101288658 'jdk/internal/jrtfs/JrtPath'
Event: 14.596 Thread 0x000001c0776deb10 Unloading class 0x0000000101288328 'jdk/internal/jrtfs/JrtFileSystem'
Event: 14.596 Thread 0x000001c0776deb10 Unloading class 0x0000000101288000 'jdk/internal/jrtfs/JrtFileSystemProvider'
Event: 773.953 Thread 0x000001c0776deb10 Unloading class 0x00000001014de000 'java/lang/invoke/LambdaForm$DMH+0x00000001014de000'
Event: 773.953 Thread 0x000001c0776deb10 Unloading class 0x00000001014ddc00 'java/lang/invoke/LambdaForm$DMH+0x00000001014ddc00'
Event: 773.953 Thread 0x000001c0776deb10 Unloading class 0x00000001014dd800 'java/lang/invoke/LambdaForm$DMH+0x00000001014dd800'
Event: 773.953 Thread 0x000001c0776deb10 Unloading class 0x00000001014dd400 'java/lang/invoke/LambdaForm$DMH+0x00000001014dd400'
Event: 773.953 Thread 0x000001c0776deb10 Unloading class 0x00000001014dd000 'java/lang/invoke/LambdaForm$DMH+0x00000001014dd000'
Event: 773.953 Thread 0x000001c0776deb10 Unloading class 0x00000001014dcc00 'java/lang/invoke/LambdaForm$DMH+0x00000001014dcc00'
Event: 773.953 Thread 0x000001c0776deb10 Unloading class 0x00000001014dc400 'java/lang/invoke/LambdaForm$DMH+0x00000001014dc400'
Event: 773.953 Thread 0x000001c0776deb10 Unloading class 0x00000001014dc800 'java/lang/invoke/LambdaForm$DMH+0x00000001014dc800'
Event: 773.953 Thread 0x000001c0776deb10 Unloading class 0x00000001013a4800 'jdk/internal/reflect/GeneratedSerializationConstructorAccessor148'

Classes redefined (0 events):
No events

Internal exceptions (20 events):
Event: 774.481 Thread 0x000001c0191021d0 Exception <a 'sun/nio/fs/WindowsException'{0x00000000ff7e9de0}> (0x00000000ff7e9de0) 
thrown [s\src\hotspot\share\prims\jni.cpp, line 537]
Event: 774.492 Thread 0x000001c0191021d0 Exception <a 'sun/nio/fs/WindowsException'{0x00000000ff25bb60}> (0x00000000ff25bb60) 
thrown [s\src\hotspot\share\prims\jni.cpp, line 537]
Event: 774.496 Thread 0x000001c0191021d0 Exception <a 'sun/nio/fs/WindowsException'{0x00000000ff2fb938}> (0x00000000ff2fb938) 
thrown [s\src\hotspot\share\prims\jni.cpp, line 537]
Event: 774.500 Thread 0x000001c0191021d0 Exception <a 'sun/nio/fs/WindowsException'{0x00000000ff1b52a8}> (0x00000000ff1b52a8) 
thrown [s\src\hotspot\share\prims\jni.cpp, line 537]
Event: 774.502 Thread 0x000001c0191021d0 Exception <a 'sun/nio/fs/WindowsException'{0x00000000ff1f5400}> (0x00000000ff1f5400) 
thrown [s\src\hotspot\share\prims\jni.cpp, line 537]
Event: 774.515 Thread 0x000001c0191021d0 Exception <a 'sun/nio/fs/WindowsException'{0x00000000fee7dfb0}> (0x00000000fee7dfb0) 
thrown [s\src\hotspot\share\prims\jni.cpp, line 537]
Event: 774.522 Thread 0x000001c0191021d0 Exception <a 'sun/nio/fs/WindowsException'{0x00000000fec39900}> (0x00000000fec39900) 
thrown [s\src\hotspot\share\prims\jni.cpp, line 537]
Event: 774.523 Thread 0x000001c0191021d0 Exception <a 'sun/nio/fs/WindowsException'{0x00000000fec44500}> (0x00000000fec44500) 
thrown [s\src\hotspot\share\prims\jni.cpp, line 537]
Event: 774.530 Thread 0x000001c0191021d0 Exception <a 'sun/nio/fs/WindowsException'{0x00000000febff318}> (0x00000000febff318) 
thrown [s\src\hotspot\share\prims\jni.cpp, line 537]
Event: 774.531 Thread 0x000001c0191021d0 Exception <a 'sun/nio/fs/WindowsException'{0x00000000fea0a220}> (0x00000000fea0a220) 
thrown [s\src\hotspot\share\prims\jni.cpp, line 537]
Event: 774.561 Thread 0x000001c0191021d0 Implicit null exception at 0x000001c0087261a1 to 0x000001c00872cc54
Event: 774.580 Thread 0x000001c0191021d0 Exception <a 'sun/nio/fs/WindowsException'{0x00000000fe523610}> (0x00000000fe523610) 
thrown [s\src\hotspot\share\prims\jni.cpp, line 537]
Event: 774.580 Thread 0x000001c0191021d0 Exception <a 'sun/nio/fs/WindowsException'{0x00000000fe525548}> (0x00000000fe525548) 
thrown [s\src\hotspot\share\prims\jni.cpp, line 537]
Event: 774.631 Thread 0x000001c019101b40 Exception <a 'sun/nio/fs/WindowsException'{0x000000008fba1fd8}> (0x000000008fba1fd8) 
thrown [s\src\hotspot\share\prims\jni.cpp, line 537]
Event: 774.631 Thread 0x000001c019101b40 Exception <a 'sun/nio/fs/WindowsException'{0x000000008fba81f0}> (0x000000008fba81f0) 
thrown [s\src\hotspot\share\prims\jni.cpp, line 537]
Event: 774.632 Thread 0x000001c013008f70 Exception <a 'sun/nio/fs/WindowsException'{0x000000008fba3da8}> (0x000000008fba3da8) 
thrown [s\src\hotspot\share\prims\jni.cpp, line 537]
Event: 774.632 Thread 0x000001c013008f70 Exception <a 'sun/nio/fs/WindowsException'{0x000000008fba4a50}> (0x000000008fba4a50) 
thrown [s\src\hotspot\share\prims\jni.cpp, line 537]
Event: 774.637 Thread 0x000001c01423f0e0 Exception <a 'sun/nio/fs/WindowsException'{0x000000008f4a3cb8}> (0x000000008f4a3cb8) 
thrown [s\src\hotspot\share\prims\jni.cpp, line 537]
Event: 782.996 Thread 0x000001c013008f70 Exception <a 'sun/nio/fs/WindowsException'{0x000000008de18ef8}> (0x000000008de18ef8) 
thrown [s\src\hotspot\share\prims\jni.cpp, line 537]
Event: 783.095 Thread 0x000001c019663840 Exception <a 'sun/nio/fs/WindowsException'{0x000000008cdcd2f0}> (0x000000008cdcd2f0) 
thrown [s\src\hotspot\share\prims\jni.cpp, line 537]

ZGC Phase Switch (0 events):
No events

VM Operations (20 events):
Event: 773.952 Executing VM operation: G1PauseRemark
Event: 773.965 Executing VM operation: G1PauseRemark done
Event: 774.001 Executing VM operation: G1PauseCleanup
Event: 774.001 Executing VM operation: G1PauseCleanup done
Event: 774.260 Executing VM operation: ICBufferFull
Event: 774.260 Executing VM operation: ICBufferFull done
Event: 774.470 Executing VM operation: G1CollectForAllocation (G1 Evacuation Pause)
Event: 774.476 Executing VM operation: G1CollectForAllocation (G1 Evacuation Pause) done
Event: 774.567 Executing VM operation: ICBufferFull
Event: 774.567 Executing VM operation: ICBufferFull done
Event: 775.572 Executing VM operation: Cleanup
Event: 775.572 Executing VM operation: Cleanup done
Event: 781.554 Executing VM operation: HandshakeAllThreads (HandshakeForDeflation)
Event: 781.554 Executing VM operation: HandshakeAllThreads (HandshakeForDeflation) done
Event: 781.554 Executing VM operation: Cleanup
Event: 781.554 Executing VM operation: Cleanup done
Event: 781.554 Executing VM operation: RendezvousGCThreads
Event: 781.554 Executing VM operation: RendezvousGCThreads done
Event: 783.089 Executing VM operation: ICBufferFull
Event: 783.090 Executing VM operation: ICBufferFull done

Memory protections (0 events):
No events

Nmethod flushes (20 events):
Event: 773.964 Thread 0x000001c0776deb10 flushing  nmethod 0x000001c001826f10
Event: 773.964 Thread 0x000001c0776deb10 flushing  nmethod 0x000001c00182bb10
Event: 773.964 Thread 0x000001c0776deb10 flushing  nmethod 0x000001c00182c010
Event: 773.964 Thread 0x000001c0776deb10 flushing  nmethod 0x000001c001f78110
Event: 773.964 Thread 0x000001c0776deb10 flushing  nmethod 0x000001c001f88690
Event: 773.964 Thread 0x000001c0776deb10 flushing  nmethod 0x000001c001f88d10
Event: 773.964 Thread 0x000001c0776deb10 flushing  nmethod 0x000001c001f89110
Event: 773.964 Thread 0x000001c0776deb10 flushing  nmethod 0x000001c002058090
Event: 773.964 Thread 0x000001c0776deb10 flushing  nmethod 0x000001c00205bb10
Event: 773.964 Thread 0x000001c0776deb10 flushing  nmethod 0x000001c00205c210
Event: 773.964 Thread 0x000001c0776deb10 flushing  nmethod 0x000001c00205e390
Event: 773.964 Thread 0x000001c0776deb10 flushing  nmethod 0x000001c0020a7610
Event: 773.964 Thread 0x000001c0776deb10 flushing  nmethod 0x000001c0020a8190
Event: 773.964 Thread 0x000001c0776deb10 flushing  nmethod 0x000001c0020a8c10
Event: 773.964 Thread 0x000001c0776deb10 flushing  nmethod 0x000001c0020a9d90
Event: 773.964 Thread 0x000001c0776deb10 flushing  nmethod 0x000001c0020aab10
Event: 773.964 Thread 0x000001c0776deb10 flushing  nmethod 0x000001c0020aaf10
Event: 773.964 Thread 0x000001c0776deb10 flushing  nmethod 0x000001c0020abc10
Event: 773.964 Thread 0x000001c0776deb10 flushing  nmethod 0x000001c0020acc90
Event: 773.964 Thread 0x000001c0776deb10 flushing  nmethod 0x000001c0020ad310

Events (20 events):
Event: 782.952 Thread 0x000001c077859f20 Thread added: 0x000001c01a0d9a20
Event: 782.957 Thread 0x000001c077858f20 Thread added: 0x000001c07fb909b0
Event: 782.957 Thread 0x000001c077858f20 Thread added: 0x000001c014097030
Event: 783.001 Thread 0x000001c077859f20 Thread added: 0x000001c01a0d9350
Event: 783.005 Thread 0x000001c077859f20 Thread added: 0x000001c01a6bbd50
Event: 783.050 Thread 0x000001c0191021d0 Thread added: 0x000001c0196631b0
Event: 783.050 Thread 0x000001c0191021d0 Thread added: 0x000001c019664bf0
Event: 783.051 Thread 0x000001c0191021d0 Thread added: 0x000001c019661770
Event: 783.051 Thread 0x000001c0191021d0 Thread added: 0x000001c019663840
Event: 783.051 Thread 0x000001c0191021d0 Thread added: 0x000001c019663ed0
Event: 783.051 Thread 0x000001c0191021d0 Thread added: 0x000001c019661e00
Event: 783.052 Thread 0x000001c0191021d0 Thread added: 0x000001c0147f5ec0
Event: 783.052 Thread 0x000001c0191021d0 Thread added: 0x000001c0147f7270
Event: 783.052 Thread 0x000001c0191021d0 Thread added: 0x000001c0147f6be0
Event: 783.053 Thread 0x000001c0191021d0 Thread added: 0x000001c0147f7f90
Event: 783.053 Thread 0x000001c0191021d0 Thread added: 0x000001c0147f8620
Event: 783.054 Thread 0x000001c0191021d0 Thread added: 0x000001c0147f9340
Event: 783.054 Thread 0x000001c0191021d0 Thread added: 0x000001c0147f7900
Event: 783.055 Thread 0x000001c0191021d0 Thread added: 0x000001c0147f99d0
Event: 783.082 Thread 0x000001c01a0d9350 Thread added: 0x000001c00fbe82d0


Dynamic libraries:
0x00007ff7dbca0000 - 0x00007ff7dbcaa000 	C:\Program Files\Android\Android Studio1\jbr\bin\java.exe
0x00007ffd52aa0000 - 0x00007ffd52d08000 	C:\WINDOWS\SYSTEM32\ntdll.dll
0x00007ffd50b60000 - 0x00007ffd50c29000 	C:\WINDOWS\System32\KERNEL32.DLL
0x00007ffd4f9b0000 - 0x00007ffd4fda1000 	C:\WINDOWS\System32\KERNELBASE.dll
0x00007ffd4f4b0000 - 0x00007ffd4f5fb000 	C:\WINDOWS\System32\ucrtbase.dll
0x00007ffd3bab0000 - 0x00007ffd3bacb000 	C:\Program Files\Android\Android Studio1\jbr\bin\VCRUNTIME140.dll
0x00007ffd49d10000 - 0x00007ffd49d28000 	C:\Program Files\Android\Android Studio1\jbr\bin\jli.dll
0x00007ffd50c30000 - 0x00007ffd50df6000 	C:\WINDOWS\System32\USER32.dll
0x00007ffd4f6c0000 - 0x00007ffd4f6e7000 	C:\WINDOWS\System32\win32u.dll
0x00007ffd362d0000 - 0x00007ffd36563000 	C:\WINDOWS\WinSxS\amd64_microsoft.windows.common-controls_6595b64144ccf1df_6.0.26100.7705_none_3e06597ae3363b04\COMCTL32.dll
0x00007ffd50b20000 - 0x00007ffd50b4b000 	C:\WINDOWS\System32\GDI32.dll
0x00007ffd524e0000 - 0x00007ffd52589000 	C:\WINDOWS\System32\msvcrt.dll
0x00007ffd4f380000 - 0x00007ffd4f4ab000 	C:\WINDOWS\System32\gdi32full.dll
0x00007ffd50790000 - 0x00007ffd50833000 	C:\WINDOWS\System32\msvcp_win.dll
0x00007ffd51e10000 - 0x00007ffd51e41000 	C:\WINDOWS\System32\IMM32.DLL
0x00007ffd49d00000 - 0x00007ffd49d0c000 	C:\Program Files\Android\Android Studio1\jbr\bin\vcruntime140_1.dll
0x00007ffcfde80000 - 0x00007ffcfdf0d000 	C:\Program Files\Android\Android Studio1\jbr\bin\msvcp140.dll
0x00007ffcac230000 - 0x00007ffcacec6000 	C:\Program Files\Android\Android Studio1\jbr\bin\server\jvm.dll
0x00007ffd51570000 - 0x00007ffd51624000 	C:\WINDOWS\System32\ADVAPI32.dll
0x00007ffd50ec0000 - 0x00007ffd50f66000 	C:\WINDOWS\System32\sechost.dll
0x00007ffd52320000 - 0x00007ffd52438000 	C:\WINDOWS\System32\RPCRT4.dll
0x00007ffd51d90000 - 0x00007ffd51e04000 	C:\WINDOWS\System32\WS2_32.dll
0x00007ffd4f030000 - 0x00007ffd4f08e000 	C:\WINDOWS\SYSTEM32\POWRPROF.dll
0x00007ffd48510000 - 0x00007ffd48545000 	C:\WINDOWS\SYSTEM32\WINMM.dll
0x00007ffd44fe0000 - 0x00007ffd44feb000 	C:\WINDOWS\SYSTEM32\VERSION.dll
0x00007ffd4f010000 - 0x00007ffd4f024000 	C:\WINDOWS\SYSTEM32\UMPDC.dll
0x00007ffd4e130000 - 0x00007ffd4e14b000 	C:\WINDOWS\SYSTEM32\kernel.appcore.dll
0x00007ffd3ba80000 - 0x00007ffd3ba8a000 	C:\Program Files\Android\Android Studio1\jbr\bin\jimage.dll
0x00007ffd4d2f0000 - 0x00007ffd4d532000 	C:\WINDOWS\SYSTEM32\DBGHELP.DLL
0x00007ffd51f90000 - 0x00007ffd52316000 	C:\WINDOWS\System32\combase.dll
0x00007ffd51e50000 - 0x00007ffd51f27000 	C:\WINDOWS\System32\OLEAUT32.dll
0x00007ffd33710000 - 0x00007ffd3374b000 	C:\WINDOWS\SYSTEM32\dbgcore.DLL
0x00007ffd4f900000 - 0x00007ffd4f9a5000 	C:\WINDOWS\System32\bcryptPrimitives.dll
0x00007ffd47aa0000 - 0x00007ffd47aae000 	C:\Program Files\Android\Android Studio1\jbr\bin\instrument.dll
0x00007ffd3ba60000 - 0x00007ffd3ba80000 	C:\Program Files\Android\Android Studio1\jbr\bin\java.dll
0x00007ffd237b0000 - 0x00007ffd237c8000 	C:\Program Files\Android\Android Studio1\jbr\bin\zip.dll
0x00007ffd51630000 - 0x00007ffd51d81000 	C:\WINDOWS\System32\SHELL32.dll
0x00007ffd4fdb0000 - 0x00007ffd4ff1a000 	C:\WINDOWS\System32\wintypes.dll
0x00007ffd4ff20000 - 0x00007ffd50782000 	C:\WINDOWS\System32\windows.storage.dll
0x00007ffd50fe0000 - 0x00007ffd510d6000 	C:\WINDOWS\System32\SHCORE.dll
0x00007ffd50f70000 - 0x00007ffd50fd7000 	C:\WINDOWS\System32\shlwapi.dll
0x00007ffd4f2a0000 - 0x00007ffd4f2c9000 	C:\WINDOWS\SYSTEM32\profapi.dll
0x00007ffd33940000 - 0x00007ffd33950000 	C:\Program Files\Android\Android Studio1\jbr\bin\net.dll
0x00007ffd45940000 - 0x00007ffd45a67000 	C:\WINDOWS\SYSTEM32\WINHTTP.dll
0x00007ffd4e6a0000 - 0x00007ffd4e70b000 	C:\WINDOWS\system32\mswsock.dll
0x00007ffd235f0000 - 0x00007ffd23606000 	C:\Program Files\Android\Android Studio1\jbr\bin\nio.dll
0x00007ffd20060000 - 0x00007ffd20070000 	C:\Program Files\Android\Android Studio1\jbr\bin\verify.dll
0x00007ffd18c30000 - 0x00007ffd18c57000 	C:\Users\twist\.gradle\native\1def1411415f61bf3af743bc5b6707747c0891f09f0c88961ee8f79bc544acac\windows-amd64\native-platform.dll
0x00007ffcfde00000 - 0x00007ffcfde77000 	C:\Users\twist\.gradle\native\0.2.8\x86_64-windows-gnu\gradle-fileevents.dll
0x00007ffd23550000 - 0x00007ffd23559000 	C:\Program Files\Android\Android Studio1\jbr\bin\management.dll
0x00007ffd226c0000 - 0x00007ffd226cb000 	C:\Program Files\Android\Android Studio1\jbr\bin\management_ext.dll
0x00007ffd525f0000 - 0x00007ffd525f8000 	C:\WINDOWS\System32\PSAPI.DLL
0x00007ffd4db00000 - 0x00007ffd4db34000 	C:\WINDOWS\SYSTEM32\IPHLPAPI.DLL
0x00007ffd52440000 - 0x00007ffd5244a000 	C:\WINDOWS\System32\NSI.dll
0x00007ffd23560000 - 0x00007ffd23569000 	C:\Program Files\Android\Android Studio1\jbr\bin\extnet.dll
0x00007ffd4e960000 - 0x00007ffd4e97b000 	C:\WINDOWS\SYSTEM32\CRYPTSP.dll
0x00007ffd4e090000 - 0x00007ffd4e0c9000 	C:\WINDOWS\system32\rsaenh.dll
0x00007ffd4e750000 - 0x00007ffd4e77b000 	C:\WINDOWS\SYSTEM32\USERENV.dll
0x00007ffd4f270000 - 0x00007ffd4f29a000 	C:\WINDOWS\SYSTEM32\bcrypt.dll
0x00007ffd4e980000 - 0x00007ffd4e98c000 	C:\WINDOWS\SYSTEM32\CRYPTBASE.dll
0x00007ffd37b50000 - 0x00007ffd37b58000 	C:\WINDOWS\system32\wshunix.dll
0x00007ffd4e250000 - 0x00007ffd4e286000 	C:\WINDOWS\SYSTEM32\ntmarta.dll

JVMTI agents:
C:\Users\twist\.gradle\wrapper\dists\gradle-9.1.0-bin\9agqghryom9wkf8r80qlhnts3\gradle-9.1.0\lib\agents\gradle-instrumentation-agent-9.1.0.jar path:C:\Program Files\Android\Android Studio1\jbr\bin\instrument.dll, loaded, initialized, instrumentlib options:none

dbghelp: loaded successfully - version: 4.0.5 - missing functions: none
symbol engine: initialized successfully - sym options: 0x614 - pdb path: .;C:\Program Files\Android\Android Studio1\jbr\bin;C:\WINDOWS\SYSTEM32;C:\WINDOWS\WinSxS\amd64_microsoft.windows.common-controls_6595b64144ccf1df_6.0.26100.7705_none_3e06597ae3363b04;C:\Program Files\Android\Android Studio1\jbr\bin\server;C:\Users\twist\.gradle\native\1def1411415f61bf3af743bc5b6707747c0891f09f0c88961ee8f79bc544acac\windows-amd64;C:\Users\twist\.gradle\native\0.2.8\x86_64-windows-gnu

VM Arguments:
jvm_args: --add-opens=java.base/java.lang=ALL-UNNAMED --add-opens=java.base/java.lang.invoke=ALL-UNNAMED --add-opens=java.base/java.util=ALL-UNNAMED --add-opens=java.prefs/java.util.prefs=ALL-UNNAMED --add-exports=jdk.compiler/com.sun.tools.javac.api=ALL-UNNAMED --add-exports=jdk.compiler/com.sun.tools.javac.util=ALL-UNNAMED --add-opens=java.base/java.util=ALL-UNNAMED --add-opens=java.prefs/java.util.prefs=ALL-UNNAMED --add-opens=java.base/java.nio.charset=ALL-UNNAMED --add-opens=java.base/java.net=ALL-UNNAMED --add-opens=java.base/java.util.concurrent=ALL-UNNAMED --add-opens=java.base/java.util.concurrent.atomic=ALL-UNNAMED --add-opens=java.xml/javax.xml.namespace=ALL-UNNAMED --add-opens=java.base/java.time=ALL-UNNAMED -Xmx2048m -Dfile.encoding=UTF-8 -Duser.country=IN -Duser.language=en -Duser.variant -javaagent:C:\Users\twist\.gradle\wrapper\dists\gradle-9.1.0-bin\9agqghryom9wkf8r80qlhnts3\gradle-9.1.0\lib\agents\gradle-instrumentation-agent-9.1.0.jar 
java_command: org.gradle.launcher.daemon.bootstrap.GradleDaemon 9.1.0
java_class_path (initial): C:\Users\twist\.gradle\wrapper\dists\gradle-9.1.0-bin\9agqghryom9wkf8r80qlhnts3\gradle-9.1.0\lib\gradle-daemon-main-9.1.0.jar
Launcher Type: SUN_STANDARD

[Global flags]
     intx CICompilerCount                          = 12                                        {product} {ergonomic}
     uint ConcGCThreads                            = 3                                         {product} {ergonomic}
     uint G1ConcRefinementThreads                  = 13                                        {product} {ergonomic}
   size_t G1HeapRegionSize                         = 1048576                                   {product} {ergonomic}
    uintx GCDrainStackTargetSize                   = 64                                        {product} {ergonomic}
   size_t InitialHeapSize                          = 264241152                                 {product} {ergonomic}
   size_t MarkStackSize                            = 4194304                                   {product} {ergonomic}
   size_t MaxHeapSize                              = 2147483648                                {product} {command line}
   size_t MaxNewSize                               = 1287651328                                {product} {ergonomic}
   size_t MinHeapDeltaBytes                        = 1048576                                   {product} {ergonomic}
   size_t MinHeapSize                              = 8388608                                   {product} {ergonomic}
    uintx NonNMethodCodeHeapSize                   = 7602480                                {pd product} {ergonomic}
    uintx NonProfiledCodeHeapSize                  = 122027880                              {pd product} {ergonomic}
    uintx ProfiledCodeHeapSize                     = 122027880                              {pd product} {ergonomic}
    uintx ReservedCodeCacheSize                    = 251658240                              {pd product} {ergonomic}
     bool SegmentedCodeCache                       = true                                      {product} {ergonomic}
   size_t SoftMaxHeapSize                          = 2147483648                             {manageable} {ergonomic}
     bool UseCompressedOops                        = true                           {product lp64_product} {ergonomic}
     bool UseG1GC                                  = true                                      {product} {ergonomic}
     bool UseLargePagesIndividualAllocation        = false                                  {pd product} {ergonomic}

Logging:
Log output configuration:
 #0: stdout all=warning uptime,level,tags foldmultilines=false
 #1: stderr all=off uptime,level,tags foldmultilines=false

Environment Variables:
PATH=C:\Program Files\Eclipse Adoptium\jdk-17.0.17.10-hotspot\bin;C:\Program Files (x86)\Microsoft SDKs\Azure\CLI2\wbin;C:\Program Files\Common Files\Oracle\Java\javapath;C:\Program Files (x86)\Common Files\Oracle\Java\java8path;C:\Program Files (x86)\Common Files\Oracle\Java\javapath;C:\Windows\system32;C:\Windows;C:\Windows\System32\Wbem;C:\Windows\System32\WindowsPowerShell\v1.0\;C:\Windows\System32\OpenSSH\;C:\Program Files\dotnet\;C:\Program Files (x86)\NVIDIA Corporation\PhysX\Common;C:\MinGW\bin;C:\HOME\MATLAB\bin;C:\Program Files\nodejs\;C:\WINDOWS\system32;C:\WINDOWS;C:\WINDOWS\System32\Wbem;C:\WINDOWS\System32\WindowsPowerShell\v1.0\;C:\WINDOWS\System32\OpenSSH\;C:\Program Files\NVIDIA Corporation\NVIDIA app\NvDLISR;C:\Program Files\Git\cmd;C:\Program Files\cursor\resources\app\bin;C:\ProgramData\chocolatey\bin;C:\Users\twist\AppData\Local\Programs\Python\Python310\Scripts\;C:\Users\twist\AppData\Local\Programs\Python\Python310\;C:\Apps\python-3.10.0-embed-amd64\python310;C:\Users\twist\AppData\Local\Programs\Microsoft VS Code\bin
USERNAME=twist
OS=Windows_NT
PROCESSOR_IDENTIFIER=Intel64 Family 6 Model 154 Stepping 3, GenuineIntel
TMP=C:\Users\twist\AppData\Local\Temp
TEMP=C:\Users\twist\AppData\Local\Temp




Periodic native trim disabled

JNI global refs:
JNI global refs: 39, weak refs: 1

JNI global refs memory usage: 835, weak refs: 833

Process memory usage:
Resident Set Size: 745080K (4% of 16454388K total physical memory with 1041944K free physical memory)

OOME stack traces (most recent first):
Classloader memory used:
Loader org.gradle.internal.classloader.VisitableURLClassLoader$InstrumentingVisitableURLClassLoader: 60385K
Loader org.gradle.internal.classloader.VisitableURLClassLoader                         : 46654K
Loader bootstrap                                                                       : 32161K
Loader org.gradle.initialization.MixInLegacyTypesClassLoader                           : 13794K
Loader jdk.internal.loader.ClassLoaders$AppClassLoader                                 : 9047K
Loader jdk.internal.loader.ClassLoaders$PlatformClassLoader                            : 661K
Loader jdk.internal.reflect.DelegatingClassLoader                                      : 549K
Loader jdk.internal.jrtfs.JrtFileSystemProvider$JrtFsLoader                            : 297K
Loader org.gradle.internal.classloader.VisitableURLClassLoader                         : 199K
Loader org.gradle.groovy.scripts.internal.DefaultScriptCompilationHandler$ScriptClassLoader: 128K
Loader sun.reflect.misc.MethodUtil                                                     : 2984B

Classes loaded by more than one classloader:
Class Program                                                                         : loaded 5 times (x 72B)
Class Build_gradle                                                                    : loaded 3 times (x 126B)
Class com.google.common.base.Equivalence$Identity                                     : loaded 2 times (x 82B)
Class com.google.common.collect.RegularImmutableMap$KeySet                            : loaded 2 times (x 152B)
Class org.gradle.internal.classloader.FilteringClassLoader                            : loaded 2 times (x 105B)
Class jdk.internal.jimage.BasicImageReader                                            : loaded 2 times (x 95B)
Class com.google.common.cache.LocalCache$ValueIterator                                : loaded 2 times (x 86B)
Class [Lcom.google.common.collect.MapMakerInternalMap$Segment;                        : loaded 2 times (x 69B)
Class com.google.common.io.FileWriteMode                                              : loaded 2 times (x 79B)
Class [Lcom.google.common.base.AbstractIterator$State;                                : loaded 2 times (x 69B)
Class com.google.common.base.CharMatcher$IsEither                                     : loaded 2 times (x 111B)
Class org.gradle.internal.classloader.ClassLoaderHierarchy                            : loaded 2 times (x 70B)
Class [Lcom.google.common.cache.RemovalCause;                                         : loaded 2 times (x 69B)
Class com.google.common.collect.AbstractMapBasedMultimap$WrappedCollection            : loaded 2 times (x 124B)
Class com.google.common.collect.ImmutableEnumSet                                      : loaded 2 times (x 146B)
Class com.google.common.util.concurrent.ExecutionError                                : loaded 2 times (x 82B)
Class com.google.common.collect.ImmutableList$1                                       : loaded 2 times (x 97B)
Class org.gradle.api.internal.classpath.ManifestUtil                                  : loaded 2 times (x 71B)
Class com.google.common.io.ByteArrayDataOutput                                        : loaded 2 times (x 70B)
Class com.google.common.collect.RegularImmutableMap                                   : loaded 2 times (x 121B)
Class com.google.common.collect.ImmutableMap$MapViewOfValuesAsSingletonSets           : loaded 2 times (x 126B)
Class com.google.common.reflect.TypeCapture                                           : loaded 2 times (x 71B)
Class com.google.common.cache.LocalCache$Values                                       : loaded 2 times (x 118B)
Class com.google.common.collect.TransformedListIterator                               : loaded 2 times (x 93B)
Class [Lorg.objectweb.asm.Symbol;                                                     : loaded 2 times (x 69B)
Class org.objectweb.asm.ClassVisitor                                                  : loaded 2 times (x 88B)
Class com.google.common.collect.UnmodifiableListIterator                              : loaded 2 times (x 95B)
Class ijKotlinCoroutineJvmDebugInit1_3r555txrkec48jksjum4n4vky$_run_closure1$_closure2: loaded 2 times (x 139B)
Class com.google.common.collect.MapMakerInternalMap$StrongKeyDummyValueEntry$LinkedStrongKeyDummyValueEntry: loaded 2 times (x 82B)
Class com.google.common.collect.MapMakerInternalMap$Strength                          : loaded 2 times (x 80B)
Class com.google.common.base.Platform$JdkPatternCompiler                              : loaded 2 times (x 75B)
Class org.objectweb.asm.MethodTooLargeException                                       : loaded 2 times (x 83B)
Class [Lcom.google.common.cache.CacheBuilder$OneWeigher;                              : loaded 2 times (x 69B)
Class com.google.common.base.Suppliers                                                : loaded 2 times (x 71B)
Class org.gradle.internal.classloader.DefaultClassLoaderFactory                       : loaded 2 times (x 82B)
Class [Lcom.google.common.collect.AbstractIterator$State;                             : loaded 2 times (x 69B)
Class com.google.common.base.CharMatcher$None                                         : loaded 2 times (x 112B)
Class org.gradle.internal.classloader.ClassLoaderVisitor                              : loaded 2 times (x 76B)
Class [Lcom.google.common.collect.ImmutableMapEntry;                                  : loaded 2 times (x 69B)
Class org.gradle.api.internal.classpath.EffectiveClassPath                            : loaded 2 times (x 90B)
Class com.google.common.collect.ListMultimap                                          : loaded 2 times (x 70B)
Class com.google.common.collect.ImmutableEnumMap                                      : loaded 2 times (x 126B)
Class com.google.common.collect.Iterators$EmptyModifiableIterator                     : loaded 2 times (x 86B)
Class com.google.common.base.Splitter                                                 : loaded 2 times (x 72B)
Class com.google.common.collect.Sets$1                                                : loaded 2 times (x 139B)
Class org.objectweb.asm.AnnotationVisitor                                             : loaded 2 times (x 78B)
Class org.gradle.api.internal.DefaultClassPathProvider                                : loaded 2 times (x 76B)
Class [Lcom.google.common.base.Function;                                              : loaded 2 times (x 69B)
Class com.google.common.collect.MapMakerInternalMap$Strength$1                        : loaded 2 times (x 80B)
Class com.google.common.collect.Maps$ViewCachingAbstractMap                           : loaded 2 times (x 125B)
Class com.google.common.collect.Sets$2                                                : loaded 2 times (x 139B)
Class ijKotlinCoroutineJvmDebugInit1_3r555txrkec48jksjum4n4vky$_run_closure1          : loaded 2 times (x 139B)
Class [Lorg.gradle.api.internal.ClassPathProvider;                                    : loaded 2 times (x 69B)
Class org.gradle.api.internal.ClassPathProvider                                       : loaded 2 times (x 70B)
Class com.google.common.reflect.Types$ClassOwnership$1                                : loaded 2 times (x 80B)
Class com.google.common.collect.MapMakerInternalMap$Strength$2                        : loaded 2 times (x 80B)
Class com.google.common.base.AbstractIterator$State                                   : loaded 2 times (x 79B)
Class [Lorg.objectweb.asm.AnnotationVisitor;                                          : loaded 2 times (x 69B)
Class com.google.common.collect.Sets$3                                                : loaded 2 times (x 139B)
Class com.google.common.cache.LocalCache$LocalLoadingCache                            : loaded 2 times (x 134B)
Class org.gradle.internal.service.UnknownServiceException                             : loaded 2 times (x 83B)
Class com.google.common.reflect.Types$ClassOwnership$2                                : loaded 2 times (x 80B)
Class com.google.common.reflect.TypeResolver                                          : loaded 2 times (x 72B)
Class com.google.common.io.ByteArrayDataInput                                         : loaded 2 times (x 70B)
Class com.google.common.collect.MapMakerInternalMap$StrongValueEntry                  : loaded 2 times (x 70B)
Class com.google.common.collect.Sets$4                                                : loaded 2 times (x 139B)
Class org.objectweb.asm.ModuleVisitor                                                 : loaded 2 times (x 81B)
Class com.google.common.cache.LocalCache$Strength$1                                   : loaded 2 times (x 81B)
Class com.google.common.reflect.Types$ClassOwnership$3                                : loaded 2 times (x 71B)
Class com.google.common.collect.Collections2$FilteredCollection                       : loaded 2 times (x 119B)
Class com.google.common.util.concurrent.SettableFuture                                : loaded 2 times (x 114B)
Class com.google.common.cache.LocalCache$Strength$2                                   : loaded 2 times (x 81B)
Class [Lcom.google.common.collect.Maps$EntryFunction;                                 : loaded 2 times (x 69B)
Class com.google.common.io.ByteStreams                                                : loaded 2 times (x 71B)
Class com.google.common.collect.Interners$InternerImpl                                : loaded 2 times (x 75B)
Class com.google.common.collect.Interner                                              : loaded 2 times (x 70B)
Class com.google.common.collect.TransformedIterator                                   : loaded 2 times (x 80B)
Class com.google.common.base.Splitter$1                                               : loaded 2 times (x 77B)
Class com.google.common.cache.LocalCache$Strength$3                                   : loaded 2 times (x 81B)
Class com.google.common.collect.MapDifference                                         : loaded 2 times (x 70B)
Class com.google.common.reflect.Invokable                                             : loaded 2 times (x 103B)
Class com.google.common.collect.MapMaker$Dummy                                        : loaded 2 times (x 79B)
Class org.objectweb.asm.FieldWriter                                                   : loaded 2 times (x 78B)
Class com.google.common.cache.CacheBuilder$NullListener                               : loaded 2 times (x 82B)
Class org.gradle.internal.classpath.TransformedClassPath                              : loaded 2 times (x 96B)
Class org.gradle.internal.classloader.InstrumentingClassLoader                        : loaded 2 times (x 70B)
Class com.google.common.reflect.Types$ParameterizedTypeImpl                           : loaded 2 times (x 81B)
Class com.google.common.collect.Maps$IteratorBasedAbstractMap$1                       : loaded 2 times (x 138B)
Class com.google.common.collect.ImmutableListMultimap                                 : loaded 2 times (x 176B)
Class com.google.common.cache.CacheLoader$FunctionToCacheLoader                       : loaded 2 times (x 75B)
Class com.google.common.collect.Iterators$ArrayItr                                    : loaded 2 times (x 97B)
Class com.google.common.base.PairwiseEquivalence                                      : loaded 2 times (x 83B)
Class com.google.common.reflect.TypeResolver$TypeVariableKey                          : loaded 2 times (x 72B)
Class com.google.common.collect.EmptyImmutableListMultimap                            : loaded 2 times (x 176B)
Class com.google.common.collect.BaseImmutableMultimap                                 : loaded 2 times (x 123B)
Class com.google.common.base.Joiner                                                   : loaded 2 times (x 79B)
Class com.google.common.base.MoreObjects                                              : loaded 2 times (x 71B)
Class com.google.common.collect.Platform                                              : loaded 2 times (x 71B)
Class [Lorg.objectweb.asm.Type;                                                       : loaded 2 times (x 69B)
Class com.google.common.collect.UnmodifiableIterator                                  : loaded 2 times (x 80B)
Class org.gradle.internal.service.ServiceLocator                                      : loaded 2 times (x 70B)
Class jdk.internal.jrtfs.JrtFileSystemProvider                                        : loaded 2 times (x 101B)
Class com.google.common.collect.HashBiMap$BiEntry                                     : loaded 2 times (x 83B)
Class com.google.common.base.Ascii                                                    : loaded 2 times (x 71B)
Class com.google.common.collect.SingletonImmutableBiMap                               : loaded 2 times (x 143B)
Class com.google.common.cache.LocalCache$1                                            : loaded 2 times (x 89B)
Class com.google.common.collect.Iterators$SingletonIterator                           : loaded 2 times (x 81B)
Class com.google.common.collect.AbstractMapEntry                                      : loaded 2 times (x 81B)
Class ijJvmDebugger1_16b8f0ukp0za92z7s1yf7sl30                                        : loaded 2 times (x 171B)
Class com.google.common.reflect.TypeToken$SimpleTypeToken                             : loaded 2 times (x 73B)
Class com.google.common.collect.AbstractSetMultimap                                   : loaded 2 times (x 174B)
Class com.google.common.collect.MapMakerInternalMap$AbstractStrongKeyEntry            : loaded 2 times (x 80B)
Class com.google.common.collect.Sets$ImprovedAbstractSet                              : loaded 2 times (x 135B)
Class com.google.common.collect.ImmutableList$Builder                                 : loaded 2 times (x 77B)
Class com.google.common.collect.AbstractMultimap                                      : loaded 2 times (x 123B)
Class com.google.common.cache.LocalCache$2                                            : loaded 2 times (x 142B)
Class com.google.common.collect.RegularImmutableAsList                                : loaded 2 times (x 217B)
Class com.google.common.base.Optional                                                 : loaded 2 times (x 80B)
Class com.google.common.util.concurrent.AbstractFuture$Trusted                        : loaded 2 times (x 70B)
Class com.google.common.collect.Iterators                                             : loaded 2 times (x 71B)
Class jdk.internal.jimage.ImageLocation                                               : loaded 2 times (x 90B)
Class com.google.common.io.ByteSink$AsCharSink                                        : loaded 2 times (x 80B)
Class com.google.common.collect.Lists$StringAsImmutableList                           : loaded 2 times (x 207B)
Class com.google.common.util.concurrent.UncheckedExecutionException                   : loaded 2 times (x 82B)
Class org.gradle.kotlin.dsl.VersionCatalogAccessorsKt                                 : loaded 2 times (x 71B)
Class ijJvmDebugger1_16b8f0ukp0za92z7s1yf7sl30$_run_closure1                          : loaded 2 times (x 139B)
Class org.gradle.internal.InternalTransformer                                         : loaded 2 times (x 70B)
Class jdk.internal.jimage.ImageBufferCache$1                                          : loaded 2 times (x 83B)
Class com.google.common.collect.HashMultimapGwtSerializationDependencies              : loaded 2 times (x 174B)
Class com.google.common.collect.AbstractMapBasedMultimap$KeySet$1                     : loaded 2 times (x 82B)
Class org.objectweb.asm.ClassWriter                                                   : loaded 2 times (x 106B)
Class com.google.common.cache.CacheLoader$UnsupportedLoadingOperationException        : loaded 2 times (x 82B)
Class com.google.common.base.CharMatcher$And                                          : loaded 2 times (x 112B)
Class org.gradle.internal.classloader.ClasspathUtil$1                                 : loaded 2 times (x 76B)
Class jdk.internal.jimage.ImageBufferCache$2                                          : loaded 2 times (x 91B)
Class com.google.common.collect.FluentIterable$1                                      : loaded 2 times (x 81B)
Class com.google.common.base.Objects                                                  : loaded 2 times (x 71B)
Class org.objectweb.asm.FieldVisitor                                                  : loaded 2 times (x 77B)
Class com.google.common.collect.IndexedImmutableSet                                   : loaded 2 times (x 152B)
Class com.google.common.collect.ImmutableMap$1                                        : loaded 2 times (x 81B)
Class com.google.common.collect.BiMap                                                 : loaded 2 times (x 70B)
Class org.gradle.api.internal.classpath.DefaultModuleRegistry$DefaultModule           : loaded 2 times (x 86B)
Class com.google.common.reflect.Reflection                                            : loaded 2 times (x 71B)
Class com.google.common.base.Absent                                                   : loaded 2 times (x 80B)
Class com.google.common.collect.FluentIterable$2                                      : loaded 2 times (x 81B)
Class com.google.common.primitives.Ints                                               : loaded 2 times (x 71B)
Class com.google.common.collect.AbstractIterator                                      : loaded 2 times (x 82B)
Class com.google.common.collect.FluentIterable$3                                      : loaded 2 times (x 81B)
Class com.google.common.collect.ObjectArrays                                          : loaded 2 times (x 71B)
Class com.google.common.math.MathPreconditions                                        : loaded 2 times (x 71B)
Class com.google.common.collect.Multiset                                              : loaded 2 times (x 70B)
Class com.google.common.collect.ArrayListMultimapGwtSerializationDependencies         : loaded 2 times (x 172B)
Class com.google.common.collect.AbstractIndexedListIterator                           : loaded 2 times (x 96B)
Class com.google.common.collect.ImmutableMapEntrySet                                  : loaded 2 times (x 152B)
Class org.gradle.api.internal.classpath.Module                                        : loaded 2 times (x 70B)
Class com.google.common.cache.Weigher                                                 : loaded 2 times (x 70B)
Class org.gradle.api.internal.classpath.UnknownModuleException                        : loaded 2 times (x 82B)
Class jdk.internal.jimage.ImageHeader                                                 : loaded 2 times (x 71B)
Class com.google.common.base.Stopwatch                                                : loaded 2 times (x 72B)
Class com.google.common.cache.LocalCache$Strength                                     : loaded 2 times (x 81B)
Class com.google.common.cache.Cache                                                   : loaded 2 times (x 70B)
Class com.google.common.io.AppendableWriter                                           : loaded 2 times (x 100B)
Class com.google.common.base.NullnessCasts                                            : loaded 2 times (x 71B)
Class com.google.common.util.concurrent.AbstractFuture$Cancellation                   : loaded 2 times (x 72B)
Class com.google.common.collect.ImmutableMap$Builder                                  : loaded 2 times (x 82B)
Class com.google.common.collect.Maps$EntryFunction$1                                  : loaded 2 times (x 91B)
Class com.google.common.base.Present                                                  : loaded 2 times (x 81B)
Class com.google.common.collect.AbstractMapBasedMultimap$WrappedCollection$WrappedIterator: loaded 2 times (x 84B)
Class com.google.common.cache.RemovalListener                                         : loaded 2 times (x 70B)
Class org.gradle.api.internal.DefaultClassPathRegistry                                : loaded 2 times (x 76B)
Class com.google.common.reflect.Invokable$ConstructorInvokable                        : loaded 2 times (x 107B)
Class com.google.common.collect.Maps$EntryFunction$2                                  : loaded 2 times (x 91B)
Class com.google.common.collect.ImmutableMultimap$Keys                                : loaded 2 times (x 166B)
Class com.google.common.primitives.IntsMethodsForWeb                                  : loaded 2 times (x 71B)
Class com.google.common.collect.Multimap                                              : loaded 2 times (x 70B)
Class org.gradle.api.internal.ClassPathRegistry                                       : loaded 2 times (x 70B)
Class org.gradle.internal.classpath.DefaultClassPath$ImmutableUniqueList              : loaded 2 times (x 199B)
Class com.google.common.reflect.TypeToken                                             : loaded 2 times (x 73B)
Class com.google.common.collect.NullnessCasts                                         : loaded 2 times (x 71B)
Class com.google.common.base.ExtraObjectsMethodsForWeb                                : loaded 2 times (x 71B)
Class com.google.common.collect.MapMakerInternalMap$Segment                           : loaded 2 times (x 142B)
Class com.google.common.collect.ImmutableCollection$Builder                           : loaded 2 times (x 76B)
Class com.google.common.cache.RemovalCause                                            : loaded 2 times (x 80B)
Class com.google.common.io.ByteSink                                                   : loaded 2 times (x 76B)
Class com.google.common.cache.CacheBuilder                                            : loaded 2 times (x 72B)
Class com.google.common.collect.SingletonImmutableList                                : loaded 2 times (x 207B)
Class Settings_gradle$1                                                               : loaded 2 times (x 74B)
Class org.gradle.internal.classpath.ClassPath                                         : loaded 2 times (x 70B)
Class [Lcom.google.common.reflect.Types$JavaVersion;                                  : loaded 2 times (x 69B)
Class com.google.common.collect.Interners$InternerBuilder                             : loaded 2 times (x 76B)
Class com.google.common.io.Files$FileByteSource                                       : loaded 2 times (x 85B)
Class com.google.common.base.JdkPattern                                               : loaded 2 times (x 75B)
Class com.google.common.collect.ImmutableList$ReverseImmutableList                    : loaded 2 times (x 209B)
Class com.google.common.io.CharStreams$NullWriter                                     : loaded 2 times (x 99B)
Class org.objectweb.asm.SymbolTable$Entry                                             : loaded 2 times (x 74B)
Class jdk.internal.jimage.ImageStringsReader                                          : loaded 2 times (x 80B)
Class org.objectweb.asm.Edge                                                          : loaded 2 times (x 72B)
Class com.google.common.base.Suppliers$SupplierOfInstance                             : loaded 2 times (x 79B)
Class com.google.common.collect.Iterators$1                                           : loaded 2 times (x 81B)
Class com.google.common.reflect.TypeToken$1                                           : loaded 2 times (x 110B)
Class com.google.common.cache.LocalCache$ComputingValueReference                      : loaded 2 times (x 96B)
Class com.google.common.collect.SingletonImmutableSet                                 : loaded 2 times (x 146B)
Class com.google.common.collect.ImmutableMap$IteratorBasedImmutableMap                : loaded 2 times (x 126B)
Class jdk.internal.jimage.ImageReader                                                 : loaded 2 times (x 75B)
Class com.google.common.reflect.TypeToken$2                                           : loaded 2 times (x 110B)
Class com.google.common.collect.AbstractMapBasedMultimap$AsMap$AsMapEntries           : loaded 2 times (x 138B)
Class com.google.common.cache.LocalCache$Segment                                      : loaded 2 times (x 154B)
Class jdk.internal.jimage.ImageReader$SharedImageReader                               : loaded 2 times (x 95B)
Class com.google.common.collect.AbstractListMultimap                                  : loaded 2 times (x 172B)
Class [Lorg.objectweb.asm.SymbolTable$Entry;                                          : loaded 2 times (x 69B)
Class com.google.common.cache.CacheLoader                                             : loaded 2 times (x 74B)
Class com.google.common.collect.Iterators$4                                           : loaded 2 times (x 82B)
Class com.google.common.collect.ImmutableBiMap                                        : loaded 2 times (x 143B)
Class org.gradle.internal.installation.GradleInstallation$1                           : loaded 2 times (x 75B)
Class org.gradle.api.internal.classpath.ModuleRegistry                                : loaded 2 times (x 70B)
Class com.google.common.base.Splitter$SplittingIterator                               : loaded 2 times (x 84B)
Class com.google.common.collect.ImmutableSet$JdkBackedSetBuilderImpl                  : loaded 2 times (x 76B)
Class com.google.common.util.concurrent.internal.InternalFutureFailureAccess          : loaded 2 times (x 72B)
Class com.google.common.collect.Iterators$5                                           : loaded 2 times (x 82B)
Class com.google.common.collect.Iterators$6                                           : loaded 2 times (x 81B)
Class com.google.common.collect.HashBiMap$Inverse                                     : loaded 2 times (x 142B)
Class com.google.common.collect.ImmutableMultimap$Values                              : loaded 2 times (x 126B)
Class com.google.common.cache.LocalCache$LocalManualCache$1                           : loaded 2 times (x 75B)
Class com.google.common.base.CharMatcher$ForPredicate                                 : loaded 2 times (x 112B)
Class jdk.internal.jimage.ImageReader$Node                                            : loaded 2 times (x 84B)
Class com.google.common.base.CharMatcher$AnyOf                                        : loaded 2 times (x 112B)
Class com.google.common.collect.ImmutableCollection                                   : loaded 2 times (x 125B)
Class org.gradle.api.internal.classpath.DefaultModuleRegistry                         : loaded 2 times (x 86B)
Class jdk.internal.jimage.BasicImageReader$1                                          : loaded 2 times (x 77B)
Class com.google.common.collect.Lists                                                 : loaded 2 times (x 71B)
Class com.google.common.util.concurrent.ListenableFuture                              : loaded 2 times (x 70B)
Class com.google.common.cache.ReferenceEntry                                          : loaded 2 times (x 70B)
Class com.google.common.base.Converter                                                : loaded 2 times (x 90B)
Class com.google.common.collect.ImmutableSet$CachingAsList                            : loaded 2 times (x 148B)
Class com.google.common.collect.AbstractMapBasedMultimap                              : loaded 2 times (x 139B)
Class com.google.common.util.concurrent.AbstractFuture                                : loaded 2 times (x 106B)
Class com.google.common.base.FunctionalEquivalence                                    : loaded 2 times (x 83B)
Class com.google.common.collect.Iterators$9                                           : loaded 2 times (x 81B)
Class com.google.common.collect.ImmutableAsList                                       : loaded 2 times (x 209B)
Class com.google.common.reflect.TypeResolver$TypeTable                                : loaded 2 times (x 73B)
Class com.google.common.io.CharStreams                                                : loaded 2 times (x 71B)
Class com.google.common.collect.ImmutableMultiset                                     : loaded 2 times (x 163B)
Class org.objectweb.asm.RecordComponentVisitor                                        : loaded 2 times (x 77B)
Class com.google.common.cache.CacheLoader$SupplierToCacheLoader                       : loaded 2 times (x 75B)
Class jdk.internal.jimage.decompressor.Decompressor                                   : loaded 2 times (x 72B)
Class com.google.common.reflect.TypeResolver$TypeTable$1                              : loaded 2 times (x 73B)
Class com.google.common.collect.Maps$EntryTransformer                                 : loaded 2 times (x 70B)
Class org.gradle.internal.service.ServiceLookupException                              : loaded 2 times (x 82B)
Class com.google.common.collect.Lists$ReverseList                                     : loaded 2 times (x 200B)
Class [Lcom.google.common.cache.LocalCache$EntryFactory;                              : loaded 2 times (x 69B)
Class ijJvmDebugger1_16b8f0ukp0za92z7s1yf7sl30$_run_closure1$_closure2                : loaded 2 times (x 140B)
Class org.gradle.internal.classloader.ClassLoaderFactory                              : loaded 2 times (x 70B)
Class com.google.common.collect.ImmutableMap$SerializedForm                           : loaded 2 times (x 73B)
Class com.google.common.base.CommonPattern                                            : loaded 2 times (x 74B)
Class com.google.common.cache.LocalCache$LocalManualCache                             : loaded 2 times (x 99B)
Class com.google.common.base.CharMatcher$IsNot                                        : loaded 2 times (x 111B)
Class org.gradle.internal.service.CachingServiceLocator                               : loaded 2 times (x 82B)
Class com.google.common.collect.AbstractMapBasedMultimap$KeySet                       : loaded 2 times (x 137B)
Class com.google.common.math.IntMath                                                  : loaded 2 times (x 71B)
Class com.google.common.reflect.Types$TypeVariableInvocationHandler                   : loaded 2 times (x 75B)
Class [Lcom.google.common.collect.HashBiMap$BiEntry;                                  : loaded 2 times (x 69B)
Class com.google.common.collect.MapMakerInternalMap$InternalEntry                     : loaded 2 times (x 70B)
Class com.google.common.collect.ImmutableMapEntry                                     : loaded 2 times (x 85B)
Class com.google.common.base.Predicates                                               : loaded 2 times (x 71B)
Class com.google.common.collect.ImmutableMultimap                                     : loaded 2 times (x 147B)
Class com.google.common.base.Equivalence                                              : loaded 2 times (x 82B)
Class com.google.common.base.Function                                                 : loaded 2 times (x 70B)
Class com.google.common.collect.ImmutableMapEntry$NonTerminalImmutableMapEntry        : loaded 2 times (x 85B)
Class com.google.common.collect.IndexedImmutableSet$1                                 : loaded 2 times (x 213B)
Class com.google.common.cache.CacheBuilder$OneWeigher                                 : loaded 2 times (x 82B)
Class com.google.common.collect.RegularImmutableList                                  : loaded 2 times (x 213B)
Class jdk.internal.jimage.ImageBufferCache                                            : loaded 2 times (x 71B)
Class jdk.internal.jrtfs.JrtPath                                                      : loaded 2 times (x 118B)
Class com.google.common.reflect.Types$ClassOwnership$1LocalClass                      : loaded 2 times (x 71B)
Class com.google.common.collect.Maps$EntryFunction                                    : loaded 2 times (x 91B)
Class org.gradle.internal.classloader.ClasspathUtil                                   : loaded 2 times (x 71B)
Class com.google.common.util.concurrent.Uninterruptibles                              : loaded 2 times (x 71B)
Class com.google.common.collect.AbstractMapBasedMultimap$WrappedSet                   : loaded 2 times (x 142B)
Class com.google.common.util.concurrent.LazyLogger                                    : loaded 2 times (x 72B)
Class com.google.common.collect.Maps                                                  : loaded 2 times (x 71B)
Class org.gradle.api.specs.Spec                                                       : loaded 2 times (x 70B)
Class com.google.common.reflect.Types$JavaVersion                                     : loaded 2 times (x 83B)
Class com.google.common.collect.MapMaker                                              : loaded 2 times (x 72B)
Class [Lcom.google.common.collect.ImmutableEntry;                                     : loaded 2 times (x 69B)
Class com.google.common.cache.LocalCache$LoadingValueReference                        : loaded 2 times (x 96B)
Class com.google.common.reflect.Invokable$MethodInvokable                             : loaded 2 times (x 107B)
Class com.google.common.io.LineReader$1                                               : loaded 2 times (x 75B)
Class com.google.common.collect.CollectSpliterators                                   : loaded 2 times (x 71B)
Class com.google.common.collect.AbstractMapBasedMultimap$AsMap                        : loaded 2 times (x 128B)
Class com.google.common.collect.MapMakerInternalMap$StrongKeyDummyValueEntry          : loaded 2 times (x 82B)
Class com.google.common.base.Platform                                                 : loaded 2 times (x 71B)
Class jdk.internal.jimage.ImageReader$Directory                                       : loaded 2 times (x 84B)
Class com.google.common.collect.AbstractMapBasedMultimap$WrappedList                  : loaded 2 times (x 205B)
Class [Lorg.objectweb.asm.AnnotationWriter;                                           : loaded 2 times (x 69B)
Class com.google.common.collect.Maps$8                                                : loaded 2 times (x 82B)
Class com.google.common.base.Predicates$CompositionPredicate                          : loaded 2 times (x 88B)
Class [Lcom.google.common.collect.Iterators$EmptyModifiableIterator;                  : loaded 2 times (x 69B)
Class com.google.common.collect.Lists$ReverseList$1                                   : loaded 2 times (x 99B)
Class com.google.common.collect.Sets$SetView                                          : loaded 2 times (x 138B)
Class com.google.common.cache.LocalCache$StrongValueReference                         : loaded 2 times (x 90B)
Class com.google.common.graph.SuccessorsFunction                                      : loaded 2 times (x 70B)
Class org.objectweb.asm.Type                                                          : loaded 2 times (x 72B)
Class org.gradle.internal.classloader.VisitableURLClassLoader$InstrumentingVisitableURLClassLoader: loaded 2 times (x 123B)
Class com.google.common.collect.MapMakerInternalMap$StrongKeyDummyValueEntry$Helper   : loaded 2 times (x 79B)
Class com.google.common.io.Files$FileByteSink                                         : loaded 2 times (x 77B)
Class com.google.common.math.IntMath$1                                                : loaded 2 times (x 71B)
Class org.objectweb.asm.ByteVector                                                    : loaded 2 times (x 79B)
Class [Lcom.google.common.cache.CacheBuilder$NullListener;                            : loaded 2 times (x 69B)
Class org.gradle.internal.classloader.VisitableURLClassLoader$Spec                    : loaded 2 times (x 74B)
Class org.gradle.internal.classpath.DefaultClassPath                                  : loaded 2 times (x 90B)
Class com.google.common.reflect.Types$ClassOwnership                                  : loaded 2 times (x 80B)
Class com.google.common.base.AbstractIterator                                         : loaded 2 times (x 80B)
Class org.objectweb.asm.Symbol                                                        : loaded 2 times (x 73B)
Class com.google.common.collect.Sets$FilteredSet                                      : loaded 2 times (x 137B)
Class com.google.common.io.Java8Compatibility                                         : loaded 2 times (x 71B)
Class com.google.common.io.Closer                                                     : loaded 2 times (x 78B)
Class com.google.common.base.CharMatcher$BitSetMatcher                                : loaded 2 times (x 112B)
Class com.google.common.collect.RegularImmutableMap$Values                            : loaded 2 times (x 207B)
Class com.google.common.collect.ImmutableSet                                          : loaded 2 times (x 145B)
Class org.gradle.internal.classloader.ClassLoaderSpec                                 : loaded 2 times (x 71B)
Class org.objectweb.asm.AnnotationWriter                                              : loaded 2 times (x 79B)
Class com.google.common.cache.CacheStats                                              : loaded 2 times (x 71B)
Class com.google.common.collect.ImmutableMultisetGwtSerializationDependencies         : loaded 2 times (x 125B)
Class com.google.common.collect.Interners                                             : loaded 2 times (x 71B)
Class com.google.common.io.Closer$Suppressor                                          : loaded 2 times (x 70B)
Class com.google.common.io.LineProcessor                                              : loaded 2 times (x 70B)
Class org.objectweb.asm.RecordComponentWriter                                         : loaded 2 times (x 78B)
Class com.google.common.util.concurrent.AbstractFuture$Listener                       : loaded 2 times (x 72B)
Class com.google.common.base.CharMatcher$Or                                           : loaded 2 times (x 112B)
Class Settings_gradle$1$1                                                             : loaded 2 times (x 74B)
Class org.objectweb.asm.Attribute                                                     : loaded 2 times (x 77B)
Class com.google.common.base.Supplier                                                 : loaded 2 times (x 70B)
Class org.gradle.internal.classloader.VisitableURLClassLoader                         : loaded 2 times (x 117B)
Class com.google.common.collect.ImmutableList$SerializedForm                          : loaded 2 times (x 73B)
Class Settings_gradle                                                                 : loaded 2 times (x 124B)
Class org.gradle.internal.Cast                                                        : loaded 2 times (x 71B)
Class org.gradle.api.Action                                                           : loaded 2 times (x 70B)
Class com.google.common.collect.HashBiMap                                             : loaded 2 times (x 143B)
Class com.google.common.collect.MapMakerInternalMap                                   : loaded 2 times (x 161B)
Class com.google.common.base.Strings                                                  : loaded 2 times (x 71B)
Class com.google.common.collect.Sets                                                  : loaded 2 times (x 71B)
Class org.objectweb.asm.Handler                                                       : loaded 2 times (x 72B)
Class com.google.common.base.Ticker                                                   : loaded 2 times (x 72B)
Class com.google.common.base.CharMatcher$FastMatcher                                  : loaded 2 times (x 111B)
Class com.google.common.cache.RemovalCause$1                                          : loaded 2 times (x 80B)
Class [Lcom.google.common.cache.LocalCache$Segment;                                   : loaded 2 times (x 69B)
Class [Lcom.google.common.cache.LocalCache$Strength;                                  : loaded 2 times (x 69B)
Class com.google.common.cache.CacheBuilder$1                                          : loaded 2 times (x 85B)
Class com.google.common.base.Predicate                                                : loaded 2 times (x 70B)
Class com.google.common.collect.ImmutableMap                                          : loaded 2 times (x 120B)
Class org.gradle.internal.classpath.DefaultClassPath$ImmutableUniqueList$Builder      : loaded 2 times (x 75B)
Class com.google.common.cache.RemovalCause$2                                          : loaded 2 times (x 80B)
Class com.google.common.collect.MapMakerInternalMap$WeakValueReference                : loaded 2 times (x 70B)
Class com.google.common.cache.LocalCache                                              : loaded 2 times (x 187B)
Class com.google.common.cache.CacheBuilder$2                                          : loaded 2 times (x 79B)
Class com.google.common.base.CharMatcher$NegatedFastMatcher                           : loaded 2 times (x 113B)
Class com.google.common.cache.RemovalCause$3                                          : loaded 2 times (x 80B)
Class com.google.common.collect.ArrayListMultimap                                     : loaded 2 times (x 172B)
Class com.google.common.cache.CacheBuilder$3                                          : loaded 2 times (x 72B)
Class [Lcom.google.common.collect.AbstractMapEntry;                                   : loaded 2 times (x 69B)
Class com.google.common.collect.ImmutableEntry                                        : loaded 2 times (x 82B)
Class org.gradle.api.GradleException                                                  : loaded 2 times (x 82B)
Class jdk.internal.jimage.ImageStrings                                                : loaded 2 times (x 70B)
Class com.google.common.cache.RemovalCause$4                                          : loaded 2 times (x 80B)
Class com.google.common.base.Suppliers$MemoizingSupplier                              : loaded 2 times (x 79B)
Class com.google.common.collect.CollectPreconditions                                  : loaded 2 times (x 71B)
Class com.google.common.cache.RemovalCause$5                                          : loaded 2 times (x 80B)
Class com.google.common.collect.Maps$AbstractFilteredMap                              : loaded 2 times (x 127B)
Class [Lcom.google.common.collect.MapMakerInternalMap$Strength;                       : loaded 2 times (x 69B)
Class [Lcom.google.common.io.FileWriteMode;                                           : loaded 2 times (x 69B)
Class com.google.common.collect.SortedMapDifference                                   : loaded 2 times (x 70B)
Class com.google.common.collect.Iterables$4                                           : loaded 2 times (x 81B)
Class com.google.common.cache.LocalCache$WriteThroughEntry                            : loaded 2 times (x 79B)
Class com.google.common.cache.LocalCache$HashIterator                                 : loaded 2 times (x 86B)
Class com.google.common.collect.MapMakerInternalMap$StrongKeyDummyValueSegment        : loaded 2 times (x 142B)
Class com.google.common.io.Files                                                      : loaded 2 times (x 71B)
Class com.google.common.cache.LocalCache$EntryFactory                                 : loaded 2 times (x 83B)
Class com.google.common.reflect.Types$NativeTypeVariableEquals                        : loaded 2 times (x 71B)
Class com.google.common.reflect.TypeParameter                                         : loaded 2 times (x 72B)
Class com.google.common.collect.Iterables$5                                           : loaded 2 times (x 81B)
Class [Lcom.google.common.collect.MapMaker$Dummy;                                     : loaded 2 times (x 69B)
Class com.google.common.base.CharMatcher$Whitespace                                   : loaded 2 times (x 112B)
Class com.google.common.cache.LocalCache$AbstractReferenceEntry                       : loaded 2 times (x 107B)
Class org.gradle.internal.IoActions                                                   : loaded 2 times (x 71B)
Class com.google.common.collect.ImmutableMapKeySet                                    : loaded 2 times (x 152B)
Class org.objectweb.asm.SymbolTable                                                   : loaded 2 times (x 72B)
Class com.google.common.cache.CacheLoader$InvalidCacheLoadException                   : loaded 2 times (x 82B)
Class com.google.common.collect.ImmutableSet$RegularSetBuilderImpl                    : loaded 2 times (x 77B)
Class org.gradle.internal.classloader.SystemClassLoaderSpec                           : loaded 2 times (x 71B)
Class com.google.common.collect.FluentIterable                                        : loaded 2 times (x 81B)
Class com.google.common.cache.LocalCache$StrongEntry                                  : loaded 2 times (x 108B)
Class com.google.common.util.concurrent.AbstractFuture$TrustedFuture                  : loaded 2 times (x 114B)
Class com.google.common.cache.LoadingCache                                            : loaded 2 times (x 70B)
Class jdk.internal.jrtfs.JrtFileSystem                                                : loaded 2 times (x 102B)
Class com.google.common.io.ByteStreams$LimitedInputStream                             : loaded 2 times (x 92B)
Class com.google.common.base.Suppliers$NonSerializableMemoizingSupplier               : loaded 2 times (x 79B)
Class org.objectweb.asm.MethodWriter                                                  : loaded 2 times (x 106B)
Class [Lcom.google.common.cache.Weigher;                                              : loaded 2 times (x 69B)
Class com.google.common.collect.RegularImmutableMap$BucketOverflowException           : loaded 2 times (x 82B)
Class com.google.common.collect.ImmutableMultimap$1                                   : loaded 2 times (x 82B)
Class com.google.common.collect.AbstractMapBasedMultimap$RandomAccessWrappedList      : loaded 2 times (x 205B)
Class com.google.common.reflect.Types$JavaVersion$1                                   : loaded 2 times (x 83B)
Class com.google.common.collect.AbstractIterator$State                                : loaded 2 times (x 79B)
Class com.google.common.collect.ImmutableMultimap$2                                   : loaded 2 times (x 81B)
Class com.google.common.collect.RegularImmutableBiMap                                 : loaded 2 times (x 149B)
Class com.google.common.cache.LocalCache$ValueReference                               : loaded 2 times (x 70B)
Class com.google.common.base.CharMatcher$Is                                           : loaded 2 times (x 111B)
Class com.google.common.base.CharMatcher$Negated                                      : loaded 2 times (x 113B)
Class com.google.common.reflect.Types$JavaVersion$2                                   : loaded 2 times (x 83B)
Class com.google.common.reflect.Types                                                 : loaded 2 times (x 71B)
Class com.google.common.hash.PrimitiveSink                                            : loaded 2 times (x 70B)
Class com.google.common.base.PatternCompiler                                          : loaded 2 times (x 70B)
Class com.google.common.util.concurrent.AbstractFuture$Failure                        : loaded 2 times (x 72B)
Class com.google.common.base.Equivalence$Equals                                       : loaded 2 times (x 82B)
Class com.google.common.collect.Hashing                                               : loaded 2 times (x 71B)
Class com.google.common.base.Preconditions                                            : loaded 2 times (x 71B)
Class com.google.common.reflect.Types$JavaVersion$3                                   : loaded 2 times (x 83B)
Class com.google.common.collect.ImmutableSetMultimap                                  : loaded 2 times (x 180B)
Class com.google.common.io.CharSink                                                   : loaded 2 times (x 79B)
Class com.google.common.base.Joiner$1                                                 : loaded 2 times (x 80B)
Class org.objectweb.asm.Label                                                         : loaded 2 times (x 73B)
Class org.objectweb.asm.CurrentFrame                                                  : loaded 2 times (x 73B)
Class org.objectweb.asm.ClassTooLargeException                                        : loaded 2 times (x 83B)
Class com.google.common.base.CharMatcher                                              : loaded 2 times (x 111B)
Class com.google.common.collect.PeekingIterator                                       : loaded 2 times (x 70B)
Class com.google.common.reflect.Types$JavaVersion$4                                   : loaded 2 times (x 83B)
Class com.google.common.collect.MapMakerInternalMap$InternalEntryHelper               : loaded 2 times (x 70B)
Class com.google.common.collect.Maps$IteratorBasedAbstractMap                         : loaded 2 times (x 125B)
Class com.google.common.collect.Table                                                 : loaded 2 times (x 70B)
Class com.google.common.base.Joiner$2                                                 : loaded 2 times (x 79B)
Class org.objectweb.asm.Frame                                                         : loaded 2 times (x 73B)
Class org.objectweb.asm.MethodVisitor                                                 : loaded 2 times (x 105B)
Class com.google.common.cache.LocalCache$EntryFactory$1                               : loaded 2 times (x 83B)
Class [Lcom.google.common.cache.RemovalListener;                                      : loaded 2 times (x 69B)
Class com.google.common.base.CharMatcher$1                                            : loaded 2 times (x 113B)
Class com.google.common.base.CharMatcher$NamedFastMatcher                             : loaded 2 times (x 112B)
Class com.google.common.reflect.Types$JavaVersion$5                                   : loaded 2 times (x 71B)
Class [Lcom.google.common.reflect.Types$ClassOwnership;                               : loaded 2 times (x 69B)
Class com.google.common.cache.LocalCache$EntryFactory$2                               : loaded 2 times (x 83B)
Class org.gradle.api.internal.classpath.GlobalCacheRootsProvider                      : loaded 2 times (x 70B)
Class org.objectweb.asm.ModuleWriter                                                  : loaded 2 times (x 82B)
Class com.google.common.cache.LocalCache$EntryFactory$3                               : loaded 2 times (x 83B)
Class com.google.common.base.Ticker$1                                                 : loaded 2 times (x 72B)
Class com.google.common.collect.Maps$BiMapConverter                                   : loaded 2 times (x 90B)
Class com.google.common.collect.ImmutableMapEntrySet$RegularEntrySet                  : loaded 2 times (x 152B)
Class com.google.common.collect.CollectSpliterators$1                                 : loaded 2 times (x 90B)
Class com.google.common.collect.SetMultimap                                           : loaded 2 times (x 70B)
Class com.google.common.collect.ImmutableSet$Builder                                  : loaded 2 times (x 85B)
Class com.google.common.cache.LocalCache$EntryFactory$4                               : loaded 2 times (x 83B)
Class com.google.common.base.CharMatcher$InRange                                      : loaded 2 times (x 111B)
Class com.google.common.io.ByteStreams$1                                              : loaded 2 times (x 85B)
Class com.google.common.cache.LocalCache$EntryFactory$5                               : loaded 2 times (x 83B)
Class com.google.common.io.LineReader                                                 : loaded 2 times (x 72B)
Class com.google.common.collect.HashMultimap                                          : loaded 2 times (x 174B)
Class com.google.common.cache.LocalCache$EntryFactory$6                               : loaded 2 times (x 83B)
Class org.gradle.internal.installation.CurrentGradleInstallationLocator               : loaded 2 times (x 71B)
Class com.google.common.collect.ImmutableMultimap$Builder                             : loaded 2 times (x 86B)
Class com.google.common.collect.Maps$KeySet                                           : loaded 2 times (x 137B)
Class com.google.common.collect.ImmutableSet$EmptySetBuilderImpl                      : loaded 2 times (x 76B)
Class com.google.common.cache.LocalCache$EntryFactory$7                               : loaded 2 times (x 83B)
Class com.google.common.collect.ImmutableList                                         : loaded 2 times (x 206B)
Class ijKotlinCoroutineJvmDebugInit1_3r555txrkec48jksjum4n4vky                        : loaded 2 times (x 171B)
Class org.gradle.internal.service.DefaultServiceLocator                               : loaded 2 times (x 83B)
Class com.google.common.collect.ImmutableMultimap$EntryCollection                     : loaded 2 times (x 128B)
Class com.google.common.collect.Maps$EntrySet                                         : loaded 2 times (x 136B)
Class com.google.common.cache.LocalCache$EntryFactory$8                               : loaded 2 times (x 83B)
Class com.google.common.collect.ImmutableSet$SetBuilderImpl                           : loaded 2 times (x 76B)
Class org.gradle.internal.installation.CurrentGradleInstallation                      : loaded 2 times (x 73B)
Class com.google.common.cache.CacheLoader$1                                           : loaded 2 times (x 75B)
Class com.google.common.collect.ForwardingObject                                      : loaded 2 times (x 72B)
Class com.google.common.collect.ImmutableList$SubList                                 : loaded 2 times (x 209B)
Class org.gradle.util.internal.GUtil                                                  : loaded 2 times (x 71B)
Class com.google.common.io.ByteSource                                                 : loaded 2 times (x 84B)
Class com.google.common.cache.AbstractCache$StatsCounter                              : loaded 2 times (x 70B)
Class com.google.common.reflect.Types$TypeVariableImpl                                : loaded 2 times (x 72B)
Class com.google.common.io.LineBuffer                                                 : loaded 2 times (x 75B)
Class com.google.common.collect.MapMakerInternalMap$1                                 : loaded 2 times (x 83B)
Class com.google.common.collect.Iterators$MergingIterator                             : loaded 2 times (x 81B)
Class com.google.common.collect.RegularImmutableSet                                   : loaded 2 times (x 149B)
Class org.gradle.internal.installation.GradleInstallation                             : loaded 2 times (x 75B)
Class com.google.common.base.Splitter$Strategy                                        : loaded 2 times (x 70B)
Class com.google.common.collect.Iterables                                             : loaded 2 times (x 71B)
Class com.google.common.collect.Lists$RandomAccessReverseList                         : loaded 2 times (x 200B)

---------------  S Y S T E M  ---------------

OS:
 Windows 11 , 64 bit Build 26100 (10.0.26100.7705)
OS uptime: 0 days 0:43 hours
Hyper-V role detected

CPU: total 16 (initial active 16) (8 cores per cpu, 2 threads per core) family 6 model 154 stepping 3 microcode 0x437, cx8, cmov, fxsr, ht, mmx, 3dnowpref, sse, sse2, sse3, ssse3, sse4.1, sse4.2, popcnt, lzcnt, tsc, tscinvbit, avx, avx2, aes, erms, clmul, bmi1, bmi2, adx, sha, fma, vzeroupper, clflush, clflushopt, clwb, hv, serialize, rdtscp, rdpid, fsrm, f16c, cet_ibt, cet_ss
Processor Information for the first 16 processors :
  Max Mhz: 2500, Current Mhz: 2500, Mhz Limit: 2500

Memory: 4k page, system-wide physical 16068M (1014M free)
TotalPageFile size 16068M (AvailPageFile size 8M)
current process WorkingSet (physical memory assigned to process): 738M, peak: 745M
current process commit charge ("private bytes"): 787M, peak: 793M

vm_info: OpenJDK 64-Bit Server VM (21.0.8+-14196175-b1038.72) for windows-amd64 JRE (21.0.8+-14196175-b1038.72), built on 2025-10-01T10:24:33Z by "builder" with MS VC++ 16.10 / 16.11 (VS2019)

END.
