#
# There is insufficient memory for the Java Runtime Environment to continue.
# Native memory allocation (malloc) failed to allocate 1692656 bytes. Error detail: Chunk::new
# Possible reasons:
#   The system is out of physical RAM or swap space
#   This process is running with CompressedOops enabled, and the Java Heap may be blocking the growth of the native heap
# Possible solutions:
#   Reduce memory load on the system
#   Increase physical memory or swap space
#   Check if swap backing store is full
#   Decrease Java heap size (-Xmx/-Xms)
#   Decrease number of Java threads
#   Decrease Java thread stack sizes (-Xss)
#   Set larger code cache with -XX:ReservedCodeCacheSize=
#   JVM is running with Unscaled Compressed Oops mode in which the Java heap is
#     placed in the first 4GB address space. The Java Heap base address is the
#     maximum limit for the native heap growth. Please use -XX:HeapBaseMinAddress
#     to set the Java Heap base and to place the Java Heap above 4GB virtual address.
# This output file may be truncated or incomplete.
#
#  Out of Memory Error (arena.cpp:168), pid=3448, tid=22016
#
# JRE version: OpenJDK Runtime Environment (21.0.8) (build 21.0.8+-14196175-b1038.72)
# Java VM: OpenJDK 64-Bit Server VM (21.0.8+-14196175-b1038.72, mixed mode, tiered, compressed oops, compressed class ptrs, g1 gc, windows-amd64)
# No core dump will be written. Minidumps are not enabled by default on client versions of Windows
#

---------------  S U M M A R Y ------------

Command Line: --add-opens=java.base/java.lang=ALL-UNNAMED --add-opens=java.base/java.lang.invoke=ALL-UNNAMED --add-opens=java.base/java.util=ALL-UNNAMED --add-opens=java.prefs/java.util.prefs=ALL-UNNAMED --add-exports=jdk.compiler/com.sun.tools.javac.api=ALL-UNNAMED --add-exports=jdk.compiler/com.sun.tools.javac.util=ALL-UNNAMED --add-opens=java.base/java.util=ALL-UNNAMED --add-opens=java.prefs/java.util.prefs=ALL-UNNAMED --add-opens=java.base/java.nio.charset=ALL-UNNAMED --add-opens=java.base/java.net=ALL-UNNAMED --add-opens=java.base/java.util.concurrent=ALL-UNNAMED --add-opens=java.base/java.util.concurrent.atomic=ALL-UNNAMED --add-opens=java.xml/javax.xml.namespace=ALL-UNNAMED --add-opens=java.base/java.time=ALL-UNNAMED -Xmx1024m -Dfile.encoding=UTF-8 -Duser.country=IN -Duser.language=en -Duser.variant -javaagent:C:\Users\twist\.gradle\wrapper\dists\gradle-9.1.0-bin\9agqghryom9wkf8r80qlhnts3\gradle-9.1.0\lib\agents\gradle-instrumentation-agent-9.1.0.jar org.gradle.launcher.daemon.bootstrap.GradleDaemon 9.1.0

Host: 12th Gen Intel(R) Core(TM) i5-12500H, 16 cores, 15G,  Windows 11 , 64 bit Build 26100 (10.0.26100.7705)
Time: Mon Feb  9 23:28:42 2026 India Standard Time elapsed time: 1295.835362 seconds (0d 0h 21m 35s)

---------------  T H R E A D  ---------------

Current thread (0x000001acf20f4d60):  JavaThread "C2 CompilerThread0" daemon [_thread_in_native, id=22016, stack(0x00000047b9e00000,0x00000047b9f00000) (1024K)]


Current CompileTask:
C2:1295835 34629 %     4       org.gradle.api.internal.tasks.compile.incremental.deps.ClassSetAnalysisData::reduceToTypesAffecting @ 42 (578 bytes)

Stack: [0x00000047b9e00000,0x00000047b9f00000]
Native frames: (J=compiled Java code, j=interpreted, Vv=VM code, C=native code)
V  [jvm.dll+0x6d68d9]
V  [jvm.dll+0x866693]
V  [jvm.dll+0x868c4e]
V  [jvm.dll+0x869333]
V  [jvm.dll+0x280566]
V  [jvm.dll+0xc07cd]
V  [jvm.dll+0xc0d03]
V  [jvm.dll+0x3b95e1]
V  [jvm.dll+0x385507]
V  [jvm.dll+0x38497a]
V  [jvm.dll+0x249252]
V  [jvm.dll+0x248821]
V  [jvm.dll+0x1c73a4]
V  [jvm.dll+0x257f9e]
V  [jvm.dll+0x2564e6]
V  [jvm.dll+0x3f4696]
V  [jvm.dll+0x80eac8]
V  [jvm.dll+0x6d512d]
C  [ucrtbase.dll+0x37b0]
C  [KERNEL32.DLL+0x2e8d7]
C  [ntdll.dll+0x8c40c]


---------------  P R O C E S S  ---------------

Threads class SMR info:
_java_thread_list=0x000001acf418c250, length=164, elements={
0x000001acd49f8010, 0x000001acf20d3cb0, 0x000001acf20e31a0, 0x000001acf20ecfa0,
0x000001acf20efa60, 0x000001acf20f04c0, 0x000001acf20f1a90, 0x000001acf20f3060,
0x000001acf20f4d60, 0x000001acf20f5930, 0x000001acf24a7dc0, 0x000001acf4bc5060,
0x000001acf4bc56f0, 0x000001acf4bc5d80, 0x000001acf4b66080, 0x000001acf4b66da0,
0x000001acf4b6c980, 0x000001acf4b69b90, 0x000001acf4b6af40, 0x000001acf4b6b5d0,
0x000001acf5aebe30, 0x000001acf5aecb50, 0x000001acf5ae96d0, 0x000001acf8385100,
0x000001acf8386b40, 0x000001acf5194560, 0x000001acf5192b20, 0x000001acf5194bf0,
0x000001acf8a7eab0, 0x000001acffdba9f0, 0x000001ac87d5ef40, 0x000001ac87d5db90,
0x000001ac87d76550, 0x000001ac80b1ce20, 0x000001ac80b1db40, 0x000001ac80b1e860,
0x000001ac80b1e1d0, 0x000001ac80b1ba70, 0x000001ac80b1c100, 0x000001ac80b202a0,
0x000001ac80b20930, 0x000001ac80b22a00, 0x000001ac80b20fc0, 0x000001ac80b21650,
0x000001ac80b22370, 0x000001ac87d62a50, 0x000001ac87d61d30, 0x000001ac87d63e00,
0x000001ac87d60980, 0x000001ac87d623c0, 0x000001ac87d630e0, 0x000001ac87d61010,
0x000001ac87d63770, 0x000001ac87d64490, 0x000001acf518ecc0, 0x000001acf3627660,
0x000001ac87d64b20, 0x000001ac87d616a0, 0x000001ac87d67fa0, 0x000001ac87d65ed0,
0x000001ac87d65840, 0x000001ac87d651b0, 0x000001ac87d68630, 0x000001ac87d66560,
0x000001ac87d67280, 0x000001ac87d68cc0, 0x000001ac87d699e0, 0x000001ac87d67910,
0x000001ac87d69350, 0x000001ac87d6a070, 0x000001ac87d66bf0, 0x000001acff967cb0,
0x000001ac87d6ad90, 0x000001ac87d6b420, 0x000001ac87d6db80, 0x000001ac87d6a700,
0x000001ac87d6bab0, 0x000001ac87d6ef30, 0x000001ac87d6e8a0, 0x000001ac87d6f5c0,
0x000001ac87d6e210, 0x000001ac87d6c140, 0x000001ac87d6fc50, 0x000001ac87d6c7d0,
0x000001ac87d702e0, 0x000001ac87d6ce60, 0x000001ac87d6d4f0, 0x000001acf88b4250,
0x000001ac87d71000, 0x000001ac87d70970, 0x000001ac87d71d20, 0x000001ac87d73760,
0x000001ac87d71690, 0x000001ac87d72a40, 0x000001ac87d730d0, 0x000001ac87d74b10,
0x000001ac87d723b0, 0x000001ac87d73df0, 0x000001ac87d74480, 0x000001ac87d751a0,
0x000001ac87d75830, 0x000001acffdbb080, 0x000001acffdb8920, 0x000001acffdb9cd0,
0x000001acffdbb710, 0x000001acffdbc430, 0x000001acffdbbda0, 0x000001acffdb8fb0,
0x000001acffdbcac0, 0x000001acffdb9640, 0x000001acffdbd150, 0x000001acffdbd7e0,
0x000001acffdba360, 0x000001acffdc0c60, 0x000001acffdbff40, 0x000001acffdc05d0,
0x000001acffdbf220, 0x000001acffdc12f0, 0x000001acffdbde70, 0x000001acffdc1980,
0x000001acffdbeb90, 0x000001acffdbe500, 0x000001acffdc2d30, 0x000001acffdc26a0,
0x000001acffdc2010, 0x000001acffdbf8b0, 0x000001acffdc61b0, 0x000001acffdc6840,
0x000001acffdc33c0, 0x000001acffdc5490, 0x000001acffdc4e00, 0x000001acffdc5b20,
0x000001acffdc6ed0, 0x000001acffdc3a50, 0x000001acffdc7560, 0x000001acffdc40e0,
0x000001acffdc7bf0, 0x000001acffdc4770, 0x000001ac804b9be0, 0x000001ac804ba270,
0x000001ac804baf90, 0x000001ac804bb620, 0x000001ac804b9550, 0x000001ac804bbcb0,
0x000001ac804bf7c0, 0x000001ac804bfe50, 0x000001ac804beaa0, 0x000001ac804bd060,
0x000001ac804bf130, 0x000001ac804bdd80, 0x000001ac804bc9d0, 0x000001ac804be410,
0x000001ac804c04e0, 0x000001ac804c0b70, 0x000001ac804bd6f0, 0x000001ac804c32d0,
0x000001ac804c3960, 0x000001ac804c4680, 0x000001ac804c3ff0, 0x000001ac804c4d10,
0x000001ac804c1890, 0x000001ac804c2c40, 0x000001ac804c5a30, 0x000001ac804c25b0
}

Java Threads: ( => current thread )
  0x000001acd49f8010 JavaThread "main"                              [_thread_blocked, id=19932, stack(0x00000047b8f00000,0x00000047b9000000) (1024K)]
  0x000001acf20d3cb0 JavaThread "Common-Cleaner"             daemon [_thread_blocked, id=16224, stack(0x00000047b9700000,0x00000047b9800000) (1024K)]
  0x000001acf20e31a0 JavaThread "Reference Handler"          daemon [_thread_blocked, id=17316, stack(0x00000047b9800000,0x00000047b9900000) (1024K)]
  0x000001acf20ecfa0 JavaThread "Finalizer"                  daemon [_thread_blocked, id=5328, stack(0x00000047b9900000,0x00000047b9a00000) (1024K)]
  0x000001acf20efa60 JavaThread "Signal Dispatcher"          daemon [_thread_blocked, id=14452, stack(0x00000047b9a00000,0x00000047b9b00000) (1024K)]
  0x000001acf20f04c0 JavaThread "Attach Listener"            daemon [_thread_blocked, id=15684, stack(0x00000047b9b00000,0x00000047b9c00000) (1024K)]
  0x000001acf20f1a90 JavaThread "Service Thread"             daemon [_thread_blocked, id=17024, stack(0x00000047b9c00000,0x00000047b9d00000) (1024K)]
  0x000001acf20f3060 JavaThread "Monitor Deflation Thread"   daemon [_thread_blocked, id=15716, stack(0x00000047b9d00000,0x00000047b9e00000) (1024K)]
=>0x000001acf20f4d60 JavaThread "C2 CompilerThread0"         daemon [_thread_in_native, id=22016, stack(0x00000047b9e00000,0x00000047b9f00000) (1024K)]
  0x000001acf20f5930 JavaThread "C1 CompilerThread0"         daemon [_thread_blocked, id=16004, stack(0x00000047b9f00000,0x00000047ba000000) (1024K)]
  0x000001acf24a7dc0 JavaThread "Notification Thread"        daemon [_thread_blocked, id=5764, stack(0x00000047ba200000,0x00000047ba300000) (1024K)]
  0x000001acf4bc5060 JavaThread "Daemon health stats"               [_thread_blocked, id=20528, stack(0x00000047bac00000,0x00000047bad00000) (1024K)]
  0x000001acf4bc56f0 JavaThread "Incoming local TCP Connector on port 50773"        [_thread_in_native, id=21768, stack(0x00000047bad00000,0x00000047bae00000) (1024K)]
  0x000001acf4bc5d80 JavaThread "Daemon periodic checks"            [_thread_blocked, id=14604, stack(0x00000047bae00000,0x00000047baf00000) (1024K)]
  0x000001acf4b66080 JavaThread "Cache worker for journal cache (C:\Users\twist\.gradle\caches\journal-1)"        [_thread_blocked, id=18116, stack(0x00000047bbf00000,0x00000047bc000000) (1024K)]
  0x000001acf4b66da0 JavaThread "File lock request listener"        [_thread_in_native, id=16392, stack(0x00000047bc000000,0x00000047bc100000) (1024K)]
  0x000001acf4b6c980 JavaThread "Cache worker for file hash cache (C:\Users\twist\.gradle\caches\9.1.0\fileHashes)"        [_thread_blocked, id=15028, stack(0x00000047bc100000,0x00000047bc200000) (1024K)]
  0x000001acf4b69b90 JavaThread "File watcher server"        daemon [_thread_in_native, id=11964, stack(0x00000047bc400000,0x00000047bc500000) (1024K)]
  0x000001acf4b6af40 JavaThread "File watcher consumer"      daemon [_thread_blocked, id=12708, stack(0x00000047bc500000,0x00000047bc600000) (1024K)]
  0x000001acf4b6b5d0 JavaThread "Cache worker for file content cache (C:\Users\twist\.gradle\caches\9.1.0\fileContent)"        [_thread_blocked, id=15420, stack(0x00000047bc700000,0x00000047bc800000) (1024K)]
  0x000001acf5aebe30 JavaThread "jar transforms"                    [_thread_blocked, id=10204, stack(0x00000047bca00000,0x00000047bcb00000) (1024K)]
  0x000001acf5aecb50 JavaThread "jar transforms Thread 2"           [_thread_blocked, id=10404, stack(0x00000047bcb00000,0x00000047bcc00000) (1024K)]
  0x000001acf5ae96d0 JavaThread "jar transforms Thread 3"           [_thread_blocked, id=2128, stack(0x00000047bcc00000,0x00000047bcd00000) (1024K)]
  0x000001acf8385100 JavaThread "jar transforms Thread 4"           [_thread_blocked, id=2052, stack(0x00000047bd700000,0x00000047bd800000) (1024K)]
  0x000001acf8386b40 JavaThread "jar transforms Thread 5"           [_thread_blocked, id=2400, stack(0x00000047bd800000,0x00000047bd900000) (1024K)]
  0x000001acf5194560 JavaThread "jar transforms Thread 6"           [_thread_blocked, id=8488, stack(0x00000047bde00000,0x00000047bdf00000) (1024K)]
  0x000001acf5192b20 JavaThread "jar transforms Thread 7"           [_thread_blocked, id=22036, stack(0x00000047bdf00000,0x00000047be000000) (1024K)]
  0x000001acf5194bf0 JavaThread "jar transforms Thread 8"           [_thread_blocked, id=21388, stack(0x00000047be000000,0x00000047be100000) (1024K)]
  0x000001acf8a7eab0 JavaThread "Memory manager"                    [_thread_blocked, id=17880, stack(0x00000047c0e00000,0x00000047c0f00000) (1024K)]
  0x000001acffdba9f0 JavaThread "Cache worker for Java compile cache (C:\Users\twist\.gradle\caches\9.1.0\javaCompile)"        [_thread_blocked, id=12904, stack(0x00000047c9000000,0x00000047c9100000) (1024K)]
  0x000001ac87d5ef40 JavaThread "Daemon Thread 5"                   [_thread_blocked, id=22012, stack(0x00000047b8c00000,0x00000047b8d00000) (1024K)]
  0x000001ac87d5db90 JavaThread "Daemon worker Thread 5"            [_thread_blocked, id=2112, stack(0x00000047ba000000,0x00000047ba100000) (1024K)]
  0x000001ac87d76550 JavaThread "included builds"                   [_thread_blocked, id=18768, stack(0x00000047bf700000,0x00000047bf800000) (1024K)]
  0x000001ac80b1ce20 JavaThread "VFS cleanup Thread 5"              [_thread_blocked, id=9600, stack(0x00000047ba100000,0x00000047ba200000) (1024K)]
  0x000001ac80b1db40 JavaThread "Handler for socket connection from /127.0.0.1:50773 to /127.0.0.1:54303"        [_thread_in_native, id=11552, stack(0x00000047b8d00000,0x00000047b8e00000) (1024K)]
  0x000001ac80b1e860 JavaThread "Cancel handler"                    [_thread_blocked, id=2324, stack(0x00000047b8e00000,0x00000047b8f00000) (1024K)]
  0x000001ac80b1e1d0 JavaThread "Asynchronous log dispatcher for DefaultDaemonConnection: socket connection from /127.0.0.1:50773 to /127.0.0.1:54303"        [_thread_blocked, id=13256, stack(0x00000047ba300000,0x00000047ba400000) (1024K)]
  0x000001ac80b1ba70 JavaThread "Stdin handler"                     [_thread_blocked, id=11868, stack(0x00000047ba400000,0x00000047ba500000) (1024K)]
  0x000001ac80b1c100 JavaThread "Daemon client event forwarder"        [_thread_blocked, id=21088, stack(0x00000047ba500000,0x00000047ba600000) (1024K)]
  0x000001ac80b202a0 JavaThread "Cache worker for file hash cache (C:\HOME\B230267CS-6\Courses\SE_Lab\Real_App\.gradle\9.1.0\fileHashes)"        [_thread_blocked, id=20108, stack(0x00000047bab00000,0x00000047bac00000) (1024K)]
  0x000001ac80b20930 JavaThread "Cache worker for Build Output Cleanup Cache (C:\HOME\B230267CS-6\Courses\SE_Lab\Real_App\.gradle\buildOutputCleanup)"        [_thread_blocked, id=16876, stack(0x00000047baf00000,0x00000047bb000000) (1024K)]
  0x000001ac80b22a00 JavaThread "Cache worker for checksums cache (C:\HOME\B230267CS-6\Courses\SE_Lab\Real_App\.gradle\9.1.0\checksums)"        [_thread_blocked, id=20396, stack(0x00000047bb000000,0x00000047bb100000) (1024K)]
  0x000001ac80b20fc0 JavaThread "Cache worker for cache directory md-supplier (C:\Users\twist\.gradle\caches\9.1.0\md-supplier)"        [_thread_blocked, id=1540, stack(0x00000047bb100000,0x00000047bb200000) (1024K)]
  0x000001ac80b21650 JavaThread "Cache worker for cache directory md-rule (C:\Users\twist\.gradle\caches\9.1.0\md-rule)"        [_thread_blocked, id=7472, stack(0x00000047bb200000,0x00000047bb300000) (1024K)]
  0x000001ac80b22370 JavaThread "Unconstrained build operations"        [_thread_blocked, id=4440, stack(0x00000047bb300000,0x00000047bb400000) (1024K)]
  0x000001ac87d62a50 JavaThread "Unconstrained build operations Thread 2"        [_thread_blocked, id=22000, stack(0x00000047bb400000,0x00000047bb500000) (1024K)]
  0x000001ac87d61d30 JavaThread "Unconstrained build operations Thread 3"        [_thread_blocked, id=16640, stack(0x00000047bb500000,0x00000047bb600000) (1024K)]
  0x000001ac87d63e00 JavaThread "Unconstrained build operations Thread 4"        [_thread_blocked, id=7588, stack(0x00000047bc200000,0x00000047bc300000) (1024K)]
  0x000001ac87d60980 JavaThread "Unconstrained build operations Thread 5"        [_thread_blocked, id=15784, stack(0x00000047bc300000,0x00000047bc400000) (1024K)]
  0x000001ac87d623c0 JavaThread "Unconstrained build operations Thread 6"        [_thread_blocked, id=14788, stack(0x00000047bc600000,0x00000047bc700000) (1024K)]
  0x000001ac87d630e0 JavaThread "Unconstrained build operations Thread 7"        [_thread_blocked, id=11588, stack(0x00000047bc800000,0x00000047bc900000) (1024K)]
  0x000001ac87d61010 JavaThread "Unconstrained build operations Thread 8"        [_thread_blocked, id=20712, stack(0x00000047bc900000,0x00000047bca00000) (1024K)]
  0x000001ac87d63770 JavaThread "Unconstrained build operations Thread 9"        [_thread_blocked, id=15960, stack(0x00000047bcd00000,0x00000047bce00000) (1024K)]
  0x000001ac87d64490 JavaThread "Unconstrained build operations Thread 10"        [_thread_blocked, id=18112, stack(0x00000047bce00000,0x00000047bcf00000) (1024K)]
  0x000001acf518ecc0 JavaThread "C1 CompilerThread1"         daemon [_thread_blocked, id=19716, stack(0x00000047bcf00000,0x00000047bd000000) (1024K)]
  0x000001acf3627660 JavaThread "C1 CompilerThread2"         daemon [_thread_blocked, id=17156, stack(0x00000047bd000000,0x00000047bd100000) (1024K)]
  0x000001ac87d64b20 JavaThread "Unconstrained build operations Thread 11"        [_thread_blocked, id=468, stack(0x00000047bd100000,0x00000047bd200000) (1024K)]
  0x000001ac87d616a0 JavaThread "Unconstrained build operations Thread 12"        [_thread_blocked, id=9560, stack(0x00000047bd200000,0x00000047bd300000) (1024K)]
  0x000001ac87d67fa0 JavaThread "Unconstrained build operations Thread 13"        [_thread_blocked, id=22420, stack(0x00000047bd300000,0x00000047bd400000) (1024K)]
  0x000001ac87d65ed0 JavaThread "Unconstrained build operations Thread 14"        [_thread_blocked, id=20536, stack(0x00000047bd400000,0x00000047bd500000) (1024K)]
  0x000001ac87d65840 JavaThread "Unconstrained build operations Thread 15"        [_thread_blocked, id=17832, stack(0x00000047bd500000,0x00000047bd600000) (1024K)]
  0x000001ac87d651b0 JavaThread "Unconstrained build operations Thread 16"        [_thread_blocked, id=3252, stack(0x00000047bd600000,0x00000047bd700000) (1024K)]
  0x000001ac87d68630 JavaThread "Unconstrained build operations Thread 17"        [_thread_blocked, id=6512, stack(0x00000047bd900000,0x00000047bda00000) (1024K)]
  0x000001ac87d66560 JavaThread "Unconstrained build operations Thread 18"        [_thread_blocked, id=20948, stack(0x00000047bda00000,0x00000047bdb00000) (1024K)]
  0x000001ac87d67280 JavaThread "Unconstrained build operations Thread 19"        [_thread_blocked, id=20072, stack(0x00000047bdb00000,0x00000047bdc00000) (1024K)]
  0x000001ac87d68cc0 JavaThread "Unconstrained build operations Thread 20"        [_thread_blocked, id=18712, stack(0x00000047bdc00000,0x00000047bdd00000) (1024K)]
  0x000001ac87d699e0 JavaThread "Unconstrained build operations Thread 21"        [_thread_blocked, id=1796, stack(0x00000047bdd00000,0x00000047bde00000) (1024K)]
  0x000001ac87d67910 JavaThread "Unconstrained build operations Thread 22"        [_thread_blocked, id=11712, stack(0x00000047be100000,0x00000047be200000) (1024K)]
  0x000001ac87d69350 JavaThread "Unconstrained build operations Thread 23"        [_thread_blocked, id=9360, stack(0x00000047be200000,0x00000047be300000) (1024K)]
  0x000001ac87d6a070 JavaThread "Unconstrained build operations Thread 24"        [_thread_blocked, id=14092, stack(0x00000047be300000,0x00000047be400000) (1024K)]
  0x000001ac87d66bf0 JavaThread "Unconstrained build operations Thread 25"        [_thread_blocked, id=5196, stack(0x00000047be400000,0x00000047be500000) (1024K)]
  0x000001acff967cb0 JavaThread "C2 CompilerThread1"         daemon [_thread_blocked, id=17224, stack(0x00000047be500000,0x00000047be600000) (1024K)]
  0x000001ac87d6ad90 JavaThread "Unconstrained build operations Thread 26"        [_thread_blocked, id=11252, stack(0x00000047be600000,0x00000047be700000) (1024K)]
  0x000001ac87d6b420 JavaThread "Unconstrained build operations Thread 27"        [_thread_blocked, id=22424, stack(0x00000047be700000,0x00000047be800000) (1024K)]
  0x000001ac87d6db80 JavaThread "Unconstrained build operations Thread 28"        [_thread_blocked, id=7240, stack(0x00000047be800000,0x00000047be900000) (1024K)]
  0x000001ac87d6a700 JavaThread "Unconstrained build operations Thread 29"        [_thread_blocked, id=3988, stack(0x00000047be900000,0x00000047bea00000) (1024K)]
  0x000001ac87d6bab0 JavaThread "Unconstrained build operations Thread 30"        [_thread_blocked, id=21588, stack(0x00000047bea00000,0x00000047beb00000) (1024K)]
  0x000001ac87d6ef30 JavaThread "Unconstrained build operations Thread 31"        [_thread_blocked, id=2172, stack(0x00000047beb00000,0x00000047bec00000) (1024K)]
  0x000001ac87d6e8a0 JavaThread "Unconstrained build operations Thread 32"        [_thread_blocked, id=22100, stack(0x00000047bec00000,0x00000047bed00000) (1024K)]
  0x000001ac87d6f5c0 JavaThread "Unconstrained build operations Thread 33"        [_thread_blocked, id=15380, stack(0x00000047bed00000,0x00000047bee00000) (1024K)]
  0x000001ac87d6e210 JavaThread "Unconstrained build operations Thread 34"        [_thread_blocked, id=21624, stack(0x00000047bee00000,0x00000047bef00000) (1024K)]
  0x000001ac87d6c140 JavaThread "Unconstrained build operations Thread 35"        [_thread_blocked, id=21320, stack(0x00000047bef00000,0x00000047bf000000) (1024K)]
  0x000001ac87d6fc50 JavaThread "Unconstrained build operations Thread 36"        [_thread_blocked, id=10796, stack(0x00000047bf000000,0x00000047bf100000) (1024K)]
  0x000001ac87d6c7d0 JavaThread "Unconstrained build operations Thread 37"        [_thread_blocked, id=17612, stack(0x00000047bf100000,0x00000047bf200000) (1024K)]
  0x000001ac87d702e0 JavaThread "Unconstrained build operations Thread 38"        [_thread_blocked, id=20308, stack(0x00000047bf200000,0x00000047bf300000) (1024K)]
  0x000001ac87d6ce60 JavaThread "Unconstrained build operations Thread 39"        [_thread_blocked, id=20828, stack(0x00000047bf300000,0x00000047bf400000) (1024K)]
  0x000001ac87d6d4f0 JavaThread "Unconstrained build operations Thread 40"        [_thread_blocked, id=18320, stack(0x00000047bf400000,0x00000047bf500000) (1024K)]
  0x000001acf88b4250 JavaThread "C2 CompilerThread2"         daemon [_thread_blocked, id=21336, stack(0x00000047bf500000,0x00000047bf600000) (1024K)]
  0x000001ac87d71000 JavaThread "build event listener"              [_thread_blocked, id=4576, stack(0x00000047bf600000,0x00000047bf700000) (1024K)]
  0x000001ac87d70970 JavaThread "build event listener"              [_thread_blocked, id=12100, stack(0x00000047bf800000,0x00000047bf900000) (1024K)]
  0x000001ac87d71d20 JavaThread "included builds"                   [_thread_blocked, id=17192, stack(0x00000047bf900000,0x00000047bfa00000) (1024K)]
  0x000001ac87d73760 JavaThread "Execution worker"                  [_thread_blocked, id=18788, stack(0x00000047bfa00000,0x00000047bfb00000) (1024K)]
  0x000001ac87d71690 JavaThread "Execution worker Thread 2"         [_thread_blocked, id=9284, stack(0x00000047bfb00000,0x00000047bfc00000) (1024K)]
  0x000001ac87d72a40 JavaThread "Execution worker Thread 3"         [_thread_blocked, id=4520, stack(0x00000047bfc00000,0x00000047bfd00000) (1024K)]
  0x000001ac87d730d0 JavaThread "Execution worker Thread 4"         [_thread_blocked, id=6340, stack(0x00000047bfd00000,0x00000047bfe00000) (1024K)]
  0x000001ac87d74b10 JavaThread "Execution worker Thread 5"         [_thread_blocked, id=19492, stack(0x00000047bfe00000,0x00000047bff00000) (1024K)]
  0x000001ac87d723b0 JavaThread "Execution worker Thread 6"         [_thread_blocked, id=13516, stack(0x00000047bff00000,0x00000047c0000000) (1024K)]
  0x000001ac87d73df0 JavaThread "Execution worker Thread 7"         [_thread_blocked, id=14640, stack(0x00000047c0000000,0x00000047c0100000) (1024K)]
  0x000001ac87d74480 JavaThread "Execution worker Thread 8"         [_thread_blocked, id=17008, stack(0x00000047c0100000,0x00000047c0200000) (1024K)]
  0x000001ac87d751a0 JavaThread "Execution worker Thread 9"         [_thread_blocked, id=16856, stack(0x00000047c0200000,0x00000047c0300000) (1024K)]
  0x000001ac87d75830 JavaThread "Execution worker Thread 10"        [_thread_blocked, id=22356, stack(0x00000047c0300000,0x00000047c0400000) (1024K)]
  0x000001acffdbb080 JavaThread "Execution worker Thread 11"        [_thread_blocked, id=21860, stack(0x00000047c0400000,0x00000047c0500000) (1024K)]
  0x000001acffdb8920 JavaThread "Execution worker Thread 12"        [_thread_blocked, id=21772, stack(0x00000047c0500000,0x00000047c0600000) (1024K)]
  0x000001acffdb9cd0 JavaThread "Execution worker Thread 13"        [_thread_blocked, id=3360, stack(0x00000047c0600000,0x00000047c0700000) (1024K)]
  0x000001acffdbb710 JavaThread "Execution worker Thread 14"        [_thread_blocked, id=4812, stack(0x00000047c0700000,0x00000047c0800000) (1024K)]
  0x000001acffdbc430 JavaThread "Cache worker for execution history cache (C:\HOME\B230267CS-6\Courses\SE_Lab\Real_App\.gradle\9.1.0\executionHistory)"        [_thread_blocked, id=11204, stack(0x00000047c0800000,0x00000047c0900000) (1024K)]
  0x000001acffdbbda0 JavaThread "Execution worker Thread 15"        [_thread_blocked, id=9704, stack(0x00000047c0900000,0x00000047c0a00000) (1024K)]
  0x000001acffdb8fb0 JavaThread "Unconstrained build operations Thread 41"        [_thread_blocked, id=21316, stack(0x00000047c0a00000,0x00000047c0b00000) (1024K)]
  0x000001acffdbcac0 JavaThread "Unconstrained build operations Thread 42"        [_thread_blocked, id=19452, stack(0x00000047c0b00000,0x00000047c0c00000) (1024K)]
  0x000001acffdb9640 JavaThread "Unconstrained build operations Thread 43"        [_thread_blocked, id=20484, stack(0x00000047c0c00000,0x00000047c0d00000) (1024K)]
  0x000001acffdbd150 JavaThread "Unconstrained build operations Thread 44"        [_thread_blocked, id=15824, stack(0x00000047c0d00000,0x00000047c0e00000) (1024K)]
  0x000001acffdbd7e0 JavaThread "Unconstrained build operations Thread 45"        [_thread_blocked, id=19912, stack(0x00000047c0f00000,0x00000047c1000000) (1024K)]
  0x000001acffdba360 JavaThread "Unconstrained build operations Thread 46"        [_thread_blocked, id=2444, stack(0x00000047c1000000,0x00000047c1100000) (1024K)]
  0x000001acffdc0c60 JavaThread "Unconstrained build operations Thread 47"        [_thread_blocked, id=4128, stack(0x00000047c1100000,0x00000047c1200000) (1024K)]
  0x000001acffdbff40 JavaThread "Unconstrained build operations Thread 48"        [_thread_blocked, id=16496, stack(0x00000047c1200000,0x00000047c1300000) (1024K)]
  0x000001acffdc05d0 JavaThread "Unconstrained build operations Thread 49"        [_thread_blocked, id=9968, stack(0x00000047c1300000,0x00000047c1400000) (1024K)]
  0x000001acffdbf220 JavaThread "Unconstrained build operations Thread 50"        [_thread_blocked, id=17740, stack(0x00000047c1400000,0x00000047c1500000) (1024K)]
  0x000001acffdc12f0 JavaThread "Unconstrained build operations Thread 51"        [_thread_blocked, id=10912, stack(0x00000047c1500000,0x00000047c1600000) (1024K)]
  0x000001acffdbde70 JavaThread "Unconstrained build operations Thread 52"        [_thread_blocked, id=4712, stack(0x00000047c1600000,0x00000047c1700000) (1024K)]
  0x000001acffdc1980 JavaThread "Unconstrained build operations Thread 53"        [_thread_blocked, id=13544, stack(0x00000047c1700000,0x00000047c1800000) (1024K)]
  0x000001acffdbeb90 JavaThread "Unconstrained build operations Thread 54"        [_thread_blocked, id=19880, stack(0x00000047c1800000,0x00000047c1900000) (1024K)]
  0x000001acffdbe500 JavaThread "Unconstrained build operations Thread 55"        [_thread_blocked, id=14088, stack(0x00000047c1900000,0x00000047c1a00000) (1024K)]
  0x000001acffdc2d30 JavaThread "WorkerExecutor Queue"              [_thread_blocked, id=7080, stack(0x00000047c1a00000,0x00000047c1b00000) (1024K)]
  0x000001acffdc26a0 JavaThread "Unconstrained build operations Thread 56"        [_thread_blocked, id=11400, stack(0x00000047c1b00000,0x00000047c1c00000) (1024K)]
  0x000001acffdc2010 JavaThread "Unconstrained build operations Thread 57"        [_thread_blocked, id=12876, stack(0x00000047c1c00000,0x00000047c1d00000) (1024K)]
  0x000001acffdbf8b0 JavaThread "Unconstrained build operations Thread 58"        [_thread_blocked, id=14064, stack(0x00000047c1d00000,0x00000047c1e00000) (1024K)]
  0x000001acffdc61b0 JavaThread "Unconstrained build operations Thread 59"        [_thread_blocked, id=2604, stack(0x00000047c1e00000,0x00000047c1f00000) (1024K)]
  0x000001acffdc6840 JavaThread "Unconstrained build operations Thread 60"        [_thread_blocked, id=8844, stack(0x00000047c1f00000,0x00000047c2000000) (1024K)]
  0x000001acffdc33c0 JavaThread "Unconstrained build operations Thread 61"        [_thread_blocked, id=13580, stack(0x00000047c2000000,0x00000047c2100000) (1024K)]
  0x000001acffdc5490 JavaThread "Unconstrained build operations Thread 62"        [_thread_blocked, id=22144, stack(0x00000047c2100000,0x00000047c2200000) (1024K)]
  0x000001acffdc4e00 JavaThread "Unconstrained build operations Thread 63"        [_thread_blocked, id=11796, stack(0x00000047c2200000,0x00000047c2300000) (1024K)]
  0x000001acffdc5b20 JavaThread "Unconstrained build operations Thread 64"        [_thread_blocked, id=16472, stack(0x00000047c2300000,0x00000047c2400000) (1024K)]
  0x000001acffdc6ed0 JavaThread "Unconstrained build operations Thread 65"        [_thread_blocked, id=22072, stack(0x00000047c2400000,0x00000047c2500000) (1024K)]
  0x000001acffdc3a50 JavaThread "Unconstrained build operations Thread 66"        [_thread_blocked, id=6676, stack(0x00000047c2500000,0x00000047c2600000) (1024K)]
  0x000001acffdc7560 JavaThread "Unconstrained build operations Thread 67"        [_thread_blocked, id=21848, stack(0x00000047c2600000,0x00000047c2700000) (1024K)]
  0x000001acffdc40e0 JavaThread "Unconstrained build operations Thread 68"        [_thread_blocked, id=20884, stack(0x00000047c2700000,0x00000047c2800000) (1024K)]
  0x000001acffdc7bf0 JavaThread "WorkerExecutor Queue Thread 2"        [_thread_blocked, id=20448, stack(0x00000047c2800000,0x00000047c2900000) (1024K)]
  0x000001acffdc4770 JavaThread "WorkerExecutor Queue Thread 3"        [_thread_blocked, id=18500, stack(0x00000047c2900000,0x00000047c2a00000) (1024K)]
  0x000001ac804b9be0 JavaThread "Unconstrained build operations Thread 69"        [_thread_blocked, id=15768, stack(0x00000047c2a00000,0x00000047c2b00000) (1024K)]
  0x000001ac804ba270 JavaThread "Unconstrained build operations Thread 70"        [_thread_blocked, id=19204, stack(0x00000047c2b00000,0x00000047c2c00000) (1024K)]
  0x000001ac804baf90 JavaThread "Unconstrained build operations Thread 71"        [_thread_blocked, id=21900, stack(0x00000047c2c00000,0x00000047c2d00000) (1024K)]
  0x000001ac804bb620 JavaThread "Unconstrained build operations Thread 72"        [_thread_blocked, id=18516, stack(0x00000047c2d00000,0x00000047c2e00000) (1024K)]
  0x000001ac804b9550 JavaThread "Unconstrained build operations Thread 73"        [_thread_blocked, id=4880, stack(0x00000047c2e00000,0x00000047c2f00000) (1024K)]
  0x000001ac804bbcb0 JavaThread "Unconstrained build operations Thread 74"        [_thread_blocked, id=4384, stack(0x00000047c2f00000,0x00000047c3000000) (1024K)]
  0x000001ac804bf7c0 JavaThread "Build operations"                  [_thread_blocked, id=22496, stack(0x00000047c3000000,0x00000047c3100000) (1024K)]
  0x000001ac804bfe50 JavaThread "Build operations Thread 2"         [_thread_blocked, id=17440, stack(0x00000047c3100000,0x00000047c3200000) (1024K)]
  0x000001ac804beaa0 JavaThread "Build operations Thread 3"         [_thread_blocked, id=21220, stack(0x00000047c3200000,0x00000047c3300000) (1024K)]
  0x000001ac804bd060 JavaThread "Build operations Thread 4"         [_thread_blocked, id=22432, stack(0x00000047c3300000,0x00000047c3400000) (1024K)]
  0x000001ac804bf130 JavaThread "Build operations Thread 5"         [_thread_blocked, id=11928, stack(0x00000047c3400000,0x00000047c3500000) (1024K)]
  0x000001ac804bdd80 JavaThread "Build operations Thread 6"         [_thread_blocked, id=4488, stack(0x00000047c3500000,0x00000047c3600000) (1024K)]
  0x000001ac804bc9d0 JavaThread "Build operations Thread 7"         [_thread_blocked, id=22416, stack(0x00000047c3600000,0x00000047c3700000) (1024K)]
  0x000001ac804be410 JavaThread "Build operations Thread 8"         [_thread_blocked, id=21604, stack(0x00000047c3700000,0x00000047c3800000) (1024K)]
  0x000001ac804c04e0 JavaThread "Build operations Thread 9"         [_thread_blocked, id=6792, stack(0x00000047c3800000,0x00000047c3900000) (1024K)]
  0x000001ac804c0b70 JavaThread "Build operations Thread 10"        [_thread_blocked, id=19984, stack(0x00000047c3900000,0x00000047c3a00000) (1024K)]
  0x000001ac804bd6f0 JavaThread "Build operations Thread 11"        [_thread_blocked, id=22200, stack(0x00000047c3a00000,0x00000047c3b00000) (1024K)]
  0x000001ac804c32d0 JavaThread "Build operations Thread 12"        [_thread_blocked, id=15808, stack(0x00000047c3b00000,0x00000047c3c00000) (1024K)]
  0x000001ac804c3960 JavaThread "Build operations Thread 13"        [_thread_blocked, id=16864, stack(0x00000047c3c00000,0x00000047c3d00000) (1024K)]
  0x000001ac804c4680 JavaThread "Build operations Thread 14"        [_thread_blocked, id=5680, stack(0x00000047c3d00000,0x00000047c3e00000) (1024K)]
  0x000001ac804c3ff0 JavaThread "Build operations Thread 15"        [_thread_blocked, id=12284, stack(0x00000047c3e00000,0x00000047c3f00000) (1024K)]
  0x000001ac804c4d10 JavaThread "Unconstrained build operations Thread 75"        [_thread_blocked, id=7384, stack(0x00000047c3f00000,0x00000047c4000000) (1024K)]
  0x000001ac804c1890 JavaThread "WorkerExecutor Queue Thread 4"        [_thread_blocked, id=18688, stack(0x00000047c4000000,0x00000047c4100000) (1024K)]
  0x000001ac804c2c40 JavaThread "pool-23-thread-1"                  [_thread_blocked, id=22168, stack(0x00000047c4100000,0x00000047c4200000) (1024K)]
  0x000001ac804c5a30 JavaThread "stderr"                            [_thread_in_native, id=22120, stack(0x00000047c4200000,0x00000047c4300000) (1024K)]
  0x000001ac804c25b0 JavaThread "stdout"                            [_thread_in_native, id=16096, stack(0x00000047c4300000,0x00000047c4400000) (1024K)]
Total: 164

Other Threads:
  0x000001acf2081440 VMThread "VM Thread"                           [id=19148, stack(0x00000047b9600000,0x00000047b9700000) (1024K)]
  0x000001acedbedcc0 WatcherThread "VM Periodic Task Thread"        [id=1708, stack(0x00000047b9500000,0x00000047b9600000) (1024K)]
  0x000001acd6e86110 WorkerThread "GC Thread#0"                     [id=3312, stack(0x00000047b9000000,0x00000047b9100000) (1024K)]
  0x000001acf275b450 WorkerThread "GC Thread#1"                     [id=18916, stack(0x00000047ba600000,0x00000047ba700000) (1024K)]
  0x000001acf2598f50 WorkerThread "GC Thread#2"                     [id=9924, stack(0x00000047ba700000,0x00000047ba800000) (1024K)]
  0x000001acf25992f0 WorkerThread "GC Thread#3"                     [id=22472, stack(0x00000047ba800000,0x00000047ba900000) (1024K)]
  0x000001acf26bca90 WorkerThread "GC Thread#4"                     [id=4460, stack(0x00000047ba900000,0x00000047baa00000) (1024K)]
  0x000001acf26bce30 WorkerThread "GC Thread#5"                     [id=16952, stack(0x00000047baa00000,0x00000047bab00000) (1024K)]
  0x000001acf485fe60 WorkerThread "GC Thread#6"                     [id=11584, stack(0x00000047bb600000,0x00000047bb700000) (1024K)]
  0x000001acf485e8a0 WorkerThread "GC Thread#7"                     [id=3508, stack(0x00000047bb700000,0x00000047bb800000) (1024K)]
  0x000001acf485efe0 WorkerThread "GC Thread#8"                     [id=18156, stack(0x00000047bb800000,0x00000047bb900000) (1024K)]
  0x000001acf485f380 WorkerThread "GC Thread#9"                     [id=6680, stack(0x00000047bb900000,0x00000047bba00000) (1024K)]
  0x000001acf485f720 WorkerThread "GC Thread#10"                    [id=20732, stack(0x00000047bba00000,0x00000047bbb00000) (1024K)]
  0x000001acf4e04170 WorkerThread "GC Thread#11"                    [id=17760, stack(0x00000047bbb00000,0x00000047bbc00000) (1024K)]
  0x000001acf4e020d0 WorkerThread "GC Thread#12"                    [id=22228, stack(0x00000047bbc00000,0x00000047bbd00000) (1024K)]
  0x000001acd6e8f000 ConcurrentGCThread "G1 Main Marker"            [id=18660, stack(0x00000047b9100000,0x00000047b9200000) (1024K)]
  0x000001acd6e90850 WorkerThread "G1 Conc#0"                       [id=6312, stack(0x00000047b9200000,0x00000047b9300000) (1024K)]
  0x000001acf4e03a30 WorkerThread "G1 Conc#1"                       [id=752, stack(0x00000047bbd00000,0x00000047bbe00000) (1024K)]
  0x000001acf4e04c50 WorkerThread "G1 Conc#2"                       [id=14516, stack(0x00000047bbe00000,0x00000047bbf00000) (1024K)]
  0x000001acedac0270 ConcurrentGCThread "G1 Refine#0"               [id=17552, stack(0x00000047b9300000,0x00000047b9400000) (1024K)]
  0x000001acedac1ba0 ConcurrentGCThread "G1 Service"                [id=6248, stack(0x00000047b9400000,0x00000047b9500000) (1024K)]
Total: 21

Threads with active compile tasks:
C2 CompilerThread0  1295852 34629 %     4       org.gradle.api.internal.tasks.compile.incremental.deps.ClassSetAnalysisData::reduceToTypesAffecting @ 42 (578 bytes)
Total: 1

VM state: not at safepoint (normal execution)

VM Mutex/Monitor currently owned by a thread: None

Heap address: 0x00000000c0000000, size: 1024 MB, Compressed Oops mode: 32-bit

CDS archive(s) not mapped
Compressed class space mapped at: 0x0000000100000000-0x0000000140000000, reserved size: 1073741824
Narrow klass base: 0x0000000000000000, Narrow klass shift: 3, Narrow klass range: 0x140000000

GC Precious Log:
 CardTable entry size: 512
 Card Set container configuration: InlinePtr #cards 5 size 8 Array Of Cards #cards 12 size 40 Howl #buckets 4 coarsen threshold 1843 Howl Bitmap #cards 512 size 80 coarsen threshold 460 Card regions per heap region 1 cards per card region 2048
 CPUs: 16 total, 16 available
 Memory: 16068M
 Large Page Support: Disabled
 NUMA Support: Disabled
 Compressed Oops: Enabled (32-bit)
 Heap Region Size: 1M
 Heap Min Capacity: 8M
 Heap Initial Capacity: 252M
 Heap Max Capacity: 1G
 Pre-touch: Disabled
 Parallel Workers: 13
 Concurrent Workers: 3
 Concurrent Refinement Workers: 13
 Periodic GC: Disabled

Heap:
 garbage-first heap   total 354304K, used 185270K [0x00000000c0000000, 0x0000000100000000)
  region size 1024K, 37 young (37888K), 18 survivors (18432K)
 Metaspace       used 169769K, committed 173376K, reserved 1245184K
  class space    used 23677K, committed 25600K, reserved 1048576K

Heap Regions: E=young(eden), S=young(survivor), O=old, HS=humongous(starts), HC=humongous(continues), CS=collection set, F=free, TAMS=top-at-mark-start, PB=parsable bottom
|   0|0x00000000c0000000, 0x00000000c0100000, 0x00000000c0100000|100%|HS|  |TAMS 0x00000000c0000000| PB 0x00000000c0000000| Complete 
|   1|0x00000000c0100000, 0x00000000c0200000, 0x00000000c0200000|100%|HC|  |TAMS 0x00000000c0100000| PB 0x00000000c0100000| Complete 
|   2|0x00000000c0200000, 0x00000000c0300000, 0x00000000c0300000|100%|HC|  |TAMS 0x00000000c0200000| PB 0x00000000c0200000| Complete 
|   3|0x00000000c0300000, 0x00000000c0400000, 0x00000000c0400000|100%| O|  |TAMS 0x00000000c0300000| PB 0x00000000c0300000| Untracked 
|   4|0x00000000c0400000, 0x00000000c0500000, 0x00000000c0500000|100%| O|  |TAMS 0x00000000c0400000| PB 0x00000000c0400000| Untracked 
|   5|0x00000000c0500000, 0x00000000c0600000, 0x00000000c0600000|100%| O|  |TAMS 0x00000000c0500000| PB 0x00000000c0500000| Untracked 
|   6|0x00000000c0600000, 0x00000000c0700000, 0x00000000c0700000|100%|HS|  |TAMS 0x00000000c0600000| PB 0x00000000c0600000| Complete 
|   7|0x00000000c0700000, 0x00000000c0800000, 0x00000000c0800000|100%| O|  |TAMS 0x00000000c0700000| PB 0x00000000c0700000| Untracked 
|   8|0x00000000c0800000, 0x00000000c0900000, 0x00000000c0900000|100%| O|  |TAMS 0x00000000c0800000| PB 0x00000000c0800000| Untracked 
|   9|0x00000000c0900000, 0x00000000c0a00000, 0x00000000c0a00000|100%| O|  |TAMS 0x00000000c0900000| PB 0x00000000c0900000| Untracked 
|  10|0x00000000c0a00000, 0x00000000c0b00000, 0x00000000c0b00000|100%| O|  |TAMS 0x00000000c0a00000| PB 0x00000000c0a00000| Untracked 
|  11|0x00000000c0b00000, 0x00000000c0c00000, 0x00000000c0c00000|100%| O|  |TAMS 0x00000000c0b00000| PB 0x00000000c0b00000| Untracked 
|  12|0x00000000c0c00000, 0x00000000c0d00000, 0x00000000c0d00000|100%| O|  |TAMS 0x00000000c0c00000| PB 0x00000000c0c00000| Untracked 
|  13|0x00000000c0d00000, 0x00000000c0e00000, 0x00000000c0e00000|100%| O|  |TAMS 0x00000000c0d00000| PB 0x00000000c0d00000| Untracked 
|  14|0x00000000c0e00000, 0x00000000c0f00000, 0x00000000c0f00000|100%| O|  |TAMS 0x00000000c0e00000| PB 0x00000000c0e00000| Untracked 
|  15|0x00000000c0f00000, 0x00000000c1000000, 0x00000000c1000000|100%| O|  |TAMS 0x00000000c0f00000| PB 0x00000000c0f00000| Untracked 
|  16|0x00000000c1000000, 0x00000000c1100000, 0x00000000c1100000|100%| O|  |TAMS 0x00000000c1000000| PB 0x00000000c1000000| Untracked 
|  17|0x00000000c1100000, 0x00000000c1200000, 0x00000000c1200000|100%| O|  |TAMS 0x00000000c1100000| PB 0x00000000c1100000| Untracked 
|  18|0x00000000c1200000, 0x00000000c1300000, 0x00000000c1300000|100%| O|  |TAMS 0x00000000c1200000| PB 0x00000000c1200000| Untracked 
|  19|0x00000000c1300000, 0x00000000c1400000, 0x00000000c1400000|100%| O|  |TAMS 0x00000000c1300000| PB 0x00000000c1300000| Untracked 
|  20|0x00000000c1400000, 0x00000000c1500000, 0x00000000c1500000|100%| O|  |TAMS 0x00000000c1400000| PB 0x00000000c1400000| Untracked 
|  21|0x00000000c1500000, 0x00000000c1600000, 0x00000000c1600000|100%| O|  |TAMS 0x00000000c1500000| PB 0x00000000c1500000| Untracked 
|  22|0x00000000c1600000, 0x00000000c1700000, 0x00000000c1700000|100%| O|  |TAMS 0x00000000c1600000| PB 0x00000000c1600000| Untracked 
|  23|0x00000000c1700000, 0x00000000c1800000, 0x00000000c1800000|100%| O|  |TAMS 0x00000000c1700000| PB 0x00000000c1700000| Untracked 
|  24|0x00000000c1800000, 0x00000000c1800000, 0x00000000c1900000|  0%| F|  |TAMS 0x00000000c1800000| PB 0x00000000c1800000| Untracked 
|  25|0x00000000c1900000, 0x00000000c1a00000, 0x00000000c1a00000|100%|HS|  |TAMS 0x00000000c1900000| PB 0x00000000c1900000| Complete 
|  26|0x00000000c1a00000, 0x00000000c1b00000, 0x00000000c1b00000|100%|HC|  |TAMS 0x00000000c1a00000| PB 0x00000000c1a00000| Complete 
|  27|0x00000000c1b00000, 0x00000000c1c00000, 0x00000000c1c00000|100%| O|  |TAMS 0x00000000c1b00000| PB 0x00000000c1b00000| Untracked 
|  28|0x00000000c1c00000, 0x00000000c1d00000, 0x00000000c1d00000|100%| O|  |TAMS 0x00000000c1c00000| PB 0x00000000c1c00000| Untracked 
|  29|0x00000000c1d00000, 0x00000000c1e00000, 0x00000000c1e00000|100%| O|  |TAMS 0x00000000c1d00000| PB 0x00000000c1d00000| Untracked 
|  30|0x00000000c1e00000, 0x00000000c1f00000, 0x00000000c1f00000|100%| O|  |TAMS 0x00000000c1e00000| PB 0x00000000c1e00000| Untracked 
|  31|0x00000000c1f00000, 0x00000000c2000000, 0x00000000c2000000|100%| O|  |TAMS 0x00000000c1f00000| PB 0x00000000c1f00000| Untracked 
|  32|0x00000000c2000000, 0x00000000c2100000, 0x00000000c2100000|100%| O|  |TAMS 0x00000000c2000000| PB 0x00000000c2000000| Untracked 
|  33|0x00000000c2100000, 0x00000000c2200000, 0x00000000c2200000|100%| O|  |TAMS 0x00000000c2100000| PB 0x00000000c2100000| Untracked 
|  34|0x00000000c2200000, 0x00000000c2200000, 0x00000000c2300000|  0%| F|  |TAMS 0x00000000c2200000| PB 0x00000000c2200000| Untracked 
|  35|0x00000000c2300000, 0x00000000c2400000, 0x00000000c2400000|100%| O|  |TAMS 0x00000000c2300000| PB 0x00000000c2300000| Untracked 
|  36|0x00000000c2400000, 0x00000000c2500000, 0x00000000c2500000|100%| O|  |TAMS 0x00000000c2400000| PB 0x00000000c2400000| Untracked 
|  37|0x00000000c2500000, 0x00000000c2600000, 0x00000000c2600000|100%| O|  |TAMS 0x00000000c2500000| PB 0x00000000c2500000| Untracked 
|  38|0x00000000c2600000, 0x00000000c2600000, 0x00000000c2700000|  0%| F|  |TAMS 0x00000000c2600000| PB 0x00000000c2600000| Untracked 
|  39|0x00000000c2700000, 0x00000000c2800000, 0x00000000c2800000|100%| O|  |TAMS 0x00000000c2700000| PB 0x00000000c2700000| Untracked 
|  40|0x00000000c2800000, 0x00000000c2800000, 0x00000000c2900000|  0%| F|  |TAMS 0x00000000c2800000| PB 0x00000000c2800000| Untracked 
|  41|0x00000000c2900000, 0x00000000c2a00000, 0x00000000c2a00000|100%| O|  |TAMS 0x00000000c2900000| PB 0x00000000c2900000| Untracked 
|  42|0x00000000c2a00000, 0x00000000c2a00000, 0x00000000c2b00000|  0%| F|  |TAMS 0x00000000c2a00000| PB 0x00000000c2a00000| Untracked 
|  43|0x00000000c2b00000, 0x00000000c2b00000, 0x00000000c2c00000|  0%| F|  |TAMS 0x00000000c2b00000| PB 0x00000000c2b00000| Untracked 
|  44|0x00000000c2c00000, 0x00000000c2d00000, 0x00000000c2d00000|100%| O|  |TAMS 0x00000000c2c00000| PB 0x00000000c2c00000| Untracked 
|  45|0x00000000c2d00000, 0x00000000c2d00000, 0x00000000c2e00000|  0%| F|  |TAMS 0x00000000c2d00000| PB 0x00000000c2d00000| Untracked 
|  46|0x00000000c2e00000, 0x00000000c2f00000, 0x00000000c2f00000|100%| O|  |TAMS 0x00000000c2e00000| PB 0x00000000c2e00000| Untracked 
|  47|0x00000000c2f00000, 0x00000000c3000000, 0x00000000c3000000|100%| O|  |TAMS 0x00000000c2f00000| PB 0x00000000c2f00000| Untracked 
|  48|0x00000000c3000000, 0x00000000c3100000, 0x00000000c3100000|100%|HS|  |TAMS 0x00000000c3000000| PB 0x00000000c3000000| Complete 
|  49|0x00000000c3100000, 0x00000000c3200000, 0x00000000c3200000|100%|HS|  |TAMS 0x00000000c3100000| PB 0x00000000c3100000| Complete 
|  50|0x00000000c3200000, 0x00000000c3300000, 0x00000000c3300000|100%|HS|  |TAMS 0x00000000c3200000| PB 0x00000000c3200000| Complete 
|  51|0x00000000c3300000, 0x00000000c3400000, 0x00000000c3400000|100%|HC|  |TAMS 0x00000000c3300000| PB 0x00000000c3300000| Complete 
|  52|0x00000000c3400000, 0x00000000c3500000, 0x00000000c3500000|100%| O|  |TAMS 0x00000000c3400000| PB 0x00000000c3400000| Untracked 
|  53|0x00000000c3500000, 0x00000000c3600000, 0x00000000c3600000|100%| O|  |TAMS 0x00000000c3500000| PB 0x00000000c3500000| Untracked 
|  54|0x00000000c3600000, 0x00000000c3700000, 0x00000000c3700000|100%| O|  |TAMS 0x00000000c3600000| PB 0x00000000c3600000| Untracked 
|  55|0x00000000c3700000, 0x00000000c3800000, 0x00000000c3800000|100%|HS|  |TAMS 0x00000000c3700000| PB 0x00000000c3700000| Complete 
|  56|0x00000000c3800000, 0x00000000c3900000, 0x00000000c3900000|100%|HS|  |TAMS 0x00000000c3800000| PB 0x00000000c3800000| Complete 
|  57|0x00000000c3900000, 0x00000000c3a00000, 0x00000000c3a00000|100%| O|  |TAMS 0x00000000c3900000| PB 0x00000000c3900000| Untracked 
|  58|0x00000000c3a00000, 0x00000000c3b00000, 0x00000000c3b00000|100%|HS|  |TAMS 0x00000000c3a00000| PB 0x00000000c3a00000| Complete 
|  59|0x00000000c3b00000, 0x00000000c3c00000, 0x00000000c3c00000|100%|HS|  |TAMS 0x00000000c3b00000| PB 0x00000000c3b00000| Complete 
|  60|0x00000000c3c00000, 0x00000000c3d00000, 0x00000000c3d00000|100%| O|  |TAMS 0x00000000c3c00000| PB 0x00000000c3c00000| Untracked 
|  61|0x00000000c3d00000, 0x00000000c3e00000, 0x00000000c3e00000|100%| O|  |TAMS 0x00000000c3d00000| PB 0x00000000c3d00000| Untracked 
|  62|0x00000000c3e00000, 0x00000000c3f00000, 0x00000000c3f00000|100%|HS|  |TAMS 0x00000000c3e00000| PB 0x00000000c3e00000| Complete 
|  63|0x00000000c3f00000, 0x00000000c4000000, 0x00000000c4000000|100%|HC|  |TAMS 0x00000000c3f00000| PB 0x00000000c3f00000| Complete 
|  64|0x00000000c4000000, 0x00000000c4100000, 0x00000000c4100000|100%| O|  |TAMS 0x00000000c4000000| PB 0x00000000c4000000| Untracked 
|  65|0x00000000c4100000, 0x00000000c4200000, 0x00000000c4200000|100%| O|  |TAMS 0x00000000c4100000| PB 0x00000000c4100000| Untracked 
|  66|0x00000000c4200000, 0x00000000c4300000, 0x00000000c4300000|100%| O|  |TAMS 0x00000000c4200000| PB 0x00000000c4200000| Untracked 
|  67|0x00000000c4300000, 0x00000000c4400000, 0x00000000c4400000|100%| O|  |TAMS 0x00000000c4300000| PB 0x00000000c4300000| Untracked 
|  68|0x00000000c4400000, 0x00000000c4500000, 0x00000000c4500000|100%| O|  |TAMS 0x00000000c4400000| PB 0x00000000c4400000| Untracked 
|  69|0x00000000c4500000, 0x00000000c4600000, 0x00000000c4600000|100%| O|  |TAMS 0x00000000c4500000| PB 0x00000000c4500000| Untracked 
|  70|0x00000000c4600000, 0x00000000c4700000, 0x00000000c4700000|100%|HS|  |TAMS 0x00000000c4600000| PB 0x00000000c4600000| Complete 
|  71|0x00000000c4700000, 0x00000000c4800000, 0x00000000c4800000|100%| O|  |TAMS 0x00000000c4700000| PB 0x00000000c4700000| Untracked 
|  72|0x00000000c4800000, 0x00000000c4900000, 0x00000000c4900000|100%| O|  |TAMS 0x00000000c4800000| PB 0x00000000c4800000| Untracked 
|  73|0x00000000c4900000, 0x00000000c4a00000, 0x00000000c4a00000|100%| O|  |TAMS 0x00000000c4900000| PB 0x00000000c4900000| Untracked 
|  74|0x00000000c4a00000, 0x00000000c4b00000, 0x00000000c4b00000|100%| O|  |TAMS 0x00000000c4a00000| PB 0x00000000c4a00000| Untracked 
|  75|0x00000000c4b00000, 0x00000000c4c00000, 0x00000000c4c00000|100%| O|  |TAMS 0x00000000c4b00000| PB 0x00000000c4b00000| Untracked 
|  76|0x00000000c4c00000, 0x00000000c4d00000, 0x00000000c4d00000|100%| O|  |TAMS 0x00000000c4c00000| PB 0x00000000c4c00000| Untracked 
|  77|0x00000000c4d00000, 0x00000000c4e00000, 0x00000000c4e00000|100%| O|  |TAMS 0x00000000c4d00000| PB 0x00000000c4d00000| Untracked 
|  78|0x00000000c4e00000, 0x00000000c4f00000, 0x00000000c4f00000|100%| O|  |TAMS 0x00000000c4e00000| PB 0x00000000c4e00000| Untracked 
|  79|0x00000000c4f00000, 0x00000000c4f00000, 0x00000000c5000000|  0%| F|  |TAMS 0x00000000c4f00000| PB 0x00000000c4f00000| Untracked 
|  80|0x00000000c5000000, 0x00000000c5100000, 0x00000000c5100000|100%| O|  |TAMS 0x00000000c5000000| PB 0x00000000c5000000| Untracked 
|  81|0x00000000c5100000, 0x00000000c5200000, 0x00000000c5200000|100%| O|  |TAMS 0x00000000c5100000| PB 0x00000000c5100000| Untracked 
|  82|0x00000000c5200000, 0x00000000c5300000, 0x00000000c5300000|100%| O|  |TAMS 0x00000000c5200000| PB 0x00000000c5200000| Untracked 
|  83|0x00000000c5300000, 0x00000000c5300000, 0x00000000c5400000|  0%| F|  |TAMS 0x00000000c5300000| PB 0x00000000c5300000| Untracked 
|  84|0x00000000c5400000, 0x00000000c5400000, 0x00000000c5500000|  0%| F|  |TAMS 0x00000000c5400000| PB 0x00000000c5400000| Untracked 
|  85|0x00000000c5500000, 0x00000000c5600000, 0x00000000c5600000|100%| O|  |TAMS 0x00000000c5500000| PB 0x00000000c5500000| Untracked 
|  86|0x00000000c5600000, 0x00000000c5700000, 0x00000000c5700000|100%| O|  |TAMS 0x00000000c5600000| PB 0x00000000c5600000| Untracked 
|  87|0x00000000c5700000, 0x00000000c5700000, 0x00000000c5800000|  0%| F|  |TAMS 0x00000000c5700000| PB 0x00000000c5700000| Untracked 
|  88|0x00000000c5800000, 0x00000000c5800000, 0x00000000c5900000|  0%| F|  |TAMS 0x00000000c5800000| PB 0x00000000c5800000| Untracked 
|  89|0x00000000c5900000, 0x00000000c5900000, 0x00000000c5a00000|  0%| F|  |TAMS 0x00000000c5900000| PB 0x00000000c5900000| Untracked 
|  90|0x00000000c5a00000, 0x00000000c5b00000, 0x00000000c5b00000|100%| S|CS|TAMS 0x00000000c5a00000| PB 0x00000000c5a00000| Complete 
|  91|0x00000000c5b00000, 0x00000000c5b00000, 0x00000000c5c00000|  0%| F|  |TAMS 0x00000000c5b00000| PB 0x00000000c5b00000| Untracked 
|  92|0x00000000c5c00000, 0x00000000c5d00000, 0x00000000c5d00000|100%| O|  |TAMS 0x00000000c5c00000| PB 0x00000000c5c00000| Untracked 
|  93|0x00000000c5d00000, 0x00000000c5d00000, 0x00000000c5e00000|  0%| F|  |TAMS 0x00000000c5d00000| PB 0x00000000c5d00000| Untracked 
|  94|0x00000000c5e00000, 0x00000000c5e00000, 0x00000000c5f00000|  0%| F|  |TAMS 0x00000000c5e00000| PB 0x00000000c5e00000| Untracked 
|  95|0x00000000c5f00000, 0x00000000c6000000, 0x00000000c6000000|100%| O|  |TAMS 0x00000000c5f00000| PB 0x00000000c5f00000| Untracked 
|  96|0x00000000c6000000, 0x00000000c6000000, 0x00000000c6100000|  0%| F|  |TAMS 0x00000000c6000000| PB 0x00000000c6000000| Untracked 
|  97|0x00000000c6100000, 0x00000000c6100000, 0x00000000c6200000|  0%| F|  |TAMS 0x00000000c6100000| PB 0x00000000c6100000| Untracked 
|  98|0x00000000c6200000, 0x00000000c6300000, 0x00000000c6300000|100%| O|  |TAMS 0x00000000c6200000| PB 0x00000000c6200000| Untracked 
|  99|0x00000000c6300000, 0x00000000c6300000, 0x00000000c6400000|  0%| F|  |TAMS 0x00000000c6300000| PB 0x00000000c6300000| Untracked 
| 100|0x00000000c6400000, 0x00000000c6500000, 0x00000000c6500000|100%| O|  |TAMS 0x00000000c6400000| PB 0x00000000c6400000| Untracked 
| 101|0x00000000c6500000, 0x00000000c6500000, 0x00000000c6600000|  0%| F|  |TAMS 0x00000000c6500000| PB 0x00000000c6500000| Untracked 
| 102|0x00000000c6600000, 0x00000000c6600000, 0x00000000c6700000|  0%| F|  |TAMS 0x00000000c6600000| PB 0x00000000c6600000| Untracked 
| 103|0x00000000c6700000, 0x00000000c6800000, 0x00000000c6800000|100%| O|  |TAMS 0x00000000c6700000| PB 0x00000000c6700000| Untracked 
| 104|0x00000000c6800000, 0x00000000c6800000, 0x00000000c6900000|  0%| F|  |TAMS 0x00000000c6800000| PB 0x00000000c6800000| Untracked 
| 105|0x00000000c6900000, 0x00000000c6a00000, 0x00000000c6a00000|100%| O|  |TAMS 0x00000000c6900000| PB 0x00000000c6900000| Untracked 
| 106|0x00000000c6a00000, 0x00000000c6b00000, 0x00000000c6b00000|100%| O|  |TAMS 0x00000000c6a00000| PB 0x00000000c6a00000| Untracked 
| 107|0x00000000c6b00000, 0x00000000c6b00000, 0x00000000c6c00000|  0%| F|  |TAMS 0x00000000c6b00000| PB 0x00000000c6b00000| Untracked 
| 108|0x00000000c6c00000, 0x00000000c6c00000, 0x00000000c6d00000|  0%| F|  |TAMS 0x00000000c6c00000| PB 0x00000000c6c00000| Untracked 
| 109|0x00000000c6d00000, 0x00000000c6d00000, 0x00000000c6e00000|  0%| F|  |TAMS 0x00000000c6d00000| PB 0x00000000c6d00000| Untracked 
| 110|0x00000000c6e00000, 0x00000000c6e00000, 0x00000000c6f00000|  0%| F|  |TAMS 0x00000000c6e00000| PB 0x00000000c6e00000| Untracked 
| 111|0x00000000c6f00000, 0x00000000c7000000, 0x00000000c7000000|100%| O|  |TAMS 0x00000000c6f00000| PB 0x00000000c6f00000| Untracked 
| 112|0x00000000c7000000, 0x00000000c7100000, 0x00000000c7100000|100%| O|  |TAMS 0x00000000c7000000| PB 0x00000000c7000000| Untracked 
| 113|0x00000000c7100000, 0x00000000c7100000, 0x00000000c7200000|  0%| F|  |TAMS 0x00000000c7100000| PB 0x00000000c7100000| Untracked 
| 114|0x00000000c7200000, 0x00000000c7300000, 0x00000000c7300000|100%| O|  |TAMS 0x00000000c7200000| PB 0x00000000c7200000| Untracked 
| 115|0x00000000c7300000, 0x00000000c7400000, 0x00000000c7400000|100%| O|  |TAMS 0x00000000c7300000| PB 0x00000000c7300000| Untracked 
| 116|0x00000000c7400000, 0x00000000c7500000, 0x00000000c7500000|100%| O|  |TAMS 0x00000000c7400000| PB 0x00000000c7400000| Untracked 
| 117|0x00000000c7500000, 0x00000000c7600000, 0x00000000c7600000|100%| O|  |TAMS 0x00000000c7500000| PB 0x00000000c7500000| Untracked 
| 118|0x00000000c7600000, 0x00000000c7600000, 0x00000000c7700000|  0%| F|  |TAMS 0x00000000c7600000| PB 0x00000000c7600000| Untracked 
| 119|0x00000000c7700000, 0x00000000c7800000, 0x00000000c7800000|100%| O|  |TAMS 0x00000000c7700000| PB 0x00000000c7700000| Untracked 
| 120|0x00000000c7800000, 0x00000000c7800000, 0x00000000c7900000|  0%| F|  |TAMS 0x00000000c7800000| PB 0x00000000c7800000| Untracked 
| 121|0x00000000c7900000, 0x00000000c7900000, 0x00000000c7a00000|  0%| F|  |TAMS 0x00000000c7900000| PB 0x00000000c7900000| Untracked 
| 122|0x00000000c7a00000, 0x00000000c7a00000, 0x00000000c7b00000|  0%| F|  |TAMS 0x00000000c7a00000| PB 0x00000000c7a00000| Untracked 
| 123|0x00000000c7b00000, 0x00000000c7b00000, 0x00000000c7c00000|  0%| F|  |TAMS 0x00000000c7b00000| PB 0x00000000c7b00000| Untracked 
| 124|0x00000000c7c00000, 0x00000000c7d00000, 0x00000000c7d00000|100%| O|  |TAMS 0x00000000c7c00000| PB 0x00000000c7c00000| Untracked 
| 125|0x00000000c7d00000, 0x00000000c7e00000, 0x00000000c7e00000|100%| O|  |TAMS 0x00000000c7d00000| PB 0x00000000c7d00000| Untracked 
| 126|0x00000000c7e00000, 0x00000000c7e00000, 0x00000000c7f00000|  0%| F|  |TAMS 0x00000000c7e00000| PB 0x00000000c7e00000| Untracked 
| 127|0x00000000c7f00000, 0x00000000c8000000, 0x00000000c8000000|100%| O|  |TAMS 0x00000000c7f00000| PB 0x00000000c7f00000| Untracked 
| 128|0x00000000c8000000, 0x00000000c8100000, 0x00000000c8100000|100%| S|CS|TAMS 0x00000000c8000000| PB 0x00000000c8000000| Complete 
| 129|0x00000000c8100000, 0x00000000c8200000, 0x00000000c8200000|100%| O|  |TAMS 0x00000000c8100000| PB 0x00000000c8100000| Untracked 
| 130|0x00000000c8200000, 0x00000000c8300000, 0x00000000c8300000|100%| O|  |TAMS 0x00000000c8200000| PB 0x00000000c8200000| Untracked 
| 131|0x00000000c8300000, 0x00000000c8400000, 0x00000000c8400000|100%| O|  |TAMS 0x00000000c8300000| PB 0x00000000c8300000| Untracked 
| 132|0x00000000c8400000, 0x00000000c8500000, 0x00000000c8500000|100%| O|  |TAMS 0x00000000c8400000| PB 0x00000000c8400000| Untracked 
| 133|0x00000000c8500000, 0x00000000c8600000, 0x00000000c8600000|100%| O|  |TAMS 0x00000000c8500000| PB 0x00000000c8500000| Untracked 
| 134|0x00000000c8600000, 0x00000000c8700000, 0x00000000c8700000|100%| O|  |TAMS 0x00000000c8600000| PB 0x00000000c8600000| Untracked 
| 135|0x00000000c8700000, 0x00000000c8800000, 0x00000000c8800000|100%|HS|  |TAMS 0x00000000c8700000| PB 0x00000000c8700000| Complete 
| 136|0x00000000c8800000, 0x00000000c8900000, 0x00000000c8900000|100%|HC|  |TAMS 0x00000000c8800000| PB 0x00000000c8800000| Complete 
| 137|0x00000000c8900000, 0x00000000c8a00000, 0x00000000c8a00000|100%| O|  |TAMS 0x00000000c8900000| PB 0x00000000c8900000| Untracked 
| 138|0x00000000c8a00000, 0x00000000c8b00000, 0x00000000c8b00000|100%| O|  |TAMS 0x00000000c8a00000| PB 0x00000000c8a00000| Untracked 
| 139|0x00000000c8b00000, 0x00000000c8c00000, 0x00000000c8c00000|100%|HS|  |TAMS 0x00000000c8b00000| PB 0x00000000c8b00000| Complete 
| 140|0x00000000c8c00000, 0x00000000c8d00000, 0x00000000c8d00000|100%|HC|  |TAMS 0x00000000c8c00000| PB 0x00000000c8c00000| Complete 
| 141|0x00000000c8d00000, 0x00000000c8e00000, 0x00000000c8e00000|100%| S|CS|TAMS 0x00000000c8d00000| PB 0x00000000c8d00000| Complete 
| 142|0x00000000c8e00000, 0x00000000c8f00000, 0x00000000c8f00000|100%| O|  |TAMS 0x00000000c8e00000| PB 0x00000000c8e00000| Untracked 
| 143|0x00000000c8f00000, 0x00000000c9000000, 0x00000000c9000000|100%| O|  |TAMS 0x00000000c8f00000| PB 0x00000000c8f00000| Untracked 
| 144|0x00000000c9000000, 0x00000000c9100000, 0x00000000c9100000|100%| O|  |TAMS 0x00000000c9000000| PB 0x00000000c9000000| Untracked 
| 145|0x00000000c9100000, 0x00000000c9100000, 0x00000000c9200000|  0%| F|  |TAMS 0x00000000c9100000| PB 0x00000000c9100000| Untracked 
| 146|0x00000000c9200000, 0x00000000c9200000, 0x00000000c9300000|  0%| F|  |TAMS 0x00000000c9200000| PB 0x00000000c9200000| Untracked 
| 147|0x00000000c9300000, 0x00000000c9300000, 0x00000000c9400000|  0%| F|  |TAMS 0x00000000c9300000| PB 0x00000000c9300000| Untracked 
| 148|0x00000000c9400000, 0x00000000c9400000, 0x00000000c9500000|  0%| F|  |TAMS 0x00000000c9400000| PB 0x00000000c9400000| Untracked 
| 149|0x00000000c9500000, 0x00000000c9500000, 0x00000000c9600000|  0%| F|  |TAMS 0x00000000c9500000| PB 0x00000000c9500000| Untracked 
| 150|0x00000000c9600000, 0x00000000c9700000, 0x00000000c9700000|100%| O|  |TAMS 0x00000000c9600000| PB 0x00000000c9600000| Untracked 
| 151|0x00000000c9700000, 0x00000000c9800000, 0x00000000c9800000|100%| O|  |TAMS 0x00000000c9700000| PB 0x00000000c9700000| Untracked 
| 152|0x00000000c9800000, 0x00000000c9800000, 0x00000000c9900000|  0%| F|  |TAMS 0x00000000c9800000| PB 0x00000000c9800000| Untracked 
| 153|0x00000000c9900000, 0x00000000c9a00000, 0x00000000c9a00000|100%| O|  |TAMS 0x00000000c9900000| PB 0x00000000c9900000| Untracked 
| 154|0x00000000c9a00000, 0x00000000c9a00000, 0x00000000c9b00000|  0%| F|  |TAMS 0x00000000c9a00000| PB 0x00000000c9a00000| Untracked 
| 155|0x00000000c9b00000, 0x00000000c9b00000, 0x00000000c9c00000|  0%| F|  |TAMS 0x00000000c9b00000| PB 0x00000000c9b00000| Untracked 
| 156|0x00000000c9c00000, 0x00000000c9c00000, 0x00000000c9d00000|  0%| F|  |TAMS 0x00000000c9c00000| PB 0x00000000c9c00000| Untracked 
| 157|0x00000000c9d00000, 0x00000000c9d00000, 0x00000000c9e00000|  0%| F|  |TAMS 0x00000000c9d00000| PB 0x00000000c9d00000| Untracked 
| 158|0x00000000c9e00000, 0x00000000c9e00000, 0x00000000c9f00000|  0%| F|  |TAMS 0x00000000c9e00000| PB 0x00000000c9e00000| Untracked 
| 159|0x00000000c9f00000, 0x00000000c9f00000, 0x00000000ca000000|  0%| F|  |TAMS 0x00000000c9f00000| PB 0x00000000c9f00000| Untracked 
| 160|0x00000000ca000000, 0x00000000ca100000, 0x00000000ca100000|100%|HS|  |TAMS 0x00000000ca000000| PB 0x00000000ca000000| Complete 
| 161|0x00000000ca100000, 0x00000000ca200000, 0x00000000ca200000|100%|HC|  |TAMS 0x00000000ca100000| PB 0x00000000ca100000| Complete 
| 162|0x00000000ca200000, 0x00000000ca200000, 0x00000000ca300000|  0%| F|  |TAMS 0x00000000ca200000| PB 0x00000000ca200000| Untracked 
| 163|0x00000000ca300000, 0x00000000ca300000, 0x00000000ca400000|  0%| F|  |TAMS 0x00000000ca300000| PB 0x00000000ca300000| Untracked 
| 164|0x00000000ca400000, 0x00000000ca400000, 0x00000000ca500000|  0%| F|  |TAMS 0x00000000ca400000| PB 0x00000000ca400000| Untracked 
| 165|0x00000000ca500000, 0x00000000ca500000, 0x00000000ca600000|  0%| F|  |TAMS 0x00000000ca500000| PB 0x00000000ca500000| Untracked 
| 166|0x00000000ca600000, 0x00000000ca600000, 0x00000000ca700000|  0%| F|  |TAMS 0x00000000ca600000| PB 0x00000000ca600000| Untracked 
| 167|0x00000000ca700000, 0x00000000ca800000, 0x00000000ca800000|100%| O|  |TAMS 0x00000000ca700000| PB 0x00000000ca700000| Untracked 
| 168|0x00000000ca800000, 0x00000000ca800000, 0x00000000ca900000|  0%| F|  |TAMS 0x00000000ca800000| PB 0x00000000ca800000| Untracked 
| 169|0x00000000ca900000, 0x00000000ca900000, 0x00000000caa00000|  0%| F|  |TAMS 0x00000000ca900000| PB 0x00000000ca900000| Untracked 
| 170|0x00000000caa00000, 0x00000000caa00000, 0x00000000cab00000|  0%| F|  |TAMS 0x00000000caa00000| PB 0x00000000caa00000| Untracked 
| 171|0x00000000cab00000, 0x00000000cab00000, 0x00000000cac00000|  0%| F|  |TAMS 0x00000000cab00000| PB 0x00000000cab00000| Untracked 
| 172|0x00000000cac00000, 0x00000000cac00000, 0x00000000cad00000|  0%| F|  |TAMS 0x00000000cac00000| PB 0x00000000cac00000| Untracked 
| 173|0x00000000cad00000, 0x00000000cad00000, 0x00000000cae00000|  0%| F|  |TAMS 0x00000000cad00000| PB 0x00000000cad00000| Untracked 
| 174|0x00000000cae00000, 0x00000000cae00000, 0x00000000caf00000|  0%| F|  |TAMS 0x00000000cae00000| PB 0x00000000cae00000| Untracked 
| 175|0x00000000caf00000, 0x00000000caf00000, 0x00000000cb000000|  0%| F|  |TAMS 0x00000000caf00000| PB 0x00000000caf00000| Untracked 
| 176|0x00000000cb000000, 0x00000000cb000000, 0x00000000cb100000|  0%| F|  |TAMS 0x00000000cb000000| PB 0x00000000cb000000| Untracked 
| 177|0x00000000cb100000, 0x00000000cb100000, 0x00000000cb200000|  0%| F|  |TAMS 0x00000000cb100000| PB 0x00000000cb100000| Untracked 
| 178|0x00000000cb200000, 0x00000000cb200000, 0x00000000cb300000|  0%| F|  |TAMS 0x00000000cb200000| PB 0x00000000cb200000| Untracked 
| 179|0x00000000cb300000, 0x00000000cb300000, 0x00000000cb400000|  0%| F|  |TAMS 0x00000000cb300000| PB 0x00000000cb300000| Untracked 
| 180|0x00000000cb400000, 0x00000000cb400000, 0x00000000cb500000|  0%| F|  |TAMS 0x00000000cb400000| PB 0x00000000cb400000| Untracked 
| 181|0x00000000cb500000, 0x00000000cb600000, 0x00000000cb600000|100%| O|  |TAMS 0x00000000cb500000| PB 0x00000000cb500000| Untracked 
| 182|0x00000000cb600000, 0x00000000cb600000, 0x00000000cb700000|  0%| F|  |TAMS 0x00000000cb600000| PB 0x00000000cb600000| Untracked 
| 183|0x00000000cb700000, 0x00000000cb700000, 0x00000000cb800000|  0%| F|  |TAMS 0x00000000cb700000| PB 0x00000000cb700000| Untracked 
| 184|0x00000000cb800000, 0x00000000cb800000, 0x00000000cb900000|  0%| F|  |TAMS 0x00000000cb800000| PB 0x00000000cb800000| Untracked 
| 185|0x00000000cb900000, 0x00000000cb900000, 0x00000000cba00000|  0%| F|  |TAMS 0x00000000cb900000| PB 0x00000000cb900000| Untracked 
| 186|0x00000000cba00000, 0x00000000cba00000, 0x00000000cbb00000|  0%| F|  |TAMS 0x00000000cba00000| PB 0x00000000cba00000| Untracked 
| 187|0x00000000cbb00000, 0x00000000cbb00000, 0x00000000cbc00000|  0%| F|  |TAMS 0x00000000cbb00000| PB 0x00000000cbb00000| Untracked 
| 188|0x00000000cbc00000, 0x00000000cbc00000, 0x00000000cbd00000|  0%| F|  |TAMS 0x00000000cbc00000| PB 0x00000000cbc00000| Untracked 
| 189|0x00000000cbd00000, 0x00000000cbd00000, 0x00000000cbe00000|  0%| F|  |TAMS 0x00000000cbd00000| PB 0x00000000cbd00000| Untracked 
| 190|0x00000000cbe00000, 0x00000000cbe00000, 0x00000000cbf00000|  0%| F|  |TAMS 0x00000000cbe00000| PB 0x00000000cbe00000| Untracked 
| 191|0x00000000cbf00000, 0x00000000cbf00000, 0x00000000cc000000|  0%| F|  |TAMS 0x00000000cbf00000| PB 0x00000000cbf00000| Untracked 
| 192|0x00000000cc000000, 0x00000000cc000000, 0x00000000cc100000|  0%| F|  |TAMS 0x00000000cc000000| PB 0x00000000cc000000| Untracked 
| 193|0x00000000cc100000, 0x00000000cc100000, 0x00000000cc200000|  0%| F|  |TAMS 0x00000000cc100000| PB 0x00000000cc100000| Untracked 
| 194|0x00000000cc200000, 0x00000000cc200000, 0x00000000cc300000|  0%| F|  |TAMS 0x00000000cc200000| PB 0x00000000cc200000| Untracked 
| 195|0x00000000cc300000, 0x00000000cc300000, 0x00000000cc400000|  0%| F|  |TAMS 0x00000000cc300000| PB 0x00000000cc300000| Untracked 
| 196|0x00000000cc400000, 0x00000000cc400000, 0x00000000cc500000|  0%| F|  |TAMS 0x00000000cc400000| PB 0x00000000cc400000| Untracked 
| 197|0x00000000cc500000, 0x00000000cc500000, 0x00000000cc600000|  0%| F|  |TAMS 0x00000000cc500000| PB 0x00000000cc500000| Untracked 
| 198|0x00000000cc600000, 0x00000000cc600000, 0x00000000cc700000|  0%| F|  |TAMS 0x00000000cc600000| PB 0x00000000cc600000| Untracked 
| 199|0x00000000cc700000, 0x00000000cc700000, 0x00000000cc800000|  0%| F|  |TAMS 0x00000000cc700000| PB 0x00000000cc700000| Untracked 
| 200|0x00000000cc800000, 0x00000000cc800000, 0x00000000cc900000|  0%| F|  |TAMS 0x00000000cc800000| PB 0x00000000cc800000| Untracked 
| 201|0x00000000cc900000, 0x00000000cc900000, 0x00000000cca00000|  0%| F|  |TAMS 0x00000000cc900000| PB 0x00000000cc900000| Untracked 
| 202|0x00000000cca00000, 0x00000000cca00000, 0x00000000ccb00000|  0%| F|  |TAMS 0x00000000cca00000| PB 0x00000000cca00000| Untracked 
| 203|0x00000000ccb00000, 0x00000000ccb00000, 0x00000000ccc00000|  0%| F|  |TAMS 0x00000000ccb00000| PB 0x00000000ccb00000| Untracked 
| 204|0x00000000ccc00000, 0x00000000ccc00000, 0x00000000ccd00000|  0%| F|  |TAMS 0x00000000ccc00000| PB 0x00000000ccc00000| Untracked 
| 205|0x00000000ccd00000, 0x00000000ccd00000, 0x00000000cce00000|  0%| F|  |TAMS 0x00000000ccd00000| PB 0x00000000ccd00000| Untracked 
| 206|0x00000000cce00000, 0x00000000cce00000, 0x00000000ccf00000|  0%| F|  |TAMS 0x00000000cce00000| PB 0x00000000cce00000| Untracked 
| 207|0x00000000ccf00000, 0x00000000ccf00000, 0x00000000cd000000|  0%| F|  |TAMS 0x00000000ccf00000| PB 0x00000000ccf00000| Untracked 
| 208|0x00000000cd000000, 0x00000000cd000000, 0x00000000cd100000|  0%| F|  |TAMS 0x00000000cd000000| PB 0x00000000cd000000| Untracked 
| 209|0x00000000cd100000, 0x00000000cd100000, 0x00000000cd200000|  0%| F|  |TAMS 0x00000000cd100000| PB 0x00000000cd100000| Untracked 
| 210|0x00000000cd200000, 0x00000000cd200000, 0x00000000cd300000|  0%| F|  |TAMS 0x00000000cd200000| PB 0x00000000cd200000| Untracked 
| 211|0x00000000cd300000, 0x00000000cd300000, 0x00000000cd400000|  0%| F|  |TAMS 0x00000000cd300000| PB 0x00000000cd300000| Untracked 
| 212|0x00000000cd400000, 0x00000000cd400000, 0x00000000cd500000|  0%| F|  |TAMS 0x00000000cd400000| PB 0x00000000cd400000| Untracked 
| 213|0x00000000cd500000, 0x00000000cd500000, 0x00000000cd600000|  0%| F|  |TAMS 0x00000000cd500000| PB 0x00000000cd500000| Untracked 
| 214|0x00000000cd600000, 0x00000000cd600000, 0x00000000cd700000|  0%| F|  |TAMS 0x00000000cd600000| PB 0x00000000cd600000| Untracked 
| 215|0x00000000cd700000, 0x00000000cd700000, 0x00000000cd800000|  0%| F|  |TAMS 0x00000000cd700000| PB 0x00000000cd700000| Untracked 
| 216|0x00000000cd800000, 0x00000000cd800000, 0x00000000cd900000|  0%| F|  |TAMS 0x00000000cd800000| PB 0x00000000cd800000| Untracked 
| 217|0x00000000cd900000, 0x00000000cd900000, 0x00000000cda00000|  0%| F|  |TAMS 0x00000000cd900000| PB 0x00000000cd900000| Untracked 
| 218|0x00000000cda00000, 0x00000000cda00000, 0x00000000cdb00000|  0%| F|  |TAMS 0x00000000cda00000| PB 0x00000000cda00000| Untracked 
| 219|0x00000000cdb00000, 0x00000000cdb00000, 0x00000000cdc00000|  0%| F|  |TAMS 0x00000000cdb00000| PB 0x00000000cdb00000| Untracked 
| 220|0x00000000cdc00000, 0x00000000cdc00000, 0x00000000cdd00000|  0%| F|  |TAMS 0x00000000cdc00000| PB 0x00000000cdc00000| Untracked 
| 221|0x00000000cdd00000, 0x00000000cdd00000, 0x00000000cde00000|  0%| F|  |TAMS 0x00000000cdd00000| PB 0x00000000cdd00000| Untracked 
| 222|0x00000000cde00000, 0x00000000cde00000, 0x00000000cdf00000|  0%| F|  |TAMS 0x00000000cde00000| PB 0x00000000cde00000| Untracked 
| 223|0x00000000cdf00000, 0x00000000cdf00000, 0x00000000ce000000|  0%| F|  |TAMS 0x00000000cdf00000| PB 0x00000000cdf00000| Untracked 
| 224|0x00000000ce000000, 0x00000000ce000000, 0x00000000ce100000|  0%| F|  |TAMS 0x00000000ce000000| PB 0x00000000ce000000| Untracked 
| 225|0x00000000ce100000, 0x00000000ce100000, 0x00000000ce200000|  0%| F|  |TAMS 0x00000000ce100000| PB 0x00000000ce100000| Untracked 
| 226|0x00000000ce200000, 0x00000000ce200000, 0x00000000ce300000|  0%| F|  |TAMS 0x00000000ce200000| PB 0x00000000ce200000| Untracked 
| 227|0x00000000ce300000, 0x00000000ce300000, 0x00000000ce400000|  0%| F|  |TAMS 0x00000000ce300000| PB 0x00000000ce300000| Untracked 
| 228|0x00000000ce400000, 0x00000000ce400000, 0x00000000ce500000|  0%| F|  |TAMS 0x00000000ce400000| PB 0x00000000ce400000| Untracked 
| 229|0x00000000ce500000, 0x00000000ce500000, 0x00000000ce600000|  0%| F|  |TAMS 0x00000000ce500000| PB 0x00000000ce500000| Untracked 
| 230|0x00000000ce600000, 0x00000000ce600000, 0x00000000ce700000|  0%| F|  |TAMS 0x00000000ce600000| PB 0x00000000ce600000| Untracked 
| 231|0x00000000ce700000, 0x00000000ce700000, 0x00000000ce800000|  0%| F|  |TAMS 0x00000000ce700000| PB 0x00000000ce700000| Untracked 
| 232|0x00000000ce800000, 0x00000000ce800000, 0x00000000ce900000|  0%| F|  |TAMS 0x00000000ce800000| PB 0x00000000ce800000| Untracked 
| 233|0x00000000ce900000, 0x00000000ce900000, 0x00000000cea00000|  0%| F|  |TAMS 0x00000000ce900000| PB 0x00000000ce900000| Untracked 
| 234|0x00000000cea00000, 0x00000000cea00000, 0x00000000ceb00000|  0%| F|  |TAMS 0x00000000cea00000| PB 0x00000000cea00000| Untracked 
| 235|0x00000000ceb00000, 0x00000000ceb00000, 0x00000000cec00000|  0%| F|  |TAMS 0x00000000ceb00000| PB 0x00000000ceb00000| Untracked 
| 236|0x00000000cec00000, 0x00000000cec00000, 0x00000000ced00000|  0%| F|  |TAMS 0x00000000cec00000| PB 0x00000000cec00000| Untracked 
| 237|0x00000000ced00000, 0x00000000ced00000, 0x00000000cee00000|  0%| F|  |TAMS 0x00000000ced00000| PB 0x00000000ced00000| Untracked 
| 238|0x00000000cee00000, 0x00000000cee00000, 0x00000000cef00000|  0%| F|  |TAMS 0x00000000cee00000| PB 0x00000000cee00000| Untracked 
| 239|0x00000000cef00000, 0x00000000cef00000, 0x00000000cf000000|  0%| F|  |TAMS 0x00000000cef00000| PB 0x00000000cef00000| Untracked 
| 240|0x00000000cf000000, 0x00000000cf000000, 0x00000000cf100000|  0%| F|  |TAMS 0x00000000cf000000| PB 0x00000000cf000000| Untracked 
| 241|0x00000000cf100000, 0x00000000cf100000, 0x00000000cf200000|  0%| F|  |TAMS 0x00000000cf100000| PB 0x00000000cf100000| Untracked 
| 242|0x00000000cf200000, 0x00000000cf200000, 0x00000000cf300000|  0%| F|  |TAMS 0x00000000cf200000| PB 0x00000000cf200000| Untracked 
| 243|0x00000000cf300000, 0x00000000cf300000, 0x00000000cf400000|  0%| F|  |TAMS 0x00000000cf300000| PB 0x00000000cf300000| Untracked 
| 244|0x00000000cf400000, 0x00000000cf400000, 0x00000000cf500000|  0%| F|  |TAMS 0x00000000cf400000| PB 0x00000000cf400000| Untracked 
| 245|0x00000000cf500000, 0x00000000cf500000, 0x00000000cf600000|  0%| F|  |TAMS 0x00000000cf500000| PB 0x00000000cf500000| Untracked 
| 246|0x00000000cf600000, 0x00000000cf600000, 0x00000000cf700000|  0%| F|  |TAMS 0x00000000cf600000| PB 0x00000000cf600000| Untracked 
| 247|0x00000000cf700000, 0x00000000cf700000, 0x00000000cf800000|  0%| F|  |TAMS 0x00000000cf700000| PB 0x00000000cf700000| Untracked 
| 248|0x00000000cf800000, 0x00000000cf800000, 0x00000000cf900000|  0%| F|  |TAMS 0x00000000cf800000| PB 0x00000000cf800000| Untracked 
| 249|0x00000000cf900000, 0x00000000cf900000, 0x00000000cfa00000|  0%| F|  |TAMS 0x00000000cf900000| PB 0x00000000cf900000| Untracked 
| 250|0x00000000cfa00000, 0x00000000cfa00000, 0x00000000cfb00000|  0%| F|  |TAMS 0x00000000cfa00000| PB 0x00000000cfa00000| Untracked 
| 251|0x00000000cfb00000, 0x00000000cfb00000, 0x00000000cfc00000|  0%| F|  |TAMS 0x00000000cfb00000| PB 0x00000000cfb00000| Untracked 
| 252|0x00000000cfc00000, 0x00000000cfc00000, 0x00000000cfd00000|  0%| F|  |TAMS 0x00000000cfc00000| PB 0x00000000cfc00000| Untracked 
| 253|0x00000000cfd00000, 0x00000000cfd00000, 0x00000000cfe00000|  0%| F|  |TAMS 0x00000000cfd00000| PB 0x00000000cfd00000| Untracked 
| 254|0x00000000cfe00000, 0x00000000cfe00000, 0x00000000cff00000|  0%| F|  |TAMS 0x00000000cfe00000| PB 0x00000000cfe00000| Untracked 
| 255|0x00000000cff00000, 0x00000000cff00000, 0x00000000d0000000|  0%| F|  |TAMS 0x00000000cff00000| PB 0x00000000cff00000| Untracked 
| 256|0x00000000d0000000, 0x00000000d0000000, 0x00000000d0100000|  0%| F|  |TAMS 0x00000000d0000000| PB 0x00000000d0000000| Untracked 
| 257|0x00000000d0100000, 0x00000000d0100000, 0x00000000d0200000|  0%| F|  |TAMS 0x00000000d0100000| PB 0x00000000d0100000| Untracked 
| 258|0x00000000d0200000, 0x00000000d0200000, 0x00000000d0300000|  0%| F|  |TAMS 0x00000000d0200000| PB 0x00000000d0200000| Untracked 
| 259|0x00000000d0300000, 0x00000000d0300000, 0x00000000d0400000|  0%| F|  |TAMS 0x00000000d0300000| PB 0x00000000d0300000| Untracked 
| 260|0x00000000d0400000, 0x00000000d0400000, 0x00000000d0500000|  0%| F|  |TAMS 0x00000000d0400000| PB 0x00000000d0400000| Untracked 
| 261|0x00000000d0500000, 0x00000000d0500000, 0x00000000d0600000|  0%| F|  |TAMS 0x00000000d0500000| PB 0x00000000d0500000| Untracked 
| 262|0x00000000d0600000, 0x00000000d0600000, 0x00000000d0700000|  0%| F|  |TAMS 0x00000000d0600000| PB 0x00000000d0600000| Untracked 
| 263|0x00000000d0700000, 0x00000000d0700000, 0x00000000d0800000|  0%| F|  |TAMS 0x00000000d0700000| PB 0x00000000d0700000| Untracked 
| 264|0x00000000d0800000, 0x00000000d0800000, 0x00000000d0900000|  0%| F|  |TAMS 0x00000000d0800000| PB 0x00000000d0800000| Untracked 
| 265|0x00000000d0900000, 0x00000000d0900000, 0x00000000d0a00000|  0%| F|  |TAMS 0x00000000d0900000| PB 0x00000000d0900000| Untracked 
| 266|0x00000000d0a00000, 0x00000000d0a00000, 0x00000000d0b00000|  0%| F|  |TAMS 0x00000000d0a00000| PB 0x00000000d0a00000| Untracked 
| 267|0x00000000d0b00000, 0x00000000d0b00000, 0x00000000d0c00000|  0%| F|  |TAMS 0x00000000d0b00000| PB 0x00000000d0b00000| Untracked 
| 268|0x00000000d0c00000, 0x00000000d0c00000, 0x00000000d0d00000|  0%| F|  |TAMS 0x00000000d0c00000| PB 0x00000000d0c00000| Untracked 
| 269|0x00000000d0d00000, 0x00000000d0d00000, 0x00000000d0e00000|  0%| F|  |TAMS 0x00000000d0d00000| PB 0x00000000d0d00000| Untracked 
| 270|0x00000000d0e00000, 0x00000000d0e00000, 0x00000000d0f00000|  0%| F|  |TAMS 0x00000000d0e00000| PB 0x00000000d0e00000| Untracked 
| 271|0x00000000d0f00000, 0x00000000d0f00000, 0x00000000d1000000|  0%| F|  |TAMS 0x00000000d0f00000| PB 0x00000000d0f00000| Untracked 
| 272|0x00000000d1000000, 0x00000000d1000000, 0x00000000d1100000|  0%| F|  |TAMS 0x00000000d1000000| PB 0x00000000d1000000| Untracked 
| 273|0x00000000d1100000, 0x00000000d1100000, 0x00000000d1200000|  0%| F|  |TAMS 0x00000000d1100000| PB 0x00000000d1100000| Untracked 
| 274|0x00000000d1200000, 0x00000000d1200000, 0x00000000d1300000|  0%| F|  |TAMS 0x00000000d1200000| PB 0x00000000d1200000| Untracked 
| 275|0x00000000d1300000, 0x00000000d1300000, 0x00000000d1400000|  0%| F|  |TAMS 0x00000000d1300000| PB 0x00000000d1300000| Untracked 
| 276|0x00000000d1400000, 0x00000000d1400000, 0x00000000d1500000|  0%| F|  |TAMS 0x00000000d1400000| PB 0x00000000d1400000| Untracked 
| 277|0x00000000d1500000, 0x00000000d1500000, 0x00000000d1600000|  0%| F|  |TAMS 0x00000000d1500000| PB 0x00000000d1500000| Untracked 
| 278|0x00000000d1600000, 0x00000000d1600000, 0x00000000d1700000|  0%| F|  |TAMS 0x00000000d1600000| PB 0x00000000d1600000| Untracked 
| 279|0x00000000d1700000, 0x00000000d1700000, 0x00000000d1800000|  0%| F|  |TAMS 0x00000000d1700000| PB 0x00000000d1700000| Untracked 
| 280|0x00000000d1800000, 0x00000000d1900000, 0x00000000d1900000|100%| S|CS|TAMS 0x00000000d1800000| PB 0x00000000d1800000| Complete 
| 281|0x00000000d1900000, 0x00000000d1a00000, 0x00000000d1a00000|100%| S|CS|TAMS 0x00000000d1900000| PB 0x00000000d1900000| Complete 
| 282|0x00000000d1a00000, 0x00000000d1b00000, 0x00000000d1b00000|100%| S|CS|TAMS 0x00000000d1a00000| PB 0x00000000d1a00000| Complete 
| 283|0x00000000d1b00000, 0x00000000d1c00000, 0x00000000d1c00000|100%| S|CS|TAMS 0x00000000d1b00000| PB 0x00000000d1b00000| Complete 
| 284|0x00000000d1c00000, 0x00000000d1d00000, 0x00000000d1d00000|100%| S|CS|TAMS 0x00000000d1c00000| PB 0x00000000d1c00000| Complete 
| 285|0x00000000d1d00000, 0x00000000d1e00000, 0x00000000d1e00000|100%| S|CS|TAMS 0x00000000d1d00000| PB 0x00000000d1d00000| Complete 
| 286|0x00000000d1e00000, 0x00000000d1f00000, 0x00000000d1f00000|100%| S|CS|TAMS 0x00000000d1e00000| PB 0x00000000d1e00000| Complete 
| 287|0x00000000d1f00000, 0x00000000d2000000, 0x00000000d2000000|100%| S|CS|TAMS 0x00000000d1f00000| PB 0x00000000d1f00000| Complete 
| 288|0x00000000d2000000, 0x00000000d2100000, 0x00000000d2100000|100%| S|CS|TAMS 0x00000000d2000000| PB 0x00000000d2000000| Complete 
| 289|0x00000000d2100000, 0x00000000d2200000, 0x00000000d2200000|100%| S|CS|TAMS 0x00000000d2100000| PB 0x00000000d2100000| Complete 
| 290|0x00000000d2200000, 0x00000000d2300000, 0x00000000d2300000|100%| S|CS|TAMS 0x00000000d2200000| PB 0x00000000d2200000| Complete 
| 291|0x00000000d2300000, 0x00000000d2400000, 0x00000000d2400000|100%| S|CS|TAMS 0x00000000d2300000| PB 0x00000000d2300000| Complete 
| 292|0x00000000d2400000, 0x00000000d2500000, 0x00000000d2500000|100%| S|CS|TAMS 0x00000000d2400000| PB 0x00000000d2400000| Complete 
| 293|0x00000000d2500000, 0x00000000d2600000, 0x00000000d2600000|100%| S|CS|TAMS 0x00000000d2500000| PB 0x00000000d2500000| Complete 
| 294|0x00000000d2600000, 0x00000000d2700000, 0x00000000d2700000|100%| S|CS|TAMS 0x00000000d2600000| PB 0x00000000d2600000| Complete 
| 973|0x00000000fcd00000, 0x00000000fcded920, 0x00000000fce00000| 92%| O|  |TAMS 0x00000000fcd00000| PB 0x00000000fcd00000| Untracked 
| 974|0x00000000fce00000, 0x00000000fcf00000, 0x00000000fcf00000|100%| O|  |TAMS 0x00000000fce00000| PB 0x00000000fce00000| Untracked 
| 975|0x00000000fcf00000, 0x00000000fd000000, 0x00000000fd000000|100%| O|  |TAMS 0x00000000fcf00000| PB 0x00000000fcf00000| Untracked 
| 976|0x00000000fd000000, 0x00000000fd100000, 0x00000000fd100000|100%| O|  |TAMS 0x00000000fd000000| PB 0x00000000fd000000| Untracked 
| 977|0x00000000fd100000, 0x00000000fd200000, 0x00000000fd200000|100%| O|  |TAMS 0x00000000fd100000| PB 0x00000000fd100000| Untracked 
| 978|0x00000000fd200000, 0x00000000fd300000, 0x00000000fd300000|100%| O|  |TAMS 0x00000000fd200000| PB 0x00000000fd200000| Untracked 
| 979|0x00000000fd300000, 0x00000000fd400000, 0x00000000fd400000|100%| O|  |TAMS 0x00000000fd300000| PB 0x00000000fd300000| Untracked 
| 980|0x00000000fd400000, 0x00000000fd500000, 0x00000000fd500000|100%| O|  |TAMS 0x00000000fd400000| PB 0x00000000fd400000| Untracked 
| 981|0x00000000fd500000, 0x00000000fd600000, 0x00000000fd600000|100%| O|  |TAMS 0x00000000fd500000| PB 0x00000000fd500000| Untracked 
| 982|0x00000000fd600000, 0x00000000fd700000, 0x00000000fd700000|100%| O|  |TAMS 0x00000000fd600000| PB 0x00000000fd600000| Untracked 
| 983|0x00000000fd700000, 0x00000000fd800000, 0x00000000fd800000|100%| O|  |TAMS 0x00000000fd700000| PB 0x00000000fd700000| Untracked 
| 984|0x00000000fd800000, 0x00000000fd900000, 0x00000000fd900000|100%| O|  |TAMS 0x00000000fd800000| PB 0x00000000fd800000| Untracked 
| 985|0x00000000fd900000, 0x00000000fda00000, 0x00000000fda00000|100%| O|  |TAMS 0x00000000fd900000| PB 0x00000000fd900000| Untracked 
| 986|0x00000000fda00000, 0x00000000fdb00000, 0x00000000fdb00000|100%| O|  |TAMS 0x00000000fda00000| PB 0x00000000fda00000| Untracked 
| 987|0x00000000fdb00000, 0x00000000fdb00000, 0x00000000fdc00000|  0%| F|  |TAMS 0x00000000fdb00000| PB 0x00000000fdb00000| Untracked 
| 988|0x00000000fdc00000, 0x00000000fdc00000, 0x00000000fdd00000|  0%| F|  |TAMS 0x00000000fdc00000| PB 0x00000000fdc00000| Untracked 
| 989|0x00000000fdd00000, 0x00000000fdd00000, 0x00000000fde00000|  0%| F|  |TAMS 0x00000000fdd00000| PB 0x00000000fdd00000| Untracked 
| 990|0x00000000fde00000, 0x00000000fde9b790, 0x00000000fdf00000| 60%| E|  |TAMS 0x00000000fde00000| PB 0x00000000fde00000| Complete 
| 991|0x00000000fdf00000, 0x00000000fe000000, 0x00000000fe000000|100%| E|CS|TAMS 0x00000000fdf00000| PB 0x00000000fdf00000| Complete 
| 992|0x00000000fe000000, 0x00000000fe100000, 0x00000000fe100000|100%| E|CS|TAMS 0x00000000fe000000| PB 0x00000000fe000000| Complete 
| 993|0x00000000fe100000, 0x00000000fe200000, 0x00000000fe200000|100%| O|  |TAMS 0x00000000fe100000| PB 0x00000000fe100000| Untracked 
| 994|0x00000000fe200000, 0x00000000fe300000, 0x00000000fe300000|100%| E|CS|TAMS 0x00000000fe200000| PB 0x00000000fe200000| Complete 
| 995|0x00000000fe300000, 0x00000000fe400000, 0x00000000fe400000|100%| E|CS|TAMS 0x00000000fe300000| PB 0x00000000fe300000| Complete 
| 996|0x00000000fe400000, 0x00000000fe500000, 0x00000000fe500000|100%| E|CS|TAMS 0x00000000fe400000| PB 0x00000000fe400000| Complete 
| 997|0x00000000fe500000, 0x00000000fe600000, 0x00000000fe600000|100%| E|CS|TAMS 0x00000000fe500000| PB 0x00000000fe500000| Complete 
| 998|0x00000000fe600000, 0x00000000fe700000, 0x00000000fe700000|100%| O|  |TAMS 0x00000000fe600000| PB 0x00000000fe600000| Untracked 
| 999|0x00000000fe700000, 0x00000000fe800000, 0x00000000fe800000|100%| O|  |TAMS 0x00000000fe700000| PB 0x00000000fe700000| Untracked 
|1000|0x00000000fe800000, 0x00000000fe900000, 0x00000000fe900000|100%| O|  |TAMS 0x00000000fe800000| PB 0x00000000fe800000| Untracked 
|1001|0x00000000fe900000, 0x00000000fea00000, 0x00000000fea00000|100%| O|  |TAMS 0x00000000fe900000| PB 0x00000000fe900000| Untracked 
|1002|0x00000000fea00000, 0x00000000feb00000, 0x00000000feb00000|100%| O|  |TAMS 0x00000000fea00000| PB 0x00000000fea00000| Untracked 
|1003|0x00000000feb00000, 0x00000000fec00000, 0x00000000fec00000|100%| O|  |TAMS 0x00000000feb00000| PB 0x00000000feb00000| Untracked 
|1004|0x00000000fec00000, 0x00000000fed00000, 0x00000000fed00000|100%| O|  |TAMS 0x00000000fec00000| PB 0x00000000fec00000| Untracked 
|1005|0x00000000fed00000, 0x00000000fee00000, 0x00000000fee00000|100%| E|CS|TAMS 0x00000000fed00000| PB 0x00000000fed00000| Complete 
|1006|0x00000000fee00000, 0x00000000fef00000, 0x00000000fef00000|100%| E|CS|TAMS 0x00000000fee00000| PB 0x00000000fee00000| Complete 
|1007|0x00000000fef00000, 0x00000000ff000000, 0x00000000ff000000|100%| E|CS|TAMS 0x00000000fef00000| PB 0x00000000fef00000| Complete 
|1008|0x00000000ff000000, 0x00000000ff100000, 0x00000000ff100000|100%| E|CS|TAMS 0x00000000ff000000| PB 0x00000000ff000000| Complete 
|1009|0x00000000ff100000, 0x00000000ff200000, 0x00000000ff200000|100%| E|CS|TAMS 0x00000000ff100000| PB 0x00000000ff100000| Complete 
|1010|0x00000000ff200000, 0x00000000ff300000, 0x00000000ff300000|100%| E|CS|TAMS 0x00000000ff200000| PB 0x00000000ff200000| Complete 
|1011|0x00000000ff300000, 0x00000000ff400000, 0x00000000ff400000|100%| E|CS|TAMS 0x00000000ff300000| PB 0x00000000ff300000| Complete 
|1012|0x00000000ff400000, 0x00000000ff500000, 0x00000000ff500000|100%| E|CS|TAMS 0x00000000ff400000| PB 0x00000000ff400000| Complete 
|1013|0x00000000ff500000, 0x00000000ff600000, 0x00000000ff600000|100%| O|  |TAMS 0x00000000ff500000| PB 0x00000000ff500000| Untracked 
|1014|0x00000000ff600000, 0x00000000ff700000, 0x00000000ff700000|100%| E|CS|TAMS 0x00000000ff600000| PB 0x00000000ff600000| Complete 
|1015|0x00000000ff700000, 0x00000000ff800000, 0x00000000ff800000|100%| E|CS|TAMS 0x00000000ff700000| PB 0x00000000ff700000| Complete 
|1016|0x00000000ff800000, 0x00000000ff900000, 0x00000000ff900000|100%| E|CS|TAMS 0x00000000ff800000| PB 0x00000000ff800000| Complete 
|1017|0x00000000ff900000, 0x00000000ffa00000, 0x00000000ffa00000|100%| E|CS|TAMS 0x00000000ff900000| PB 0x00000000ff900000| Complete 
|1018|0x00000000ffa00000, 0x00000000ffb00000, 0x00000000ffb00000|100%| O|  |TAMS 0x00000000ffa00000| PB 0x00000000ffa00000| Untracked 
|1019|0x00000000ffb00000, 0x00000000ffc00000, 0x00000000ffc00000|100%| O|  |TAMS 0x00000000ffb00000| PB 0x00000000ffb00000| Untracked 
|1020|0x00000000ffc00000, 0x00000000ffd00000, 0x00000000ffd00000|100%| O|  |TAMS 0x00000000ffc00000| PB 0x00000000ffc00000| Untracked 
|1021|0x00000000ffd00000, 0x00000000ffe00000, 0x00000000ffe00000|100%| O|  |TAMS 0x00000000ffd00000| PB 0x00000000ffd00000| Untracked 
|1022|0x00000000ffe00000, 0x00000000fff00000, 0x00000000fff00000|100%| O|  |TAMS 0x00000000ffe00000| PB 0x00000000ffe00000| Untracked 
|1023|0x00000000fff00000, 0x0000000100000000, 0x0000000100000000|100%| O|  |TAMS 0x00000000fff00000| PB 0x00000000fff00000| Untracked 

Card table byte_map: [0x000001ace9a30000,0x000001ace9c30000] _byte_map_base: 0x000001ace9430000

Marking Bits: (CMBitMap*) 0x000001acd6e86720
 Bits: [0x000001ace9c30000, 0x000001aceac30000)

Polling page: 0x000001acd4c50000

Metaspace:

Usage:
  Non-class:    142.67 MB used.
      Class:     23.12 MB used.
       Both:    165.79 MB used.

Virtual space:
  Non-class space:      192.00 MB reserved,     144.31 MB ( 75%) committed,  3 nodes.
      Class space:        1.00 GB reserved,      25.00 MB (  2%) committed,  1 nodes.
             Both:        1.19 GB reserved,     169.31 MB ( 14%) committed. 

Chunk freelists:
   Non-Class:  16.75 MB
       Class:  8.09 MB
        Both:  24.85 MB

MaxMetaspaceSize: unlimited
CompressedClassSpaceSize: 1.00 GB
Initial GC threshold: 21.00 MB
Current GC threshold: 282.19 MB
CDS: off
 - commit_granule_bytes: 65536.
 - commit_granule_words: 8192.
 - virtual_space_node_default_size: 8388608.
 - enlarge_chunks_in_place: 1.
 - use_allocation_guard: 0.


Internal statistics:

num_allocs_failed_limit: 9.
num_arena_births: 5144.
num_arena_deaths: 2734.
num_vsnodes_births: 4.
num_vsnodes_deaths: 0.
num_space_committed: 2709.
num_space_uncommitted: 4.
num_chunks_returned_to_freelist: 3212.
num_chunks_taken_from_freelist: 12698.
num_chunk_merges: 1136.
num_chunk_splits: 8153.
num_chunks_enlarged: 5318.
num_inconsistent_stats: 0.

CodeHeap 'non-profiled nmethods': size=119168Kb used=18289Kb max_used=18814Kb free=100878Kb
 bounds [0x000001ace1b40000, 0x000001ace2dd0000, 0x000001ace8fa0000]
CodeHeap 'profiled nmethods': size=119104Kb used=36987Kb max_used=45947Kb free=82116Kb
 bounds [0x000001acd9fa0000, 0x000001acdcc80000, 0x000001ace13f0000]
CodeHeap 'non-nmethods': size=7488Kb used=3474Kb max_used=4137Kb free=4014Kb
 bounds [0x000001ace13f0000, 0x000001ace1810000, 0x000001ace1b40000]
CodeCache: size=245760Kb, used=58750Kb, max_used=68898Kb, free=187008Kb
 total_blobs=18460, nmethods=17436, adapters=924, full_count=0
Compilation: enabled, stopped_count=0, restarted_count=0

Compilation events (20 events):
Event: 1295.732 Thread 0x000001acff967cb0 nmethod 34655 0x000001ace1c7f190 code [0x000001ace1c7f3c0, 0x000001ace1c7f750]
Event: 1295.735 Thread 0x000001acf3627660 34657       3       com.android.builder.internal.aapt.AaptPackageConfig$Builder::addResourceDir (46 bytes)
Event: 1295.736 Thread 0x000001acf3627660 nmethod 34657 0x000001acdab86410 code [0x000001acdab866e0, 0x000001acdab87300]
Event: 1295.736 Thread 0x000001acf518ecc0 34658       3       java.lang.Character::isSpaceChar (19 bytes)
Event: 1295.736 Thread 0x000001acf3627660 34659       3       java.lang.Character::isSpaceChar (5 bytes)
Event: 1295.736 Thread 0x000001acf518ecc0 nmethod 34658 0x000001acdbe42810 code [0x000001acdbe429e0, 0x000001acdbe42c80]
Event: 1295.736 Thread 0x000001acf3627660 nmethod 34659 0x000001acdcb1d610 code [0x000001acdcb1d7e0, 0x000001acdcb1dae8]
Event: 1295.738 Thread 0x000001acf20f5930 34660       3       org.gradle.internal.execution.caching.impl.DefaultCachingStateFactory$$Lambda/0x0000000101180000::accept (12 bytes)
Event: 1295.738 Thread 0x000001acf3627660 34661       3       org.gradle.internal.execution.caching.impl.DefaultCachingStateFactory::lambda$createCachingState$0 (20 bytes)
Event: 1295.738 Thread 0x000001acf518ecc0 34662       3       org.slf4j.helpers.NOPLogger::warn (1 bytes)
Event: 1295.738 Thread 0x000001acf518ecc0 nmethod 34662 0x000001acdb3a6410 code [0x000001acdb3a65a0, 0x000001acdb3a66a8]
Event: 1295.738 Thread 0x000001acf3627660 nmethod 34661 0x000001acdaff0a10 code [0x000001acdaff0bc0, 0x000001acdaff0df8]
Event: 1295.738 Thread 0x000001acf20f5930 nmethod 34660 0x000001acdc915590 code [0x000001acdc915760, 0x000001acdc915ae0]
Event: 1295.739 Thread 0x000001acf518ecc0 34663       3       org.gradle.internal.time.DefaultTimer::getElapsed (10 bytes)
Event: 1295.739 Thread 0x000001acf518ecc0 nmethod 34663 0x000001acdc566a10 code [0x000001acdc566bc0, 0x000001acdc566db0]
Event: 1295.740 Thread 0x000001acf20f5930 34664       3       org.gradle.internal.logging.events.StyledTextOutputEvent::<init> (24 bytes)
Event: 1295.740 Thread 0x000001acf20f5930 nmethod 34664 0x000001acdb03a490 code [0x000001acdb03a660, 0x000001acdb03a898]
Event: 1295.767 Thread 0x000001acff967cb0 34665       4       org.gradle.internal.classpath.declarations.FileInterceptorsDeclaration::intercept_isFile (6 bytes)
Event: 1295.790 Thread 0x000001acf3627660 34666       3       com.android.builder.internal.aapt.v2.AaptV2CommandBuilder$makeLinkCommand$$inlined$sortedBy$1::<init> (5 bytes)
Event: 1295.790 Thread 0x000001acf88b4250 34667       4       com.google.common.collect.ImmutableList$Builder::add (14 bytes)

GC Heap History (20 events):
Event: 1108.899 GC heap before
{Heap before GC invocations=73 (full 0):
 garbage-first heap   total 293888K, used 274432K [0x00000000c0000000, 0x0000000100000000)
  region size 1024K, 102 young (104448K), 10 survivors (10240K)
 Metaspace       used 168283K, committed 173248K, reserved 1245184K
  class space    used 23666K, committed 25600K, reserved 1048576K
}
Event: 1108.909 GC heap after
{Heap after GC invocations=74 (full 0):
 garbage-first heap   total 296960K, used 171121K [0x00000000c0000000, 0x0000000100000000)
  region size 1024K, 13 young (13312K), 13 survivors (13312K)
 Metaspace       used 168283K, committed 173248K, reserved 1245184K
  class space    used 23666K, committed 25600K, reserved 1048576K
}
Event: 1110.191 GC heap before
{Heap before GC invocations=74 (full 0):
 garbage-first heap   total 296960K, used 256113K [0x00000000c0000000, 0x0000000100000000)
  region size 1024K, 97 young (99328K), 13 survivors (13312K)
 Metaspace       used 168504K, committed 173248K, reserved 1245184K
  class space    used 23666K, committed 25600K, reserved 1048576K
}
Event: 1110.206 GC heap after
{Heap after GC invocations=75 (full 0):
 garbage-first heap   total 296960K, used 162781K [0x00000000c0000000, 0x0000000100000000)
  region size 1024K, 8 young (8192K), 8 survivors (8192K)
 Metaspace       used 168504K, committed 173248K, reserved 1245184K
  class space    used 23666K, committed 25600K, reserved 1048576K
}
Event: 1110.557 GC heap before
{Heap before GC invocations=75 (full 0):
 garbage-first heap   total 296960K, used 261085K [0x00000000c0000000, 0x0000000100000000)
  region size 1024K, 101 young (103424K), 8 survivors (8192K)
 Metaspace       used 168573K, committed 173312K, reserved 1245184K
  class space    used 23666K, committed 25600K, reserved 1048576K
}
Event: 1110.563 GC heap after
{Heap after GC invocations=76 (full 0):
 garbage-first heap   total 296960K, used 170236K [0x00000000c0000000, 0x0000000100000000)
  region size 1024K, 7 young (7168K), 7 survivors (7168K)
 Metaspace       used 168573K, committed 173312K, reserved 1245184K
  class space    used 23666K, committed 25600K, reserved 1048576K
}
Event: 1110.661 GC heap before
{Heap before GC invocations=76 (full 0):
 garbage-first heap   total 296960K, used 179452K [0x00000000c0000000, 0x0000000100000000)
  region size 1024K, 18 young (18432K), 7 survivors (7168K)
 Metaspace       used 168578K, committed 173312K, reserved 1245184K
  class space    used 23666K, committed 25600K, reserved 1048576K
}
Event: 1110.663 GC heap after
{Heap after GC invocations=77 (full 0):
 garbage-first heap   total 296960K, used 163662K [0x00000000c0000000, 0x0000000100000000)
  region size 1024K, 1 young (1024K), 1 survivors (1024K)
 Metaspace       used 168578K, committed 173312K, reserved 1245184K
  class space    used 23666K, committed 25600K, reserved 1048576K
}
Event: 1252.688 GC heap before
{Heap before GC invocations=78 (full 0):
 garbage-first heap   total 296960K, used 280398K [0x00000000c0000000, 0x0000000100000000)
  region size 1024K, 105 young (107520K), 1 survivors (1024K)
 Metaspace       used 168578K, committed 173312K, reserved 1245184K
  class space    used 23648K, committed 25600K, reserved 1048576K
}
Event: 1252.693 GC heap after
{Heap after GC invocations=79 (full 0):
 garbage-first heap   total 296960K, used 169489K [0x00000000c0000000, 0x0000000100000000)
  region size 1024K, 10 young (10240K), 10 survivors (10240K)
 Metaspace       used 168578K, committed 173312K, reserved 1245184K
  class space    used 23648K, committed 25600K, reserved 1048576K
}
Event: 1253.459 GC heap before
{Heap before GC invocations=79 (full 0):
 garbage-first heap   total 296960K, used 292369K [0x00000000c0000000, 0x0000000100000000)
  region size 1024K, 107 young (109568K), 10 survivors (10240K)
 Metaspace       used 168987K, committed 173376K, reserved 1245184K
  class space    used 23671K, committed 25600K, reserved 1048576K
}
Event: 1253.471 GC heap after
{Heap after GC invocations=80 (full 0):
 garbage-first heap   total 324608K, used 164821K [0x00000000c0000000, 0x0000000100000000)
  region size 1024K, 12 young (12288K), 12 survivors (12288K)
 Metaspace       used 168987K, committed 173376K, reserved 1245184K
  class space    used 23671K, committed 25600K, reserved 1048576K
}
Event: 1255.133 GC heap before
{Heap before GC invocations=80 (full 0):
 garbage-first heap   total 324608K, used 294869K [0x00000000c0000000, 0x0000000100000000)
  region size 1024K, 138 young (141312K), 12 survivors (12288K)
 Metaspace       used 169206K, committed 173376K, reserved 1245184K
  class space    used 23672K, committed 25600K, reserved 1048576K
}
Event: 1255.139 GC heap after
{Heap after GC invocations=81 (full 0):
 garbage-first heap   total 324608K, used 161467K [0x00000000c0000000, 0x0000000100000000)
  region size 1024K, 9 young (9216K), 9 survivors (9216K)
 Metaspace       used 169206K, committed 173376K, reserved 1245184K
  class space    used 23672K, committed 25600K, reserved 1048576K
}
Event: 1255.210 GC heap before
{Heap before GC invocations=81 (full 0):
 garbage-first heap   total 324608K, used 183995K [0x00000000c0000000, 0x0000000100000000)
  region size 1024K, 33 young (33792K), 9 survivors (9216K)
 Metaspace       used 169212K, committed 173376K, reserved 1245184K
  class space    used 23672K, committed 25600K, reserved 1048576K
}
Event: 1255.213 GC heap after
{Heap after GC invocations=82 (full 0):
 garbage-first heap   total 324608K, used 159839K [0x00000000c0000000, 0x0000000100000000)
  region size 1024K, 8 young (8192K), 8 survivors (8192K)
 Metaspace       used 169212K, committed 173376K, reserved 1245184K
  class space    used 23672K, committed 25600K, reserved 1048576K
}
Event: 1294.820 GC heap before
{Heap before GC invocations=83 (full 0):
 garbage-first heap   total 324608K, used 311391K [0x00000000c0000000, 0x0000000100000000)
  region size 1024K, 143 young (146432K), 8 survivors (8192K)
 Metaspace       used 169178K, committed 173376K, reserved 1245184K
  class space    used 23654K, committed 25600K, reserved 1048576K
}
Event: 1294.825 GC heap after
{Heap after GC invocations=84 (full 0):
 garbage-first heap   total 324608K, used 160798K [0x00000000c0000000, 0x0000000100000000)
  region size 1024K, 11 young (11264K), 11 survivors (11264K)
 Metaspace       used 169178K, committed 173376K, reserved 1245184K
  class space    used 23654K, committed 25600K, reserved 1048576K
}
Event: 1295.598 GC heap before
{Heap before GC invocations=84 (full 0):
 garbage-first heap   total 324608K, used 318494K [0x00000000c0000000, 0x0000000100000000)
  region size 1024K, 142 young (145408K), 11 survivors (11264K)
 Metaspace       used 169710K, committed 173376K, reserved 1245184K
  class space    used 23677K, committed 25600K, reserved 1048576K
}
Event: 1295.610 GC heap after
{Heap after GC invocations=85 (full 0):
 garbage-first heap   total 354304K, used 166838K [0x00000000c0000000, 0x0000000100000000)
  region size 1024K, 18 young (18432K), 18 survivors (18432K)
 Metaspace       used 169710K, committed 173376K, reserved 1245184K
  class space    used 23677K, committed 25600K, reserved 1048576K
}

Dll operation events (3 events):
Event: 0.007 Loaded shared library C:\Program Files\Android\Android Studio1\jbr\bin\java.dll
Event: 0.011 Loaded shared library C:\Program Files\Android\Android Studio1\jbr\bin\zip.dll
Event: 0.325 Loaded shared library C:\Program Files\Android\Android Studio1\jbr\bin\verify.dll

Deoptimization events (20 events):
Event: 1294.931 Thread 0x000001ac87d71d20 DEOPT PACKING pc=0x000001acda050179 sp=0x00000047bf9fa760
Event: 1294.931 Thread 0x000001ac87d71d20 DEOPT UNPACKING pc=0x000001ace1444e42 sp=0x00000047bf9f9de0 mode 0
Event: 1294.941 Thread 0x000001ac87d71d20 DEOPT PACKING pc=0x000001acda050179 sp=0x00000047bf9fa760
Event: 1294.941 Thread 0x000001ac87d71d20 DEOPT UNPACKING pc=0x000001ace1444e42 sp=0x00000047bf9f9de0 mode 0
Event: 1294.955 Thread 0x000001ac87d71d20 DEOPT PACKING pc=0x000001acdb7558f5 sp=0x00000047bf9fa6f0
Event: 1294.955 Thread 0x000001ac87d71d20 DEOPT UNPACKING pc=0x000001ace1444e42 sp=0x00000047bf9f9c90 mode 0
Event: 1294.964 Thread 0x000001ac87d71d20 DEOPT PACKING pc=0x000001acdb7558d4 sp=0x00000047bf9fa6f0
Event: 1294.964 Thread 0x000001ac87d71d20 DEOPT UNPACKING pc=0x000001ace1444e42 sp=0x00000047bf9f9c90 mode 0
Event: 1295.024 Thread 0x000001ac87d730d0 Uncommon trap: trap_request=0xffffff76 fr.pc=0x000001ace20de1cc relative=0x00000000000004ec
Event: 1295.024 Thread 0x000001ac87d730d0 Uncommon trap: reason=predicate action=maybe_recompile pc=0x000001ace20de1cc method=com.google.common.collect.ImmutableList.copyIntoArray([Ljava/lang/Object;I)I @ 11 c2
Event: 1295.024 Thread 0x000001ac87d730d0 DEOPT PACKING pc=0x000001ace20de1cc sp=0x00000047bfdfb690
Event: 1295.024 Thread 0x000001ac87d730d0 DEOPT UNPACKING pc=0x000001ace14446a2 sp=0x00000047bfdfb650 mode 2
Event: 1295.197 Thread 0x000001ac87d730d0 Uncommon trap: trap_request=0xffffffd6 fr.pc=0x000001ace23e3fec relative=0x000000000000086c
Event: 1295.197 Thread 0x000001ac87d730d0 Uncommon trap: reason=array_check action=maybe_recompile pc=0x000001ace23e3fec method=java.util.ComparableTimSort.reverseRange([Ljava/lang/Object;II)V @ 20 c2
Event: 1295.197 Thread 0x000001ac87d730d0 DEOPT PACKING pc=0x000001ace23e3fec sp=0x00000047bfdfa2a0
Event: 1295.197 Thread 0x000001ac87d730d0 DEOPT UNPACKING pc=0x000001ace14446a2 sp=0x00000047bfdfa1d8 mode 2
Event: 1295.249 Thread 0x000001ac87d730d0 DEOPT PACKING pc=0x000001acda02546a sp=0x00000047bfdf9880
Event: 1295.249 Thread 0x000001ac87d730d0 DEOPT UNPACKING pc=0x000001ace1444e42 sp=0x00000047bfdf8df0 mode 0
Event: 1295.485 Thread 0x000001ac87d730d0 DEOPT PACKING pc=0x000001acdba32d69 sp=0x00000047bfdf8f80
Event: 1295.485 Thread 0x000001ac87d730d0 DEOPT UNPACKING pc=0x000001ace1444e42 sp=0x00000047bfdf8510 mode 0

Classes loaded (20 events):
Event: 147.474 Loading class org/w3c/dom/ls/DOMImplementationLS
Event: 147.474 Loading class org/w3c/dom/ls/DOMImplementationLS done
Event: 147.474 Loading class com/sun/org/apache/xerces/internal/dom/CoreDOMImplementationImpl done
Event: 147.474 Loading class com/sun/org/apache/xerces/internal/dom/DOMImplementationImpl done
Event: 147.490 Loading class java/util/TreeMap$DescendingSubMap
Event: 147.490 Loading class java/util/TreeMap$NavigableSubMap
Event: 147.490 Loading class java/util/TreeMap$NavigableSubMap done
Event: 147.490 Loading class java/util/TreeMap$DescendingSubMap done
Event: 147.490 Loading class java/util/Collections$ReverseComparator
Event: 147.490 Loading class java/util/Collections$ReverseComparator done
Event: 147.490 Loading class java/util/TreeMap$DescendingSubMap$DescendingEntrySetView
Event: 147.490 Loading class java/util/TreeMap$NavigableSubMap$EntrySetView
Event: 147.490 Loading class java/util/TreeMap$NavigableSubMap$EntrySetView done
Event: 147.490 Loading class java/util/TreeMap$DescendingSubMap$DescendingEntrySetView done
Event: 147.490 Loading class java/util/TreeMap$NavigableSubMap$DescendingSubMapEntryIterator
Event: 147.490 Loading class java/util/TreeMap$NavigableSubMap$SubMapIterator
Event: 147.490 Loading class java/util/TreeMap$NavigableSubMap$SubMapIterator done
Event: 147.490 Loading class java/util/TreeMap$NavigableSubMap$DescendingSubMapEntryIterator done
Event: 147.494 Loading class com/sun/org/apache/xerces/internal/dom/DeepNodeListImpl
Event: 147.494 Loading class com/sun/org/apache/xerces/internal/dom/DeepNodeListImpl done

Classes unloaded (20 events):
Event: 1255.257 Thread 0x000001acf2081440 Unloading class 0x000000010113b770 'jdk/internal/jimage/ImageHeader'
Event: 1255.257 Thread 0x000001acf2081440 Unloading class 0x000000010113b508 'jdk/internal/jimage/BasicImageReader$2'
Event: 1255.257 Thread 0x000001acf2081440 Unloading class 0x000000010113b2a0 'jdk/internal/jimage/BasicImageReader$1'
Event: 1255.257 Thread 0x000001acf2081440 Unloading class 0x000000010113b000 'jdk/internal/jimage/ImageReader$Resource'
Event: 1255.257 Thread 0x000001acf2081440 Unloading class 0x000000010113ad60 'jdk/internal/jimage/ImageReader$LinkNode'
Event: 1255.257 Thread 0x000001acf2081440 Unloading class 0x000000010113aac0 'jdk/internal/jimage/ImageReader$Directory'
Event: 1255.257 Thread 0x000001acf2081440 Unloading class 0x000000010113a820 'jdk/internal/jimage/ImageReader$Node'
Event: 1255.257 Thread 0x000001acf2081440 Unloading class 0x000000010113a5f0 'jdk/internal/jimage/ImageStrings'
Event: 1255.257 Thread 0x000001acf2081440 Unloading class 0x000000010113a2f8 'jdk/internal/jimage/ImageReader$SharedImageReader'
Event: 1255.257 Thread 0x000001acf2081440 Unloading class 0x000000010113a000 'jdk/internal/jimage/BasicImageReader'
Event: 1255.257 Thread 0x000001acf2081440 Unloading class 0x000000010133dbd8 'jdk/internal/jimage/ImageReader'
Event: 1255.257 Thread 0x000001acf2081440 Unloading class 0x000000010133d978 'jdk/internal/jrtfs/SystemImage$2'
Event: 1255.257 Thread 0x000001acf2081440 Unloading class 0x000000010133d728 'jdk/internal/jrtfs/SystemImage$$Lambda+0x000000010133d728'
Event: 1255.257 Thread 0x000001acf2081440 Unloading class 0x000000010133d4c0 'jdk/internal/jrtfs/ExplodedImage'
Event: 1255.257 Thread 0x000001acf2081440 Unloading class 0x000000010133d250 'jdk/internal/jrtfs/SystemImage$1'
Event: 1255.257 Thread 0x000001acf2081440 Unloading class 0x000000010133d000 'jdk/internal/jrtfs/SystemImage'
Event: 1255.257 Thread 0x000001acf2081440 Unloading class 0x00000001017543b0 'jdk/internal/jrtfs/JrtFileStore'
Event: 1255.257 Thread 0x000001acf2081440 Unloading class 0x0000000101754000 'jdk/internal/jrtfs/JrtPath'
Event: 1255.257 Thread 0x000001acf2081440 Unloading class 0x00000001018b4328 'jdk/internal/jrtfs/JrtFileSystem'
Event: 1255.257 Thread 0x000001acf2081440 Unloading class 0x00000001018b4000 'jdk/internal/jrtfs/JrtFileSystemProvider'

Classes redefined (0 events):
No events

Internal exceptions (20 events):
Event: 1295.568 Thread 0x000001ac87d730d0 Exception <a 'sun/nio/fs/WindowsException'{0x00000000ca393ac8}> (0x00000000ca393ac8) 
thrown [s\src\hotspot\share\prims\jni.cpp, line 537]
Event: 1295.570 Thread 0x000001ac87d730d0 Exception <a 'sun/nio/fs/WindowsException'{0x00000000ca3a00a0}> (0x00000000ca3a00a0) 
thrown [s\src\hotspot\share\prims\jni.cpp, line 537]
Event: 1295.572 Thread 0x000001ac87d730d0 Exception <a 'sun/nio/fs/WindowsException'{0x00000000ca3ab7e8}> (0x00000000ca3ab7e8) 
thrown [s\src\hotspot\share\prims\jni.cpp, line 537]
Event: 1295.579 Thread 0x000001ac87d730d0 Exception <a 'sun/nio/fs/WindowsException'{0x00000000c9f25780}> (0x00000000c9f25780) 
thrown [s\src\hotspot\share\prims\jni.cpp, line 537]
Event: 1295.587 Thread 0x000001ac87d730d0 Exception <a 'sun/nio/fs/WindowsException'{0x00000000c9ecf510}> (0x00000000c9ecf510) 
thrown [s\src\hotspot\share\prims\jni.cpp, line 537]
Event: 1295.593 Thread 0x000001ac87d730d0 Exception <a 'sun/nio/fs/WindowsException'{0x00000000c9556250}> (0x00000000c9556250) 
thrown [s\src\hotspot\share\prims\jni.cpp, line 537]
Event: 1295.594 Thread 0x000001ac87d730d0 Exception <a 'sun/nio/fs/WindowsException'{0x00000000c95677b8}> (0x00000000c95677b8) 
thrown [s\src\hotspot\share\prims\jni.cpp, line 537]
Event: 1295.616 Thread 0x000001ac87d730d0 Exception <a 'sun/nio/fs/WindowsException'{0x00000000ff8a9bf8}> (0x00000000ff8a9bf8) 
thrown [s\src\hotspot\share\prims\jni.cpp, line 537]
Event: 1295.618 Thread 0x000001ac87d730d0 Exception <a 'sun/nio/fs/WindowsException'{0x00000000ff8be778}> (0x00000000ff8be778) 
thrown [s\src\hotspot\share\prims\jni.cpp, line 537]
Event: 1295.625 Thread 0x000001ac87d730d0 Exception <a 'sun/nio/fs/WindowsException'{0x00000000ff659260}> (0x00000000ff659260) 
thrown [s\src\hotspot\share\prims\jni.cpp, line 537]
Event: 1295.627 Thread 0x000001ac87d730d0 Exception <a 'sun/nio/fs/WindowsException'{0x00000000ff661180}> (0x00000000ff661180) 
thrown [s\src\hotspot\share\prims\jni.cpp, line 537]
Event: 1295.628 Thread 0x000001ac87d730d0 Exception <a 'sun/nio/fs/WindowsException'{0x00000000ff668fa0}> (0x00000000ff668fa0) 
thrown [s\src\hotspot\share\prims\jni.cpp, line 537]
Event: 1295.630 Thread 0x000001ac87d730d0 Exception <a 'sun/nio/fs/WindowsException'{0x00000000ff6732a0}> (0x00000000ff6732a0) 
thrown [s\src\hotspot\share\prims\jni.cpp, line 537]
Event: 1295.693 Thread 0x000001ac87d730d0 Exception <a 'sun/nio/fs/WindowsException'{0x00000000ff0e07d0}> (0x00000000ff0e07d0) 
thrown [s\src\hotspot\share\prims\jni.cpp, line 537]
Event: 1295.693 Thread 0x000001ac87d730d0 Exception <a 'sun/nio/fs/WindowsException'{0x00000000ff0e25b8}> (0x00000000ff0e25b8) 
thrown [s\src\hotspot\share\prims\jni.cpp, line 537]
Event: 1295.731 Thread 0x000001ac87d730d0 Exception <a 'sun/nio/fs/WindowsException'{0x00000000fe4349b0}> (0x00000000fe4349b0) 
thrown [s\src\hotspot\share\prims\jni.cpp, line 537]
Event: 1295.731 Thread 0x000001acffdc2d30 Exception <a 'sun/nio/fs/WindowsException'{0x00000000fe082bc0}> (0x00000000fe082bc0) 
thrown [s\src\hotspot\share\prims\jni.cpp, line 537]
Event: 1295.731 Thread 0x000001ac87d730d0 Exception <a 'sun/nio/fs/WindowsException'{0x00000000fe4368a0}> (0x00000000fe4368a0) 
thrown [s\src\hotspot\share\prims\jni.cpp, line 537]
Event: 1295.731 Thread 0x000001acffdc2d30 Exception <a 'sun/nio/fs/WindowsException'{0x00000000fe083868}> (0x00000000fe083868) 
thrown [s\src\hotspot\share\prims\jni.cpp, line 537]
Event: 1295.735 Thread 0x000001ac87d730d0 Exception <a 'sun/nio/fs/WindowsException'{0x00000000fdf0be08}> (0x00000000fdf0be08) 
thrown [s\src\hotspot\share\prims\jni.cpp, line 537]

ZGC Phase Switch (0 events):
No events

VM Operations (20 events):
Event: 1255.256 Executing VM operation: G1PauseRemark
Event: 1255.271 Executing VM operation: G1PauseRemark done
Event: 1255.315 Executing VM operation: G1PauseCleanup
Event: 1255.316 Executing VM operation: G1PauseCleanup done
Event: 1256.316 Executing VM operation: Cleanup
Event: 1256.316 Executing VM operation: Cleanup done
Event: 1263.130 Executing VM operation: HandshakeAllThreads (HandshakeForDeflation)
Event: 1263.130 Executing VM operation: HandshakeAllThreads (HandshakeForDeflation) done
Event: 1263.130 Executing VM operation: RendezvousGCThreads
Event: 1263.130 Executing VM operation: RendezvousGCThreads done
Event: 1291.376 Executing VM operation: Cleanup
Event: 1291.376 Executing VM operation: Cleanup done
Event: 1294.397 Executing VM operation: Cleanup
Event: 1294.397 Executing VM operation: Cleanup done
Event: 1294.819 Executing VM operation: G1CollectForAllocation (G1 Evacuation Pause)
Event: 1294.825 Executing VM operation: G1CollectForAllocation (G1 Evacuation Pause) done
Event: 1295.576 Executing VM operation: ICBufferFull
Event: 1295.576 Executing VM operation: ICBufferFull done
Event: 1295.598 Executing VM operation: G1CollectForAllocation (G1 Evacuation Pause)
Event: 1295.610 Executing VM operation: G1CollectForAllocation (G1 Evacuation Pause) done

Memory protections (0 events):
No events

Nmethod flushes (20 events):
Event: 1255.269 Thread 0x000001acf2081440 flushing  nmethod 0x000001acdb705910
Event: 1255.269 Thread 0x000001acf2081440 flushing  nmethod 0x000001acdb707e90
Event: 1255.269 Thread 0x000001acf2081440 flushing  nmethod 0x000001acdb708a90
Event: 1255.269 Thread 0x000001acf2081440 flushing  nmethod 0x000001acdb71f190
Event: 1255.269 Thread 0x000001acf2081440 flushing  nmethod 0x000001acdb901f10
Event: 1255.269 Thread 0x000001acf2081440 flushing  nmethod 0x000001acdbafcc10
Event: 1255.269 Thread 0x000001acf2081440 flushing  nmethod 0x000001acdbafd110
Event: 1255.269 Thread 0x000001acf2081440 flushing  nmethod 0x000001acdbdb0610
Event: 1255.269 Thread 0x000001acf2081440 flushing  nmethod 0x000001acdbdb4d90
Event: 1255.269 Thread 0x000001acf2081440 flushing  nmethod 0x000001acdbea1810
Event: 1255.269 Thread 0x000001acf2081440 flushing  nmethod 0x000001acdbea2f10
Event: 1255.269 Thread 0x000001acf2081440 flushing  nmethod 0x000001acdbf06190
Event: 1255.269 Thread 0x000001acf2081440 flushing  nmethod 0x000001acdbf60590
Event: 1255.269 Thread 0x000001acf2081440 flushing  nmethod 0x000001acdbf61410
Event: 1255.269 Thread 0x000001acf2081440 flushing  nmethod 0x000001acdbf63510
Event: 1255.269 Thread 0x000001acf2081440 flushing  nmethod 0x000001acdbf69c10
Event: 1255.269 Thread 0x000001acf2081440 flushing  nmethod 0x000001acdbf6a610
Event: 1255.269 Thread 0x000001acf2081440 flushing  nmethod 0x000001acdbf6aa90
Event: 1255.269 Thread 0x000001acf2081440 flushing  nmethod 0x000001acdbf6c890
Event: 1255.269 Thread 0x000001acf2081440 flushing  nmethod 0x000001acdc09de90

Events (20 events):
Event: 1295.044 Thread 0x000001ac87d730d0 Thread added: 0x000001ac804bfe50
Event: 1295.044 Thread 0x000001ac87d730d0 Thread added: 0x000001ac804beaa0
Event: 1295.044 Thread 0x000001ac87d730d0 Thread added: 0x000001ac804bd060
Event: 1295.044 Thread 0x000001ac87d730d0 Thread added: 0x000001ac804bf130
Event: 1295.044 Thread 0x000001ac87d730d0 Thread added: 0x000001ac804bdd80
Event: 1295.044 Thread 0x000001ac87d730d0 Thread added: 0x000001ac804bc9d0
Event: 1295.044 Thread 0x000001ac87d730d0 Thread added: 0x000001ac804be410
Event: 1295.044 Thread 0x000001ac87d730d0 Thread added: 0x000001ac804c04e0
Event: 1295.044 Thread 0x000001ac87d730d0 Thread added: 0x000001ac804c0b70
Event: 1295.044 Thread 0x000001ac87d730d0 Thread added: 0x000001ac804bd6f0
Event: 1295.045 Thread 0x000001ac87d730d0 Thread added: 0x000001ac804c32d0
Event: 1295.045 Thread 0x000001ac87d730d0 Thread added: 0x000001ac804c3960
Event: 1295.045 Thread 0x000001ac87d730d0 Thread added: 0x000001ac804c4680
Event: 1295.045 Thread 0x000001ac87d730d0 Thread added: 0x000001ac804c3ff0
Event: 1295.645 Thread 0x000001ac80b1eef0 Thread exited: 0x000001ac80b1eef0
Event: 1295.719 Thread 0x000001ac87d74b10 Thread added: 0x000001ac804c4d10
Event: 1295.728 Thread 0x000001ac87d74b10 Thread added: 0x000001ac804c1890
Event: 1295.736 Thread 0x000001acffdc2d30 Thread added: 0x000001ac804c2c40
Event: 1295.741 Thread 0x000001acffdc2d30 Thread added: 0x000001ac804c5a30
Event: 1295.741 Thread 0x000001acffdc2d30 Thread added: 0x000001ac804c25b0


Dynamic libraries:
0x00007ff603850000 - 0x00007ff60385a000 	C:\Program Files\Android\Android Studio1\jbr\bin\java.exe
0x00007ffe464a0000 - 0x00007ffe46708000 	C:\WINDOWS\SYSTEM32\ntdll.dll
0x00007ffe44240000 - 0x00007ffe44309000 	C:\WINDOWS\System32\KERNEL32.DLL
0x00007ffe42d80000 - 0x00007ffe43171000 	C:\WINDOWS\System32\KERNELBASE.dll
0x00007ffe43180000 - 0x00007ffe432cb000 	C:\WINDOWS\System32\ucrtbase.dll
0x00007ffdcda20000 - 0x00007ffdcda3b000 	C:\Program Files\Android\Android Studio1\jbr\bin\VCRUNTIME140.dll
0x00007ffe11180000 - 0x00007ffe11198000 	C:\Program Files\Android\Android Studio1\jbr\bin\jli.dll
0x00007ffe44f80000 - 0x00007ffe45146000 	C:\WINDOWS\System32\USER32.dll
0x00007ffe24cf0000 - 0x00007ffe24f83000 	C:\WINDOWS\WinSxS\amd64_microsoft.windows.common-controls_6595b64144ccf1df_6.0.26100.7705_none_3e06597ae3363b04\COMCTL32.dll
0x00007ffe43df0000 - 0x00007ffe43e17000 	C:\WINDOWS\System32\win32u.dll
0x00007ffe46370000 - 0x00007ffe4639b000 	C:\WINDOWS\System32\GDI32.dll
0x00007ffe43f90000 - 0x00007ffe440bb000 	C:\WINDOWS\System32\gdi32full.dll
0x00007ffe43380000 - 0x00007ffe43423000 	C:\WINDOWS\System32\msvcp_win.dll
0x00007ffe44810000 - 0x00007ffe448b9000 	C:\WINDOWS\System32\msvcrt.dll
0x00007ffe455e0000 - 0x00007ffe45611000 	C:\WINDOWS\System32\IMM32.DLL
0x00007ffe0b2b0000 - 0x00007ffe0b2bc000 	C:\Program Files\Android\Android Studio1\jbr\bin\vcruntime140_1.dll
0x00007ffdc7a20000 - 0x00007ffdc7aad000 	C:\Program Files\Android\Android Studio1\jbr\bin\msvcp140.dll
0x00007ffd7dd40000 - 0x00007ffd7e9d6000 	C:\Program Files\Android\Android Studio1\jbr\bin\server\jvm.dll
0x00007ffe445b0000 - 0x00007ffe44664000 	C:\WINDOWS\System32\ADVAPI32.dll
0x00007ffe45740000 - 0x00007ffe457e6000 	C:\WINDOWS\System32\sechost.dll
0x00007ffe45620000 - 0x00007ffe45738000 	C:\WINDOWS\System32\RPCRT4.dll
0x00007ffe44460000 - 0x00007ffe444d4000 	C:\WINDOWS\System32\WS2_32.dll
0x00007ffe42970000 - 0x00007ffe429ce000 	C:\WINDOWS\SYSTEM32\POWRPROF.dll
0x00007ffe3a540000 - 0x00007ffe3a575000 	C:\WINDOWS\SYSTEM32\WINMM.dll
0x00007ffe38bc0000 - 0x00007ffe38bcb000 	C:\WINDOWS\SYSTEM32\VERSION.dll
0x00007ffe42950000 - 0x00007ffe42964000 	C:\WINDOWS\SYSTEM32\UMPDC.dll
0x00007ffe41b30000 - 0x00007ffe41b4b000 	C:\WINDOWS\SYSTEM32\kernel.appcore.dll
0x00007ffe09150000 - 0x00007ffe0915a000 	C:\Program Files\Android\Android Studio1\jbr\bin\jimage.dll
0x00007ffe40e70000 - 0x00007ffe410b2000 	C:\WINDOWS\SYSTEM32\DBGHELP.DLL
0x00007ffe45fe0000 - 0x00007ffe46366000 	C:\WINDOWS\System32\combase.dll
0x00007ffe449d0000 - 0x00007ffe44aa7000 	C:\WINDOWS\System32\OLEAUT32.dll
0x00007ffe20a90000 - 0x00007ffe20acb000 	C:\WINDOWS\SYSTEM32\dbgcore.DLL
0x00007ffe432d0000 - 0x00007ffe43375000 	C:\WINDOWS\System32\bcryptPrimitives.dll
0x00007ffe0e1e0000 - 0x00007ffe0e1ee000 	C:\Program Files\Android\Android Studio1\jbr\bin\instrument.dll
0x00007ffdc7f40000 - 0x00007ffdc7f60000 	C:\Program Files\Android\Android Studio1\jbr\bin\java.dll
0x00007ffdc6ee0000 - 0x00007ffdc6ef8000 	C:\Program Files\Android\Android Studio1\jbr\bin\zip.dll
0x00007ffe45880000 - 0x00007ffe45fd1000 	C:\WINDOWS\System32\SHELL32.dll
0x00007ffe43e20000 - 0x00007ffe43f8a000 	C:\WINDOWS\System32\wintypes.dll
0x00007ffe434f0000 - 0x00007ffe43d52000 	C:\WINDOWS\System32\windows.storage.dll
0x00007ffe44d10000 - 0x00007ffe44e06000 	C:\WINDOWS\System32\SHCORE.dll
0x00007ffe44540000 - 0x00007ffe445a7000 	C:\WINDOWS\System32\shlwapi.dll
0x00007ffe42ca0000 - 0x00007ffe42cc9000 	C:\WINDOWS\SYSTEM32\profapi.dll
0x00007ffe09090000 - 0x00007ffe090a0000 	C:\Program Files\Android\Android Studio1\jbr\bin\net.dll
0x00007ffe389e0000 - 0x00007ffe38b07000 	C:\WINDOWS\SYSTEM32\WINHTTP.dll
0x00007ffe420a0000 - 0x00007ffe4210b000 	C:\WINDOWS\system32\mswsock.dll
0x00007ffdc3ca0000 - 0x00007ffdc3cb6000 	C:\Program Files\Android\Android Studio1\jbr\bin\nio.dll
0x00007ffdfa8c0000 - 0x00007ffdfa8d0000 	C:\Program Files\Android\Android Studio1\jbr\bin\verify.dll
0x00007ffde8ba0000 - 0x00007ffde8bc7000 	C:\Users\twist\.gradle\native\1def1411415f61bf3af743bc5b6707747c0891f09f0c88961ee8f79bc544acac\windows-amd64\native-platform.dll
0x00007ffdc0ad0000 - 0x00007ffdc0b47000 	C:\Users\twist\.gradle\native\0.2.8\x86_64-windows-gnu\gradle-fileevents.dll
0x00007ffe07900000 - 0x00007ffe07909000 	C:\Program Files\Android\Android Studio1\jbr\bin\management.dll
0x00007ffdfabf0000 - 0x00007ffdfabfb000 	C:\Program Files\Android\Android Studio1\jbr\bin\management_ext.dll
0x00007ffe457f0000 - 0x00007ffe457f8000 	C:\WINDOWS\System32\PSAPI.DLL
0x00007ffe41550000 - 0x00007ffe41584000 	C:\WINDOWS\SYSTEM32\IPHLPAPI.DLL
0x00007ffe44c90000 - 0x00007ffe44c9a000 	C:\WINDOWS\System32\NSI.dll
0x00007ffe08db0000 - 0x00007ffe08db9000 	C:\Program Files\Android\Android Studio1\jbr\bin\extnet.dll
0x00007ffe42360000 - 0x00007ffe4237b000 	C:\WINDOWS\SYSTEM32\CRYPTSP.dll
0x00007ffe41a70000 - 0x00007ffe41aa9000 	C:\WINDOWS\system32\rsaenh.dll
0x00007ffe42150000 - 0x00007ffe4217b000 	C:\WINDOWS\SYSTEM32\USERENV.dll
0x00007ffe42c70000 - 0x00007ffe42c9a000 	C:\WINDOWS\SYSTEM32\bcrypt.dll
0x00007ffe42380000 - 0x00007ffe4238c000 	C:\WINDOWS\SYSTEM32\CRYPTBASE.dll
0x00007ffe0b3a0000 - 0x00007ffe0b3a8000 	C:\WINDOWS\system32\wshunix.dll
0x00007ffe41590000 - 0x00007ffe416bc000 	C:\WINDOWS\SYSTEM32\DNSAPI.dll
0x00007ffe38da0000 - 0x00007ffe38dab000 	C:\Windows\System32\rasadhlp.dll
0x00007ffe3a2b0000 - 0x00007ffe3a336000 	C:\WINDOWS\System32\fwpuclnt.dll
0x00007ffe41c50000 - 0x00007ffe41c86000 	C:\WINDOWS\SYSTEM32\ntmarta.dll

JVMTI agents:
C:\Users\twist\.gradle\wrapper\dists\gradle-9.1.0-bin\9agqghryom9wkf8r80qlhnts3\gradle-9.1.0\lib\agents\gradle-instrumentation-agent-9.1.0.jar path:C:\Program Files\Android\Android Studio1\jbr\bin\instrument.dll, loaded, initialized, instrumentlib options:none

dbghelp: loaded successfully - version: 4.0.5 - missing functions: none
symbol engine: initialized successfully - sym options: 0x614 - pdb path: .;C:\Program Files\Android\Android Studio1\jbr\bin;C:\WINDOWS\SYSTEM32;C:\WINDOWS\WinSxS\amd64_microsoft.windows.common-controls_6595b64144ccf1df_6.0.26100.7705_none_3e06597ae3363b04;C:\Program Files\Android\Android Studio1\jbr\bin\server;C:\Users\twist\.gradle\native\1def1411415f61bf3af743bc5b6707747c0891f09f0c88961ee8f79bc544acac\windows-amd64;C:\Users\twist\.gradle\native\0.2.8\x86_64-windows-gnu

VM Arguments:
jvm_args: --add-opens=java.base/java.lang=ALL-UNNAMED --add-opens=java.base/java.lang.invoke=ALL-UNNAMED --add-opens=java.base/java.util=ALL-UNNAMED --add-opens=java.prefs/java.util.prefs=ALL-UNNAMED --add-exports=jdk.compiler/com.sun.tools.javac.api=ALL-UNNAMED --add-exports=jdk.compiler/com.sun.tools.javac.util=ALL-UNNAMED --add-opens=java.base/java.util=ALL-UNNAMED --add-opens=java.prefs/java.util.prefs=ALL-UNNAMED --add-opens=java.base/java.nio.charset=ALL-UNNAMED --add-opens=java.base/java.net=ALL-UNNAMED --add-opens=java.base/java.util.concurrent=ALL-UNNAMED --add-opens=java.base/java.util.concurrent.atomic=ALL-UNNAMED --add-opens=java.xml/javax.xml.namespace=ALL-UNNAMED --add-opens=java.base/java.time=ALL-UNNAMED -Xmx1024m -Dfile.encoding=UTF-8 -Duser.country=IN -Duser.language=en -Duser.variant -javaagent:C:\Users\twist\.gradle\wrapper\dists\gradle-9.1.0-bin\9agqghryom9wkf8r80qlhnts3\gradle-9.1.0\lib\agents\gradle-instrumentation-agent-9.1.0.jar 
java_command: org.gradle.launcher.daemon.bootstrap.GradleDaemon 9.1.0
java_class_path (initial): C:\Users\twist\.gradle\wrapper\dists\gradle-9.1.0-bin\9agqghryom9wkf8r80qlhnts3\gradle-9.1.0\lib\gradle-daemon-main-9.1.0.jar
Launcher Type: SUN_STANDARD

[Global flags]
     intx CICompilerCount                          = 12                                        {product} {ergonomic}
     uint ConcGCThreads                            = 3                                         {product} {ergonomic}
     uint G1ConcRefinementThreads                  = 13                                        {product} {ergonomic}
   size_t G1HeapRegionSize                         = 1048576                                   {product} {ergonomic}
    uintx GCDrainStackTargetSize                   = 64                                        {product} {ergonomic}
   size_t InitialHeapSize                          = 264241152                                 {product} {ergonomic}
   size_t MarkStackSize                            = 4194304                                   {product} {ergonomic}
   size_t MaxHeapSize                              = 1073741824                                {product} {command line}
   size_t MaxNewSize                               = 643825664                                 {product} {ergonomic}
   size_t MinHeapDeltaBytes                        = 1048576                                   {product} {ergonomic}
   size_t MinHeapSize                              = 8388608                                   {product} {ergonomic}
    uintx NonNMethodCodeHeapSize                   = 7602480                                {pd product} {ergonomic}
    uintx NonProfiledCodeHeapSize                  = 122027880                              {pd product} {ergonomic}
    uintx ProfiledCodeHeapSize                     = 122027880                              {pd product} {ergonomic}
    uintx ReservedCodeCacheSize                    = 251658240                              {pd product} {ergonomic}
     bool SegmentedCodeCache                       = true                                      {product} {ergonomic}
   size_t SoftMaxHeapSize                          = 1073741824                             {manageable} {ergonomic}
     bool UseCompressedOops                        = true                           {product lp64_product} {ergonomic}
     bool UseG1GC                                  = true                                      {product} {ergonomic}
     bool UseLargePagesIndividualAllocation        = false                                  {pd product} {ergonomic}

Logging:
Log output configuration:
 #0: stdout all=warning uptime,level,tags foldmultilines=false
 #1: stderr all=off uptime,level,tags foldmultilines=false

Environment Variables:
PATH=C:\Program Files\Eclipse Adoptium\jdk-17.0.17.10-hotspot\bin;C:\Program Files (x86)\Microsoft SDKs\Azure\CLI2\wbin;C:\Program Files\Common Files\Oracle\Java\javapath;C:\Program Files (x86)\Common Files\Oracle\Java\java8path;C:\Program Files (x86)\Common Files\Oracle\Java\javapath;C:\Windows\system32;C:\Windows;C:\Windows\System32\Wbem;C:\Windows\System32\WindowsPowerShell\v1.0\;C:\Windows\System32\OpenSSH\;C:\Program Files\dotnet\;C:\Program Files (x86)\NVIDIA Corporation\PhysX\Common;C:\MinGW\bin;C:\HOME\MATLAB\bin;C:\Program Files\nodejs\;C:\WINDOWS\system32;C:\WINDOWS;C:\WINDOWS\System32\Wbem;C:\WINDOWS\System32\WindowsPowerShell\v1.0\;C:\WINDOWS\System32\OpenSSH\;C:\Program Files\NVIDIA Corporation\NVIDIA app\NvDLISR;C:\Program Files\Git\cmd;C:\Program Files\cursor\resources\app\bin;C:\ProgramData\chocolatey\bin;C:\Users\twist\AppData\Local\Programs\Python\Python310\Scripts\;C:\Users\twist\AppData\Local\Programs\Python\Python310\;C:\Apps\python-3.10.0-embed-amd64\python310;C:\Users\twist\AppData\Local\Programs\Microsoft VS Code\bin
USERNAME=twist
OS=Windows_NT
PROCESSOR_IDENTIFIER=Intel64 Family 6 Model 154 Stepping 3, GenuineIntel
TMP=C:\Users\twist\AppData\Local\Temp
TEMP=C:\Users\twist\AppData\Local\Temp




Periodic native trim disabled

JNI global refs:
JNI global refs: 37, weak refs: 0

JNI global refs memory usage: 835, weak refs: 833

Process memory usage:
Resident Set Size: 840736K (5% of 16454388K total physical memory with 931944K free physical memory)

OOME stack traces (most recent first):
Classloader memory used:
Loader org.gradle.internal.classloader.VisitableURLClassLoader$InstrumentingVisitableURLClassLoader: 61657K
Loader org.gradle.internal.classloader.VisitableURLClassLoader                         : 49006K
Loader bootstrap                                                                       : 32947K
Loader org.gradle.initialization.MixInLegacyTypesClassLoader                           : 14072K
Loader jdk.internal.loader.ClassLoaders$AppClassLoader                                 : 9927K
Loader jdk.internal.loader.ClassLoaders$PlatformClassLoader                            : 973K
Loader jdk.internal.reflect.DelegatingClassLoader                                      : 545K
Loader jdk.internal.jrtfs.JrtFileSystemProvider$JrtFsLoader                            : 301K
Loader org.gradle.internal.classloader.VisitableURLClassLoader                         : 207K
Loader org.gradle.groovy.scripts.internal.DefaultScriptCompilationHandler$ScriptClassLoader: 127K
Loader sun.reflect.misc.MethodUtil                                                     : 2984B

Classes loaded by more than one classloader:
Class Program                                                                         : loaded 5 times (x 72B)
Class Build_gradle                                                                    : loaded 3 times (x 126B)
Class com.google.common.base.Equivalence$Identity                                     : loaded 2 times (x 82B)
Class com.google.common.collect.RegularImmutableMap$KeySet                            : loaded 2 times (x 152B)
Class org.gradle.internal.classloader.FilteringClassLoader                            : loaded 2 times (x 105B)
Class jdk.internal.jimage.BasicImageReader                                            : loaded 2 times (x 95B)
Class com.google.common.cache.LocalCache$ValueIterator                                : loaded 2 times (x 86B)
Class [Lcom.google.common.collect.MapMakerInternalMap$Segment;                        : loaded 2 times (x 69B)
Class com.google.common.io.FileWriteMode                                              : loaded 2 times (x 79B)
Class [Lcom.google.common.base.AbstractIterator$State;                                : loaded 2 times (x 69B)
Class com.google.common.base.CharMatcher$IsEither                                     : loaded 2 times (x 111B)
Class org.gradle.internal.classloader.ClassLoaderHierarchy                            : loaded 2 times (x 70B)
Class [Lcom.google.common.cache.RemovalCause;                                         : loaded 2 times (x 69B)
Class com.google.common.collect.AbstractMapBasedMultimap$WrappedCollection            : loaded 2 times (x 124B)
Class com.google.common.collect.ImmutableEnumSet                                      : loaded 2 times (x 146B)
Class com.google.common.util.concurrent.ExecutionError                                : loaded 2 times (x 82B)
Class com.google.common.collect.ImmutableList$1                                       : loaded 2 times (x 97B)
Class org.gradle.api.internal.classpath.ManifestUtil                                  : loaded 2 times (x 71B)
Class com.google.common.io.ByteArrayDataOutput                                        : loaded 2 times (x 70B)
Class com.google.common.collect.RegularImmutableMap                                   : loaded 2 times (x 121B)
Class com.google.common.collect.ImmutableMap$MapViewOfValuesAsSingletonSets           : loaded 2 times (x 126B)
Class com.google.common.reflect.TypeCapture                                           : loaded 2 times (x 71B)
Class com.google.common.cache.LocalCache$Values                                       : loaded 2 times (x 118B)
Class com.google.common.collect.TransformedListIterator                               : loaded 2 times (x 93B)
Class [Lorg.objectweb.asm.Symbol;                                                     : loaded 2 times (x 69B)
Class org.objectweb.asm.ClassVisitor                                                  : loaded 2 times (x 88B)
Class com.google.common.collect.UnmodifiableListIterator                              : loaded 2 times (x 95B)
Class ijKotlinCoroutineJvmDebugInit1_3r555txrkec48jksjum4n4vky$_run_closure1$_closure2: loaded 2 times (x 139B)
Class com.google.common.collect.MapMakerInternalMap$StrongKeyDummyValueEntry$LinkedStrongKeyDummyValueEntry: loaded 2 times (x 82B)
Class com.google.common.collect.MapMakerInternalMap$Strength                          : loaded 2 times (x 80B)
Class com.google.common.base.Platform$JdkPatternCompiler                              : loaded 2 times (x 75B)
Class org.objectweb.asm.MethodTooLargeException                                       : loaded 2 times (x 83B)
Class [Lcom.google.common.cache.CacheBuilder$OneWeigher;                              : loaded 2 times (x 69B)
Class com.google.common.base.Suppliers                                                : loaded 2 times (x 71B)
Class org.gradle.internal.classloader.DefaultClassLoaderFactory                       : loaded 2 times (x 82B)
Class [Lcom.google.common.collect.AbstractIterator$State;                             : loaded 2 times (x 69B)
Class com.google.common.base.CharMatcher$None                                         : loaded 2 times (x 112B)
Class org.gradle.internal.classloader.ClassLoaderVisitor                              : loaded 2 times (x 76B)
Class [Lcom.google.common.collect.ImmutableMapEntry;                                  : loaded 2 times (x 69B)
Class org.gradle.api.internal.classpath.EffectiveClassPath                            : loaded 2 times (x 90B)
Class com.google.common.collect.ListMultimap                                          : loaded 2 times (x 70B)
Class com.google.common.collect.ImmutableEnumMap                                      : loaded 2 times (x 126B)
Class com.google.common.collect.Iterators$EmptyModifiableIterator                     : loaded 2 times (x 86B)
Class com.google.common.base.Splitter                                                 : loaded 2 times (x 72B)
Class com.google.common.collect.Sets$1                                                : loaded 2 times (x 139B)
Class org.objectweb.asm.AnnotationVisitor                                             : loaded 2 times (x 78B)
Class org.gradle.api.internal.DefaultClassPathProvider                                : loaded 2 times (x 76B)
Class [Lcom.google.common.base.Function;                                              : loaded 2 times (x 69B)
Class com.google.common.collect.MapMakerInternalMap$Strength$1                        : loaded 2 times (x 80B)
Class com.google.common.collect.Maps$ViewCachingAbstractMap                           : loaded 2 times (x 125B)
Class com.google.common.collect.Sets$2                                                : loaded 2 times (x 139B)
Class ijKotlinCoroutineJvmDebugInit1_3r555txrkec48jksjum4n4vky$_run_closure1          : loaded 2 times (x 139B)
Class [Lorg.gradle.api.internal.ClassPathProvider;                                    : loaded 2 times (x 69B)
Class org.gradle.api.internal.ClassPathProvider                                       : loaded 2 times (x 70B)
Class com.google.common.reflect.Types$ClassOwnership$1                                : loaded 2 times (x 80B)
Class com.google.common.collect.MapMakerInternalMap$Strength$2                        : loaded 2 times (x 80B)
Class com.google.common.base.AbstractIterator$State                                   : loaded 2 times (x 79B)
Class [Lorg.objectweb.asm.AnnotationVisitor;                                          : loaded 2 times (x 69B)
Class com.google.common.collect.Sets$3                                                : loaded 2 times (x 139B)
Class com.google.common.cache.LocalCache$LocalLoadingCache                            : loaded 2 times (x 134B)
Class org.gradle.internal.service.UnknownServiceException                             : loaded 2 times (x 83B)
Class com.google.common.reflect.Types$ClassOwnership$2                                : loaded 2 times (x 80B)
Class com.google.common.reflect.TypeResolver                                          : loaded 2 times (x 72B)
Class com.google.common.io.ByteArrayDataInput                                         : loaded 2 times (x 70B)
Class com.google.common.collect.MapMakerInternalMap$StrongValueEntry                  : loaded 2 times (x 70B)
Class com.google.common.collect.Sets$4                                                : loaded 2 times (x 139B)
Class org.objectweb.asm.ModuleVisitor                                                 : loaded 2 times (x 81B)
Class com.google.common.cache.LocalCache$Strength$1                                   : loaded 2 times (x 81B)
Class com.google.common.reflect.Types$ClassOwnership$3                                : loaded 2 times (x 71B)
Class com.google.common.collect.Collections2$FilteredCollection                       : loaded 2 times (x 119B)
Class com.google.common.util.concurrent.SettableFuture                                : loaded 2 times (x 114B)
Class com.google.common.cache.LocalCache$Strength$2                                   : loaded 2 times (x 81B)
Class [Lcom.google.common.collect.Maps$EntryFunction;                                 : loaded 2 times (x 69B)
Class com.google.common.io.ByteStreams                                                : loaded 2 times (x 71B)
Class com.google.common.collect.Interners$InternerImpl                                : loaded 2 times (x 75B)
Class com.google.common.collect.Interner                                              : loaded 2 times (x 70B)
Class com.google.common.collect.TransformedIterator                                   : loaded 2 times (x 80B)
Class com.google.common.base.Splitter$1                                               : loaded 2 times (x 77B)
Class com.google.common.cache.LocalCache$Strength$3                                   : loaded 2 times (x 81B)
Class com.google.common.collect.MapDifference                                         : loaded 2 times (x 70B)
Class com.google.common.reflect.Invokable                                             : loaded 2 times (x 103B)
Class com.google.common.collect.MapMaker$Dummy                                        : loaded 2 times (x 79B)
Class org.objectweb.asm.FieldWriter                                                   : loaded 2 times (x 78B)
Class com.google.common.cache.CacheBuilder$NullListener                               : loaded 2 times (x 82B)
Class org.gradle.internal.classpath.TransformedClassPath                              : loaded 2 times (x 96B)
Class org.gradle.internal.classloader.InstrumentingClassLoader                        : loaded 2 times (x 70B)
Class com.google.common.collect.ImmutableListMultimap                                 : loaded 2 times (x 176B)
Class com.google.common.reflect.Types$ParameterizedTypeImpl                           : loaded 2 times (x 81B)
Class com.google.common.collect.Maps$IteratorBasedAbstractMap$1                       : loaded 2 times (x 138B)
Class com.google.common.cache.CacheLoader$FunctionToCacheLoader                       : loaded 2 times (x 75B)
Class com.google.common.collect.Iterators$ArrayItr                                    : loaded 2 times (x 97B)
Class com.google.common.base.PairwiseEquivalence                                      : loaded 2 times (x 83B)
Class com.google.common.collect.EmptyImmutableListMultimap                            : loaded 2 times (x 176B)
Class com.google.common.reflect.TypeResolver$TypeVariableKey                          : loaded 2 times (x 72B)
Class com.google.common.collect.BaseImmutableMultimap                                 : loaded 2 times (x 123B)
Class com.google.common.base.Joiner                                                   : loaded 2 times (x 79B)
Class com.google.common.base.MoreObjects                                              : loaded 2 times (x 71B)
Class com.google.common.collect.Platform                                              : loaded 2 times (x 71B)
Class [Lorg.objectweb.asm.Type;                                                       : loaded 2 times (x 69B)
Class com.google.common.collect.UnmodifiableIterator                                  : loaded 2 times (x 80B)
Class org.gradle.internal.service.ServiceLocator                                      : loaded 2 times (x 70B)
Class jdk.internal.jrtfs.JrtFileSystemProvider                                        : loaded 2 times (x 101B)
Class com.google.common.collect.HashBiMap$BiEntry                                     : loaded 2 times (x 83B)
Class com.google.common.base.Ascii                                                    : loaded 2 times (x 71B)
Class com.google.common.collect.SingletonImmutableBiMap                               : loaded 2 times (x 143B)
Class com.google.common.cache.LocalCache$1                                            : loaded 2 times (x 89B)
Class com.google.common.collect.Iterators$SingletonIterator                           : loaded 2 times (x 81B)
Class com.google.common.collect.AbstractMapEntry                                      : loaded 2 times (x 81B)
Class ijJvmDebugger1_16b8f0ukp0za92z7s1yf7sl30                                        : loaded 2 times (x 171B)
Class com.google.common.reflect.TypeToken$SimpleTypeToken                             : loaded 2 times (x 73B)
Class com.google.common.collect.AbstractSetMultimap                                   : loaded 2 times (x 174B)
Class com.google.common.collect.MapMakerInternalMap$AbstractStrongKeyEntry            : loaded 2 times (x 80B)
Class com.google.common.collect.Sets$ImprovedAbstractSet                              : loaded 2 times (x 135B)
Class com.google.common.collect.ImmutableList$Builder                                 : loaded 2 times (x 77B)
Class com.google.common.collect.AbstractMultimap                                      : loaded 2 times (x 123B)
Class com.google.common.cache.LocalCache$2                                            : loaded 2 times (x 142B)
Class com.google.common.collect.RegularImmutableAsList                                : loaded 2 times (x 217B)
Class com.google.common.base.Optional                                                 : loaded 2 times (x 80B)
Class com.google.common.util.concurrent.AbstractFuture$Trusted                        : loaded 2 times (x 70B)
Class com.google.common.collect.Iterators                                             : loaded 2 times (x 71B)
Class jdk.internal.jimage.ImageLocation                                               : loaded 2 times (x 90B)
Class com.google.common.io.ByteSink$AsCharSink                                        : loaded 2 times (x 80B)
Class com.google.common.collect.Lists$StringAsImmutableList                           : loaded 2 times (x 207B)
Class com.google.common.util.concurrent.UncheckedExecutionException                   : loaded 2 times (x 82B)
Class org.gradle.kotlin.dsl.VersionCatalogAccessorsKt                                 : loaded 2 times (x 71B)
Class ijJvmDebugger1_16b8f0ukp0za92z7s1yf7sl30$_run_closure1                          : loaded 2 times (x 139B)
Class org.gradle.internal.InternalTransformer                                         : loaded 2 times (x 70B)
Class jdk.internal.jimage.ImageBufferCache$1                                          : loaded 2 times (x 83B)
Class com.google.common.collect.HashMultimapGwtSerializationDependencies              : loaded 2 times (x 174B)
Class com.google.common.collect.AbstractMapBasedMultimap$KeySet$1                     : loaded 2 times (x 82B)
Class org.objectweb.asm.ClassWriter                                                   : loaded 2 times (x 106B)
Class com.google.common.cache.CacheLoader$UnsupportedLoadingOperationException        : loaded 2 times (x 82B)
Class com.google.common.base.CharMatcher$And                                          : loaded 2 times (x 112B)
Class org.gradle.internal.classloader.ClasspathUtil$1                                 : loaded 2 times (x 76B)
Class jdk.internal.jimage.ImageBufferCache$2                                          : loaded 2 times (x 91B)
Class com.google.common.collect.FluentIterable$1                                      : loaded 2 times (x 81B)
Class com.google.common.base.Objects                                                  : loaded 2 times (x 71B)
Class org.objectweb.asm.FieldVisitor                                                  : loaded 2 times (x 77B)
Class com.google.common.collect.IndexedImmutableSet                                   : loaded 2 times (x 152B)
Class com.google.common.collect.ImmutableMap$1                                        : loaded 2 times (x 81B)
Class com.google.common.collect.BiMap                                                 : loaded 2 times (x 70B)
Class org.gradle.api.internal.classpath.DefaultModuleRegistry$DefaultModule           : loaded 2 times (x 86B)
Class com.google.common.reflect.Reflection                                            : loaded 2 times (x 71B)
Class com.google.common.base.Absent                                                   : loaded 2 times (x 80B)
Class com.google.common.collect.FluentIterable$2                                      : loaded 2 times (x 81B)
Class com.google.common.primitives.Ints                                               : loaded 2 times (x 71B)
Class com.google.common.collect.AbstractIterator                                      : loaded 2 times (x 82B)
Class com.google.common.collect.FluentIterable$3                                      : loaded 2 times (x 81B)
Class com.google.common.collect.ObjectArrays                                          : loaded 2 times (x 71B)
Class com.google.common.math.MathPreconditions                                        : loaded 2 times (x 71B)
Class com.google.common.collect.Multiset                                              : loaded 2 times (x 70B)
Class com.google.common.collect.ArrayListMultimapGwtSerializationDependencies         : loaded 2 times (x 172B)
Class com.google.common.collect.AbstractIndexedListIterator                           : loaded 2 times (x 96B)
Class com.google.common.collect.ImmutableMapEntrySet                                  : loaded 2 times (x 152B)
Class org.gradle.api.internal.classpath.Module                                        : loaded 2 times (x 70B)
Class com.google.common.cache.Weigher                                                 : loaded 2 times (x 70B)
Class org.gradle.api.internal.classpath.UnknownModuleException                        : loaded 2 times (x 82B)
Class jdk.internal.jimage.ImageHeader                                                 : loaded 2 times (x 71B)
Class com.google.common.base.Stopwatch                                                : loaded 2 times (x 72B)
Class com.google.common.cache.LocalCache$Strength                                     : loaded 2 times (x 81B)
Class com.google.common.cache.Cache                                                   : loaded 2 times (x 70B)
Class com.google.common.io.AppendableWriter                                           : loaded 2 times (x 100B)
Class com.google.common.base.NullnessCasts                                            : loaded 2 times (x 71B)
Class com.google.common.util.concurrent.AbstractFuture$Cancellation                   : loaded 2 times (x 72B)
Class com.google.common.collect.ImmutableMap$Builder                                  : loaded 2 times (x 82B)
Class com.google.common.collect.Maps$EntryFunction$1                                  : loaded 2 times (x 91B)
Class com.google.common.base.Present                                                  : loaded 2 times (x 81B)
Class com.google.common.collect.AbstractMapBasedMultimap$WrappedCollection$WrappedIterator: loaded 2 times (x 84B)
Class com.google.common.cache.RemovalListener                                         : loaded 2 times (x 70B)
Class org.gradle.api.internal.DefaultClassPathRegistry                                : loaded 2 times (x 76B)
Class com.google.common.collect.ImmutableMultimap$Keys                                : loaded 2 times (x 166B)
Class com.google.common.reflect.Invokable$ConstructorInvokable                        : loaded 2 times (x 107B)
Class com.google.common.collect.Maps$EntryFunction$2                                  : loaded 2 times (x 91B)
Class com.google.common.primitives.IntsMethodsForWeb                                  : loaded 2 times (x 71B)
Class com.google.common.collect.Multimap                                              : loaded 2 times (x 70B)
Class org.gradle.api.internal.ClassPathRegistry                                       : loaded 2 times (x 70B)
Class org.gradle.internal.classpath.DefaultClassPath$ImmutableUniqueList              : loaded 2 times (x 199B)
Class com.google.common.reflect.TypeToken                                             : loaded 2 times (x 73B)
Class com.google.common.collect.NullnessCasts                                         : loaded 2 times (x 71B)
Class com.google.common.base.ExtraObjectsMethodsForWeb                                : loaded 2 times (x 71B)
Class com.google.common.collect.MapMakerInternalMap$Segment                           : loaded 2 times (x 142B)
Class com.google.common.collect.ImmutableCollection$Builder                           : loaded 2 times (x 76B)
Class com.google.common.cache.RemovalCause                                            : loaded 2 times (x 80B)
Class com.google.common.io.ByteSink                                                   : loaded 2 times (x 76B)
Class com.google.common.cache.CacheBuilder                                            : loaded 2 times (x 72B)
Class com.google.common.collect.SingletonImmutableList                                : loaded 2 times (x 207B)
Class Settings_gradle$1                                                               : loaded 2 times (x 74B)
Class org.gradle.internal.classpath.ClassPath                                         : loaded 2 times (x 70B)
Class [Lcom.google.common.reflect.Types$JavaVersion;                                  : loaded 2 times (x 69B)
Class com.google.common.collect.Interners$InternerBuilder                             : loaded 2 times (x 76B)
Class com.google.common.io.Files$FileByteSource                                       : loaded 2 times (x 85B)
Class com.google.common.base.JdkPattern                                               : loaded 2 times (x 75B)
Class com.google.common.collect.ImmutableList$ReverseImmutableList                    : loaded 2 times (x 209B)
Class com.google.common.io.CharStreams$NullWriter                                     : loaded 2 times (x 99B)
Class org.objectweb.asm.SymbolTable$Entry                                             : loaded 2 times (x 74B)
Class jdk.internal.jimage.ImageStringsReader                                          : loaded 2 times (x 80B)
Class org.objectweb.asm.Edge                                                          : loaded 2 times (x 72B)
Class com.google.common.base.Suppliers$SupplierOfInstance                             : loaded 2 times (x 79B)
Class com.google.common.collect.Iterators$1                                           : loaded 2 times (x 81B)
Class com.google.common.reflect.TypeToken$1                                           : loaded 2 times (x 110B)
Class com.google.common.cache.LocalCache$ComputingValueReference                      : loaded 2 times (x 96B)
Class com.google.common.collect.SingletonImmutableSet                                 : loaded 2 times (x 146B)
Class com.google.common.collect.ImmutableMap$IteratorBasedImmutableMap                : loaded 2 times (x 126B)
Class jdk.internal.jimage.ImageReader                                                 : loaded 2 times (x 75B)
Class com.google.common.collect.AbstractMapBasedMultimap$AsMap$AsMapEntries           : loaded 2 times (x 138B)
Class com.google.common.reflect.TypeToken$2                                           : loaded 2 times (x 110B)
Class com.google.common.cache.LocalCache$Segment                                      : loaded 2 times (x 154B)
Class jdk.internal.jimage.ImageReader$SharedImageReader                               : loaded 2 times (x 95B)
Class com.google.common.collect.AbstractListMultimap                                  : loaded 2 times (x 172B)
Class [Lorg.objectweb.asm.SymbolTable$Entry;                                          : loaded 2 times (x 69B)
Class com.google.common.cache.CacheLoader                                             : loaded 2 times (x 74B)
Class com.google.common.collect.Iterators$4                                           : loaded 2 times (x 82B)
Class com.google.common.collect.ImmutableBiMap                                        : loaded 2 times (x 143B)
Class org.gradle.internal.installation.GradleInstallation$1                           : loaded 2 times (x 75B)
Class org.gradle.api.internal.classpath.ModuleRegistry                                : loaded 2 times (x 70B)
Class com.google.common.base.Splitter$SplittingIterator                               : loaded 2 times (x 84B)
Class com.google.common.collect.ImmutableSet$JdkBackedSetBuilderImpl                  : loaded 2 times (x 76B)
Class com.google.common.util.concurrent.internal.InternalFutureFailureAccess          : loaded 2 times (x 72B)
Class com.google.common.collect.Iterators$5                                           : loaded 2 times (x 82B)
Class com.google.common.collect.ImmutableMultimap$Values                              : loaded 2 times (x 126B)
Class com.google.common.collect.Iterators$6                                           : loaded 2 times (x 81B)
Class com.google.common.collect.HashBiMap$Inverse                                     : loaded 2 times (x 142B)
Class com.google.common.cache.LocalCache$LocalManualCache$1                           : loaded 2 times (x 75B)
Class com.google.common.base.CharMatcher$ForPredicate                                 : loaded 2 times (x 112B)
Class jdk.internal.jimage.ImageReader$Node                                            : loaded 2 times (x 84B)
Class com.google.common.base.CharMatcher$AnyOf                                        : loaded 2 times (x 112B)
Class com.google.common.collect.ImmutableCollection                                   : loaded 2 times (x 125B)
Class org.gradle.api.internal.classpath.DefaultModuleRegistry                         : loaded 2 times (x 86B)
Class jdk.internal.jimage.BasicImageReader$1                                          : loaded 2 times (x 77B)
Class com.google.common.collect.Lists                                                 : loaded 2 times (x 71B)
Class com.google.common.util.concurrent.ListenableFuture                              : loaded 2 times (x 70B)
Class com.google.common.cache.ReferenceEntry                                          : loaded 2 times (x 70B)
Class com.google.common.base.Converter                                                : loaded 2 times (x 90B)
Class com.google.common.collect.ImmutableSet$CachingAsList                            : loaded 2 times (x 148B)
Class com.google.common.collect.AbstractMapBasedMultimap                              : loaded 2 times (x 139B)
Class com.google.common.util.concurrent.AbstractFuture                                : loaded 2 times (x 106B)
Class com.google.common.base.FunctionalEquivalence                                    : loaded 2 times (x 83B)
Class com.google.common.collect.Iterators$9                                           : loaded 2 times (x 81B)
Class com.google.common.collect.ImmutableAsList                                       : loaded 2 times (x 209B)
Class com.google.common.io.CharStreams                                                : loaded 2 times (x 71B)
Class com.google.common.collect.ImmutableMultiset                                     : loaded 2 times (x 163B)
Class com.google.common.reflect.TypeResolver$TypeTable                                : loaded 2 times (x 73B)
Class org.objectweb.asm.RecordComponentVisitor                                        : loaded 2 times (x 77B)
Class com.google.common.cache.CacheLoader$SupplierToCacheLoader                       : loaded 2 times (x 75B)
Class jdk.internal.jimage.decompressor.Decompressor                                   : loaded 2 times (x 72B)
Class com.google.common.reflect.TypeResolver$TypeTable$1                              : loaded 2 times (x 73B)
Class com.google.common.collect.Maps$EntryTransformer                                 : loaded 2 times (x 70B)
Class org.gradle.internal.service.ServiceLookupException                              : loaded 2 times (x 82B)
Class com.google.common.collect.Lists$ReverseList                                     : loaded 2 times (x 200B)
Class [Lcom.google.common.cache.LocalCache$EntryFactory;                              : loaded 2 times (x 69B)
Class ijJvmDebugger1_16b8f0ukp0za92z7s1yf7sl30$_run_closure1$_closure2                : loaded 2 times (x 140B)
Class org.gradle.internal.classloader.ClassLoaderFactory                              : loaded 2 times (x 70B)
Class com.google.common.collect.ImmutableMap$SerializedForm                           : loaded 2 times (x 73B)
Class com.google.common.base.CommonPattern                                            : loaded 2 times (x 74B)
Class com.google.common.cache.LocalCache$LocalManualCache                             : loaded 2 times (x 99B)
Class com.google.common.base.CharMatcher$IsNot                                        : loaded 2 times (x 111B)
Class org.gradle.internal.service.CachingServiceLocator                               : loaded 2 times (x 82B)
Class com.google.common.collect.AbstractMapBasedMultimap$KeySet                       : loaded 2 times (x 137B)
Class com.google.common.math.IntMath                                                  : loaded 2 times (x 71B)
Class com.google.common.reflect.Types$TypeVariableInvocationHandler                   : loaded 2 times (x 75B)
Class [Lcom.google.common.collect.HashBiMap$BiEntry;                                  : loaded 2 times (x 69B)
Class com.google.common.collect.MapMakerInternalMap$InternalEntry                     : loaded 2 times (x 70B)
Class com.google.common.collect.ImmutableMapEntry                                     : loaded 2 times (x 85B)
Class com.google.common.base.Predicates                                               : loaded 2 times (x 71B)
Class com.google.common.collect.ImmutableMultimap                                     : loaded 2 times (x 147B)
Class com.google.common.base.Equivalence                                              : loaded 2 times (x 82B)
Class com.google.common.base.Function                                                 : loaded 2 times (x 70B)
Class com.google.common.collect.ImmutableMapEntry$NonTerminalImmutableMapEntry        : loaded 2 times (x 85B)
Class com.google.common.collect.IndexedImmutableSet$1                                 : loaded 2 times (x 213B)
Class com.google.common.cache.CacheBuilder$OneWeigher                                 : loaded 2 times (x 82B)
Class com.google.common.collect.RegularImmutableList                                  : loaded 2 times (x 213B)
Class jdk.internal.jimage.ImageBufferCache                                            : loaded 2 times (x 71B)
Class jdk.internal.jrtfs.JrtPath                                                      : loaded 2 times (x 118B)
Class com.google.common.reflect.Types$ClassOwnership$1LocalClass                      : loaded 2 times (x 71B)
Class com.google.common.collect.Maps$EntryFunction                                    : loaded 2 times (x 91B)
Class org.gradle.internal.classloader.ClasspathUtil                                   : loaded 2 times (x 71B)
Class com.google.common.util.concurrent.Uninterruptibles                              : loaded 2 times (x 71B)
Class com.google.common.collect.AbstractMapBasedMultimap$WrappedSet                   : loaded 2 times (x 142B)
Class com.google.common.util.concurrent.LazyLogger                                    : loaded 2 times (x 72B)
Class com.google.common.collect.Maps                                                  : loaded 2 times (x 71B)
Class org.gradle.api.specs.Spec                                                       : loaded 2 times (x 70B)
Class com.google.common.reflect.Types$JavaVersion                                     : loaded 2 times (x 83B)
Class com.google.common.collect.MapMaker                                              : loaded 2 times (x 72B)
Class [Lcom.google.common.collect.ImmutableEntry;                                     : loaded 2 times (x 69B)
Class com.google.common.cache.LocalCache$LoadingValueReference                        : loaded 2 times (x 96B)
Class com.google.common.io.LineReader$1                                               : loaded 2 times (x 75B)
Class com.google.common.collect.CollectSpliterators                                   : loaded 2 times (x 71B)
Class com.google.common.collect.AbstractMapBasedMultimap$AsMap                        : loaded 2 times (x 128B)
Class com.google.common.reflect.Invokable$MethodInvokable                             : loaded 2 times (x 107B)
Class com.google.common.collect.MapMakerInternalMap$StrongKeyDummyValueEntry          : loaded 2 times (x 82B)
Class com.google.common.base.Platform                                                 : loaded 2 times (x 71B)
Class jdk.internal.jimage.ImageReader$Directory                                       : loaded 2 times (x 84B)
Class com.google.common.collect.AbstractMapBasedMultimap$WrappedList                  : loaded 2 times (x 205B)
Class [Lorg.objectweb.asm.AnnotationWriter;                                           : loaded 2 times (x 69B)
Class com.google.common.collect.Maps$8                                                : loaded 2 times (x 82B)
Class com.google.common.base.Predicates$CompositionPredicate                          : loaded 2 times (x 88B)
Class [Lcom.google.common.collect.Iterators$EmptyModifiableIterator;                  : loaded 2 times (x 69B)
Class com.google.common.collect.Lists$ReverseList$1                                   : loaded 2 times (x 99B)
Class com.google.common.collect.Sets$SetView                                          : loaded 2 times (x 138B)
Class com.google.common.cache.LocalCache$StrongValueReference                         : loaded 2 times (x 90B)
Class com.google.common.graph.SuccessorsFunction                                      : loaded 2 times (x 70B)
Class org.objectweb.asm.Type                                                          : loaded 2 times (x 72B)
Class org.gradle.internal.classloader.VisitableURLClassLoader$InstrumentingVisitableURLClassLoader: loaded 2 times (x 123B)
Class com.google.common.collect.MapMakerInternalMap$StrongKeyDummyValueEntry$Helper   : loaded 2 times (x 79B)
Class com.google.common.io.Files$FileByteSink                                         : loaded 2 times (x 77B)
Class com.google.common.math.IntMath$1                                                : loaded 2 times (x 71B)
Class org.objectweb.asm.ByteVector                                                    : loaded 2 times (x 79B)
Class [Lcom.google.common.cache.CacheBuilder$NullListener;                            : loaded 2 times (x 69B)
Class org.gradle.internal.classloader.VisitableURLClassLoader$Spec                    : loaded 2 times (x 74B)
Class org.gradle.internal.classpath.DefaultClassPath                                  : loaded 2 times (x 90B)
Class com.google.common.reflect.Types$ClassOwnership                                  : loaded 2 times (x 80B)
Class com.google.common.base.AbstractIterator                                         : loaded 2 times (x 80B)
Class org.objectweb.asm.Symbol                                                        : loaded 2 times (x 73B)
Class com.google.common.io.Java8Compatibility                                         : loaded 2 times (x 71B)
Class com.google.common.collect.Sets$FilteredSet                                      : loaded 2 times (x 137B)
Class com.google.common.io.Closer                                                     : loaded 2 times (x 78B)
Class com.google.common.base.CharMatcher$BitSetMatcher                                : loaded 2 times (x 112B)
Class com.google.common.collect.RegularImmutableMap$Values                            : loaded 2 times (x 207B)
Class com.google.common.collect.ImmutableSet                                          : loaded 2 times (x 145B)
Class org.gradle.internal.classloader.ClassLoaderSpec                                 : loaded 2 times (x 71B)
Class org.objectweb.asm.AnnotationWriter                                              : loaded 2 times (x 79B)
Class com.google.common.cache.CacheStats                                              : loaded 2 times (x 71B)
Class com.google.common.collect.ImmutableMultisetGwtSerializationDependencies         : loaded 2 times (x 125B)
Class com.google.common.collect.Interners                                             : loaded 2 times (x 71B)
Class com.google.common.io.Closer$Suppressor                                          : loaded 2 times (x 70B)
Class com.google.common.io.LineProcessor                                              : loaded 2 times (x 70B)
Class org.objectweb.asm.RecordComponentWriter                                         : loaded 2 times (x 78B)
Class com.google.common.util.concurrent.AbstractFuture$Listener                       : loaded 2 times (x 72B)
Class com.google.common.base.CharMatcher$Or                                           : loaded 2 times (x 112B)
Class Settings_gradle$1$1                                                             : loaded 2 times (x 74B)
Class org.objectweb.asm.Attribute                                                     : loaded 2 times (x 77B)
Class com.google.common.base.Supplier                                                 : loaded 2 times (x 70B)
Class org.gradle.internal.classloader.VisitableURLClassLoader                         : loaded 2 times (x 117B)
Class com.google.common.collect.ImmutableList$SerializedForm                          : loaded 2 times (x 73B)
Class Settings_gradle                                                                 : loaded 2 times (x 124B)
Class org.gradle.internal.Cast                                                        : loaded 2 times (x 71B)
Class org.gradle.api.Action                                                           : loaded 2 times (x 70B)
Class com.google.common.collect.HashBiMap                                             : loaded 2 times (x 143B)
Class com.google.common.collect.MapMakerInternalMap                                   : loaded 2 times (x 161B)
Class com.google.common.base.Strings                                                  : loaded 2 times (x 71B)
Class com.google.common.collect.Sets                                                  : loaded 2 times (x 71B)
Class org.objectweb.asm.Handler                                                       : loaded 2 times (x 72B)
Class com.google.common.base.Ticker                                                   : loaded 2 times (x 72B)
Class com.google.common.base.CharMatcher$FastMatcher                                  : loaded 2 times (x 111B)
Class com.google.common.cache.RemovalCause$1                                          : loaded 2 times (x 80B)
Class [Lcom.google.common.cache.LocalCache$Segment;                                   : loaded 2 times (x 69B)
Class [Lcom.google.common.cache.LocalCache$Strength;                                  : loaded 2 times (x 69B)
Class com.google.common.cache.CacheBuilder$1                                          : loaded 2 times (x 85B)
Class com.google.common.base.Predicate                                                : loaded 2 times (x 70B)
Class com.google.common.collect.ImmutableMap                                          : loaded 2 times (x 120B)
Class org.gradle.internal.classpath.DefaultClassPath$ImmutableUniqueList$Builder      : loaded 2 times (x 75B)
Class com.google.common.cache.RemovalCause$2                                          : loaded 2 times (x 80B)
Class com.google.common.collect.MapMakerInternalMap$WeakValueReference                : loaded 2 times (x 70B)
Class com.google.common.cache.LocalCache                                              : loaded 2 times (x 187B)
Class com.google.common.cache.CacheBuilder$2                                          : loaded 2 times (x 79B)
Class com.google.common.base.CharMatcher$NegatedFastMatcher                           : loaded 2 times (x 113B)
Class com.google.common.cache.RemovalCause$3                                          : loaded 2 times (x 80B)
Class com.google.common.collect.ArrayListMultimap                                     : loaded 2 times (x 172B)
Class com.google.common.cache.CacheBuilder$3                                          : loaded 2 times (x 72B)
Class [Lcom.google.common.collect.AbstractMapEntry;                                   : loaded 2 times (x 69B)
Class com.google.common.collect.ImmutableEntry                                        : loaded 2 times (x 82B)
Class org.gradle.api.GradleException                                                  : loaded 2 times (x 82B)
Class jdk.internal.jimage.ImageStrings                                                : loaded 2 times (x 70B)
Class com.google.common.cache.RemovalCause$4                                          : loaded 2 times (x 80B)
Class com.google.common.base.Suppliers$MemoizingSupplier                              : loaded 2 times (x 79B)
Class com.google.common.collect.CollectPreconditions                                  : loaded 2 times (x 71B)
Class com.google.common.cache.RemovalCause$5                                          : loaded 2 times (x 80B)
Class com.google.common.collect.Maps$AbstractFilteredMap                              : loaded 2 times (x 127B)
Class [Lcom.google.common.collect.MapMakerInternalMap$Strength;                       : loaded 2 times (x 69B)
Class [Lcom.google.common.io.FileWriteMode;                                           : loaded 2 times (x 69B)
Class com.google.common.collect.SortedMapDifference                                   : loaded 2 times (x 70B)
Class com.google.common.collect.Iterables$4                                           : loaded 2 times (x 81B)
Class com.google.common.cache.LocalCache$WriteThroughEntry                            : loaded 2 times (x 79B)
Class com.google.common.cache.LocalCache$HashIterator                                 : loaded 2 times (x 86B)
Class com.google.common.collect.MapMakerInternalMap$StrongKeyDummyValueSegment        : loaded 2 times (x 142B)
Class com.google.common.io.Files                                                      : loaded 2 times (x 71B)
Class com.google.common.cache.LocalCache$EntryFactory                                 : loaded 2 times (x 83B)
Class com.google.common.reflect.Types$NativeTypeVariableEquals                        : loaded 2 times (x 71B)
Class com.google.common.reflect.TypeParameter                                         : loaded 2 times (x 72B)
Class com.google.common.collect.Iterables$5                                           : loaded 2 times (x 81B)
Class [Lcom.google.common.collect.MapMaker$Dummy;                                     : loaded 2 times (x 69B)
Class com.google.common.base.CharMatcher$Whitespace                                   : loaded 2 times (x 112B)
Class com.google.common.cache.LocalCache$AbstractReferenceEntry                       : loaded 2 times (x 107B)
Class org.gradle.internal.IoActions                                                   : loaded 2 times (x 71B)
Class com.google.common.collect.ImmutableMapKeySet                                    : loaded 2 times (x 152B)
Class org.objectweb.asm.SymbolTable                                                   : loaded 2 times (x 72B)
Class com.google.common.cache.CacheLoader$InvalidCacheLoadException                   : loaded 2 times (x 82B)
Class com.google.common.collect.ImmutableSet$RegularSetBuilderImpl                    : loaded 2 times (x 77B)
Class org.gradle.internal.classloader.SystemClassLoaderSpec                           : loaded 2 times (x 71B)
Class com.google.common.collect.FluentIterable                                        : loaded 2 times (x 81B)
Class com.google.common.cache.LocalCache$StrongEntry                                  : loaded 2 times (x 108B)
Class com.google.common.util.concurrent.AbstractFuture$TrustedFuture                  : loaded 2 times (x 114B)
Class com.google.common.cache.LoadingCache                                            : loaded 2 times (x 70B)
Class jdk.internal.jrtfs.JrtFileSystem                                                : loaded 2 times (x 102B)
Class com.google.common.io.ByteStreams$LimitedInputStream                             : loaded 2 times (x 92B)
Class com.google.common.base.Suppliers$NonSerializableMemoizingSupplier               : loaded 2 times (x 79B)
Class org.objectweb.asm.MethodWriter                                                  : loaded 2 times (x 106B)
Class [Lcom.google.common.cache.Weigher;                                              : loaded 2 times (x 69B)
Class com.google.common.collect.RegularImmutableMap$BucketOverflowException           : loaded 2 times (x 82B)
Class com.google.common.collect.ImmutableMultimap$1                                   : loaded 2 times (x 82B)
Class com.google.common.collect.AbstractMapBasedMultimap$RandomAccessWrappedList      : loaded 2 times (x 205B)
Class com.google.common.collect.ImmutableMultimap$2                                   : loaded 2 times (x 81B)
Class com.google.common.reflect.Types$JavaVersion$1                                   : loaded 2 times (x 83B)
Class com.google.common.collect.AbstractIterator$State                                : loaded 2 times (x 79B)
Class com.google.common.collect.RegularImmutableBiMap                                 : loaded 2 times (x 149B)
Class com.google.common.cache.LocalCache$ValueReference                               : loaded 2 times (x 70B)
Class com.google.common.base.CharMatcher$Is                                           : loaded 2 times (x 111B)
Class com.google.common.base.CharMatcher$Negated                                      : loaded 2 times (x 113B)
Class com.google.common.reflect.Types$JavaVersion$2                                   : loaded 2 times (x 83B)
Class com.google.common.reflect.Types                                                 : loaded 2 times (x 71B)
Class com.google.common.hash.PrimitiveSink                                            : loaded 2 times (x 70B)
Class com.google.common.base.PatternCompiler                                          : loaded 2 times (x 70B)
Class com.google.common.util.concurrent.AbstractFuture$Failure                        : loaded 2 times (x 72B)
Class com.google.common.base.Equivalence$Equals                                       : loaded 2 times (x 82B)
Class com.google.common.collect.Hashing                                               : loaded 2 times (x 71B)
Class com.google.common.base.Preconditions                                            : loaded 2 times (x 71B)
Class com.google.common.reflect.Types$JavaVersion$3                                   : loaded 2 times (x 83B)
Class com.google.common.collect.ImmutableSetMultimap                                  : loaded 2 times (x 180B)
Class com.google.common.io.CharSink                                                   : loaded 2 times (x 79B)
Class com.google.common.base.Joiner$1                                                 : loaded 2 times (x 80B)
Class org.objectweb.asm.Label                                                         : loaded 2 times (x 73B)
Class org.objectweb.asm.CurrentFrame                                                  : loaded 2 times (x 73B)
Class org.objectweb.asm.ClassTooLargeException                                        : loaded 2 times (x 83B)
Class com.google.common.base.CharMatcher                                              : loaded 2 times (x 111B)
Class com.google.common.collect.PeekingIterator                                       : loaded 2 times (x 70B)
Class com.google.common.reflect.Types$JavaVersion$4                                   : loaded 2 times (x 83B)
Class com.google.common.collect.MapMakerInternalMap$InternalEntryHelper               : loaded 2 times (x 70B)
Class com.google.common.collect.Maps$IteratorBasedAbstractMap                         : loaded 2 times (x 125B)
Class com.google.common.collect.Table                                                 : loaded 2 times (x 70B)
Class com.google.common.base.Joiner$2                                                 : loaded 2 times (x 79B)
Class org.objectweb.asm.Frame                                                         : loaded 2 times (x 73B)
Class org.objectweb.asm.MethodVisitor                                                 : loaded 2 times (x 105B)
Class com.google.common.cache.LocalCache$EntryFactory$1                               : loaded 2 times (x 83B)
Class [Lcom.google.common.cache.RemovalListener;                                      : loaded 2 times (x 69B)
Class com.google.common.base.CharMatcher$NamedFastMatcher                             : loaded 2 times (x 112B)
Class com.google.common.base.CharMatcher$1                                            : loaded 2 times (x 113B)
Class com.google.common.reflect.Types$JavaVersion$5                                   : loaded 2 times (x 71B)
Class [Lcom.google.common.reflect.Types$ClassOwnership;                               : loaded 2 times (x 69B)
Class com.google.common.cache.LocalCache$EntryFactory$2                               : loaded 2 times (x 83B)
Class org.gradle.api.internal.classpath.GlobalCacheRootsProvider                      : loaded 2 times (x 70B)
Class org.objectweb.asm.ModuleWriter                                                  : loaded 2 times (x 82B)
Class com.google.common.cache.LocalCache$EntryFactory$3                               : loaded 2 times (x 83B)
Class com.google.common.base.Ticker$1                                                 : loaded 2 times (x 72B)
Class com.google.common.collect.Maps$BiMapConverter                                   : loaded 2 times (x 90B)
Class com.google.common.collect.ImmutableMapEntrySet$RegularEntrySet                  : loaded 2 times (x 152B)
Class com.google.common.collect.CollectSpliterators$1                                 : loaded 2 times (x 90B)
Class com.google.common.collect.SetMultimap                                           : loaded 2 times (x 70B)
Class com.google.common.collect.ImmutableSet$Builder                                  : loaded 2 times (x 85B)
Class com.google.common.cache.LocalCache$EntryFactory$4                               : loaded 2 times (x 83B)
Class com.google.common.base.CharMatcher$InRange                                      : loaded 2 times (x 111B)
Class com.google.common.io.ByteStreams$1                                              : loaded 2 times (x 85B)
Class com.google.common.cache.LocalCache$EntryFactory$5                               : loaded 2 times (x 83B)
Class com.google.common.io.LineReader                                                 : loaded 2 times (x 72B)
Class com.google.common.collect.HashMultimap                                          : loaded 2 times (x 174B)
Class com.google.common.cache.LocalCache$EntryFactory$6                               : loaded 2 times (x 83B)
Class org.gradle.internal.installation.CurrentGradleInstallationLocator               : loaded 2 times (x 71B)
Class com.google.common.collect.ImmutableMultimap$Builder                             : loaded 2 times (x 86B)
Class com.google.common.collect.Maps$KeySet                                           : loaded 2 times (x 137B)
Class com.google.common.collect.ImmutableSet$EmptySetBuilderImpl                      : loaded 2 times (x 76B)
Class com.google.common.cache.LocalCache$EntryFactory$7                               : loaded 2 times (x 83B)
Class com.google.common.collect.ImmutableList                                         : loaded 2 times (x 206B)
Class ijKotlinCoroutineJvmDebugInit1_3r555txrkec48jksjum4n4vky                        : loaded 2 times (x 171B)
Class org.gradle.internal.service.DefaultServiceLocator                               : loaded 2 times (x 83B)
Class com.google.common.collect.ImmutableMultimap$EntryCollection                     : loaded 2 times (x 128B)
Class com.google.common.cache.LocalCache$SoftValueReference                           : loaded 2 times (x 97B)
Class com.google.common.collect.Maps$EntrySet                                         : loaded 2 times (x 136B)
Class com.google.common.cache.LocalCache$EntryFactory$8                               : loaded 2 times (x 83B)
Class com.google.common.collect.ImmutableSet$SetBuilderImpl                           : loaded 2 times (x 76B)
Class org.gradle.internal.installation.CurrentGradleInstallation                      : loaded 2 times (x 73B)
Class com.google.common.cache.CacheLoader$1                                           : loaded 2 times (x 75B)
Class com.google.common.collect.ForwardingObject                                      : loaded 2 times (x 72B)
Class com.google.common.collect.ImmutableList$SubList                                 : loaded 2 times (x 209B)
Class org.gradle.util.internal.GUtil                                                  : loaded 2 times (x 71B)
Class com.google.common.io.ByteSource                                                 : loaded 2 times (x 84B)
Class com.google.common.cache.AbstractCache$StatsCounter                              : loaded 2 times (x 70B)
Class com.google.common.io.LineBuffer                                                 : loaded 2 times (x 75B)
Class com.google.common.reflect.Types$TypeVariableImpl                                : loaded 2 times (x 72B)
Class com.google.common.collect.MapMakerInternalMap$1                                 : loaded 2 times (x 83B)
Class com.google.common.collect.Iterators$MergingIterator                             : loaded 2 times (x 81B)
Class com.google.common.collect.RegularImmutableSet                                   : loaded 2 times (x 149B)
Class org.gradle.internal.installation.GradleInstallation                             : loaded 2 times (x 75B)
Class com.google.common.base.Splitter$Strategy                                        : loaded 2 times (x 70B)
Class com.google.common.collect.Iterables                                             : loaded 2 times (x 71B)
Class com.google.common.collect.Lists$RandomAccessReverseList                         : loaded 2 times (x 200B)

---------------  S Y S T E M  ---------------

OS:
 Windows 11 , 64 bit Build 26100 (10.0.26100.7705)
OS uptime: 0 days 1:25 hours
Hyper-V role detected

CPU: total 16 (initial active 16) (8 cores per cpu, 2 threads per core) family 6 model 154 stepping 3 microcode 0x437, cx8, cmov, fxsr, ht, mmx, 3dnowpref, sse, sse2, sse3, ssse3, sse4.1, sse4.2, popcnt, lzcnt, tsc, tscinvbit, avx, avx2, aes, erms, clmul, bmi1, bmi2, adx, sha, fma, vzeroupper, clflush, clflushopt, clwb, hv, serialize, rdtscp, rdpid, fsrm, f16c, cet_ibt, cet_ss
Processor Information for the first 16 processors :
  Max Mhz: 2500, Current Mhz: 2500, Mhz Limit: 2500

Memory: 4k page, system-wide physical 16068M (910M free)
TotalPageFile size 16068M (AvailPageFile size 3M)
current process WorkingSet (physical memory assigned to process): 820M, peak: 821M
current process commit charge ("private bytes"): 862M, peak: 865M

vm_info: OpenJDK 64-Bit Server VM (21.0.8+-14196175-b1038.72) for windows-amd64 JRE (21.0.8+-14196175-b1038.72), built on 2025-10-01T10:24:33Z by "builder" with MS VC++ 16.10 / 16.11 (VS2019)

END.
